movie_url,Scrape_Category
https://www.imdb.com/title/tt10539608/,Mid Rated
https://www.imdb.com/title/tt1798709/,Mid Rated
https://www.imdb.com/title/tt7144666/,Mid Rated
https://www.imdb.com/title/tt0795368/,Mid Rated
https://www.imdb.com/title/tt1034331/,Mid Rated
https://www.imdb.com/title/tt0362120/,Mid Rated
https://www.imdb.com/title/tt0391304/,Mid Rated
https://www.imdb.com/title/tt0970179/,Mid Rated
https://www.imdb.com/title/tt0318627/,Mid Rated
https://www.imdb.com/title/tt2180339/,Mid Rated
https://www.imdb.com/title/tt0230600/,Mid Rated
https://www.imdb.com/title/tt14641788/,Mid Rated
https://www.imdb.com/title/tt2103281/,Mid Rated
https://www.imdb.com/title/tt1632708/,Mid Rated
https://www.imdb.com/title/tt2223990/,Mid Rated
https://www.imdb.com/title/tt3829920/,Mid Rated
https://www.imdb.com/title/tt4575576/,Mid Rated
https://www.imdb.com/title/tt1179056/,Mid Rated
https://www.imdb.com/title/tt0457400/,Mid Rated
https://www.imdb.com/title/tt3799232/,Mid Rated
https://www.imdb.com/title/tt15474916/,Mid Rated
https://www.imdb.com/title/tt0970452/,Mid Rated
https://www.imdb.com/title/tt0414982/,Mid Rated
https://www.imdb.com/title/tt0290095/,Mid Rated
https://www.imdb.com/title/tt1020558/,Mid Rated
https://www.imdb.com/title/tt6334354/,Mid Rated
https://www.imdb.com/title/tt8291806/,Mid Rated
https://www.imdb.com/title/tt6571548/,Mid Rated
https://www.imdb.com/title/tt10731256/,Mid Rated
https://www.imdb.com/title/tt0369339/,Mid Rated
https://www.imdb.com/title/tt1473832/,Mid Rated
https://www.imdb.com/title/tt0795351/,Mid Rated
https://www.imdb.com/title/tt0892782/,Mid Rated
https://www.imdb.com/title/tt10342730/,Mid Rated
https://www.imdb.com/title/tt10370710/,Mid Rated
https://www.imdb.com/title/tt0480025/,Mid Rated
https://www.imdb.com/title/tt2199571/,Mid Rated
https://www.imdb.com/title/tt4126476/,Mid Rated
https://www.imdb.com/title/tt1446714/,Mid Rated
https://www.imdb.com/title/tt1210819/,Mid Rated
https://www.imdb.com/title/tt0398712/,Mid Rated
https://www.imdb.com/title/tt0298130/,Mid Rated
https://www.imdb.com/title/tt1637706/,Mid Rated
https://www.imdb.com/title/tt0218839/,Mid Rated
https://www.imdb.com/title/tt0203119/,Mid Rated
https://www.imdb.com/title/tt1675192/,Mid Rated
https://www.imdb.com/title/tt0351283/,Mid Rated
https://www.imdb.com/title/tt6628394/,Mid Rated
https://www.imdb.com/title/tt0190138/,Mid Rated
https://www.imdb.com/title/tt1343727/,Mid Rated
https://www.imdb.com/title/tt1448755/,Mid Rated
https://www.imdb.com/title/tt0130623/,Mid Rated
https://www.imdb.com/title/tt2140373/,Mid Rated
https://www.imdb.com/title/tt0349205/,Mid Rated
https://www.imdb.com/title/tt13238346/,Mid Rated
https://www.imdb.com/title/tt0988595/,Mid Rated
https://www.imdb.com/title/tt0251127/,Mid Rated
https://www.imdb.com/title/tt15428134/,Mid Rated
https://www.imdb.com/title/tt1041829/,Mid Rated
https://www.imdb.com/title/tt2527338/,Mid Rated
https://www.imdb.com/title/tt1267297/,Mid Rated
https://www.imdb.com/title/tt13274016/,Mid Rated
https://www.imdb.com/title/tt3731562/,Mid Rated
https://www.imdb.com/title/tt0314353/,Mid Rated
https://www.imdb.com/title/tt1323594/,Mid Rated
https://www.imdb.com/title/tt1711425/,Mid Rated
https://www.imdb.com/title/tt0467197/,Mid Rated
https://www.imdb.com/title/tt29268110/,Mid Rated
https://www.imdb.com/title/tt3794354/,Mid Rated
https://www.imdb.com/title/tt0206314/,Mid Rated
https://www.imdb.com/title/tt1355644/,Mid Rated
https://www.imdb.com/title/tt11655202/,Mid Rated
https://www.imdb.com/title/tt11358390/,Mid Rated
https://www.imdb.com/title/tt1001526/,Mid Rated
https://www.imdb.com/title/tt1135084/,Mid Rated
https://www.imdb.com/title/tt1116184/,Mid Rated
https://www.imdb.com/title/tt1046173/,Mid Rated
https://www.imdb.com/title/tt1600195/,Mid Rated
https://www.imdb.com/title/tt0389722/,Mid Rated
https://www.imdb.com/title/tt0369610/,Mid Rated
https://www.imdb.com/title/tt11271038/,Mid Rated
https://www.imdb.com/title/tt0277371/,Mid Rated
https://www.imdb.com/title/tt0335245/,Mid Rated
https://www.imdb.com/title/tt0430922/,Mid Rated
https://www.imdb.com/title/tt5688932/,Mid Rated
https://www.imdb.com/title/tt2039393/,Mid Rated
https://www.imdb.com/title/tt3316960/,Mid Rated
https://www.imdb.com/title/tt0386032/,Mid Rated
https://www.imdb.com/title/tt0372824/,Mid Rated
https://www.imdb.com/title/tt0442933/,Mid Rated
https://www.imdb.com/title/tt1034389/,Mid Rated
https://www.imdb.com/title/tt0338337/,Mid Rated
https://www.imdb.com/title/tt0368909/,Mid Rated
https://www.imdb.com/title/tt1547234/,Mid Rated
https://www.imdb.com/title/tt1586752/,Mid Rated
https://www.imdb.com/title/tt0758774/,Mid Rated
https://www.imdb.com/title/tt3960412/,Mid Rated
https://www.imdb.com/title/tt1856101/,Mid Rated
https://www.imdb.com/title/tt7126948/,Mid Rated
https://www.imdb.com/title/tt1440728/,Mid Rated
https://www.imdb.com/title/tt1587707/,Mid Rated
https://www.imdb.com/title/tt0274166/,Mid Rated
https://www.imdb.com/title/tt0200550/,Mid Rated
https://www.imdb.com/title/tt2177771/,Mid Rated
https://www.imdb.com/title/tt0360717/,Mid Rated
https://www.imdb.com/title/tt0195685/,Mid Rated
https://www.imdb.com/title/tt0409847/,Mid Rated
https://www.imdb.com/title/tt2274648/,Mid Rated
https://www.imdb.com/title/tt0333766/,Mid Rated
https://www.imdb.com/title/tt12003946/,Mid Rated
https://www.imdb.com/title/tt4225622/,Mid Rated
https://www.imdb.com/title/tt0962736/,Mid Rated
https://www.imdb.com/title/tt1515091/,Mid Rated
https://www.imdb.com/title/tt2025690/,Mid Rated
https://www.imdb.com/title/tt8695030/,Mid Rated
https://www.imdb.com/title/tt3513498/,Mid Rated
https://www.imdb.com/title/tt4998632/,Mid Rated
https://www.imdb.com/title/tt1692486/,Mid Rated
https://www.imdb.com/title/tt1220719/,Mid Rated
https://www.imdb.com/title/tt1059786/,Mid Rated
https://www.imdb.com/title/tt0257044/,Mid Rated
https://www.imdb.com/title/tt13314558/,Mid Rated
https://www.imdb.com/title/tt5672290/,Mid Rated
https://www.imdb.com/title/tt2906216/,Mid Rated
https://www.imdb.com/title/tt0465580/,Mid Rated
https://www.imdb.com/title/tt11866324/,Mid Rated
https://www.imdb.com/title/tt1509767/,Mid Rated
https://www.imdb.com/title/tt1974419/,Mid Rated
https://www.imdb.com/title/tt0361596/,Mid Rated
https://www.imdb.com/title/tt13622970/,Mid Rated
https://www.imdb.com/title/tt2194499/,Mid Rated
https://www.imdb.com/title/tt5758778/,Mid Rated
https://www.imdb.com/title/tt1235124/,Mid Rated
https://www.imdb.com/title/tt1142977/,Mid Rated
https://www.imdb.com/title/tt1179904/,Mid Rated
https://www.imdb.com/title/tt10638522/,Mid Rated
https://www.imdb.com/title/tt0340163/,Mid Rated
https://www.imdb.com/title/tt9639470/,Mid Rated
https://www.imdb.com/title/tt8009428/,Mid Rated
https://www.imdb.com/title/tt4682266/,Mid Rated
https://www.imdb.com/title/tt0348333/,Mid Rated
https://www.imdb.com/title/tt1262426/,Mid Rated
https://www.imdb.com/title/tt4169250/,Mid Rated
https://www.imdb.com/title/tt1024648/,Mid Rated
https://www.imdb.com/title/tt2873282/,Mid Rated
https://www.imdb.com/title/tt0250797/,Mid Rated
https://www.imdb.com/title/tt0292490/,Mid Rated
https://www.imdb.com/title/tt1226753/,Mid Rated
https://www.imdb.com/title/tt0365830/,Mid Rated
https://www.imdb.com/title/tt0472181/,Mid Rated
https://www.imdb.com/title/tt0190332/,Mid Rated
https://www.imdb.com/title/tt1512235/,Mid Rated
https://www.imdb.com/title/tt6263850/,Mid Rated
https://www.imdb.com/title/tt3460252/,Mid Rated
https://www.imdb.com/title/tt1007029/,Mid Rated
https://www.imdb.com/title/tt1684562/,Mid Rated
https://www.imdb.com/title/tt0389557/,Mid Rated
https://www.imdb.com/title/tt10288566/,Mid Rated
https://www.imdb.com/title/tt2381249/,Mid Rated
https://www.imdb.com/title/tt6048922/,Mid Rated
https://www.imdb.com/title/tt3488710/,Mid Rated
https://www.imdb.com/title/tt0120681/,Mid Rated
https://www.imdb.com/title/tt3040964/,Mid Rated
https://www.imdb.com/title/tt0364725/,Mid Rated
https://www.imdb.com/title/tt4218572/,Mid Rated
https://www.imdb.com/title/tt13751694/,Mid Rated
https://www.imdb.com/title/tt1655420/,Mid Rated
https://www.imdb.com/title/tt2872732/,Mid Rated
https://www.imdb.com/title/tt14039582/,Mid Rated
https://www.imdb.com/title/tt0770703/,Mid Rated
https://www.imdb.com/title/tt0274812/,Mid Rated
https://www.imdb.com/title/tt0181865/,Mid Rated
https://www.imdb.com/title/tt0265666/,Mid Rated
https://www.imdb.com/title/tt22687790/,Mid Rated
https://www.imdb.com/title/tt0451094/,Mid Rated
https://www.imdb.com/title/tt1268799/,Mid Rated
https://www.imdb.com/title/tt14826022/,Mid Rated
https://www.imdb.com/title/tt6902676/,Mid Rated
https://www.imdb.com/title/tt0844471/,Mid Rated
https://www.imdb.com/title/tt1060277/,Mid Rated
https://www.imdb.com/title/tt0120917/,Mid Rated
https://www.imdb.com/title/tt3704428/,Mid Rated
https://www.imdb.com/title/tt4116284/,Mid Rated
https://www.imdb.com/title/tt2980516/,Mid Rated
https://www.imdb.com/title/tt0275847/,Mid Rated
https://www.imdb.com/title/tt7349950/,Mid Rated
https://www.imdb.com/title/tt2561572/,Mid Rated
https://www.imdb.com/title/tt0780536/,Mid Rated
https://www.imdb.com/title/tt0787524/,Mid Rated
https://www.imdb.com/title/tt1956620/,Mid Rated
https://www.imdb.com/title/tt14209916/,Mid Rated
https://www.imdb.com/title/tt12262116/,Mid Rated
https://www.imdb.com/title/tt1216487/,Mid Rated
https://www.imdb.com/title/tt2397535/,Mid Rated
https://www.imdb.com/title/tt1155076/,Mid Rated
https://www.imdb.com/title/tt3469046/,Mid Rated
https://www.imdb.com/title/tt1127180/,Mid Rated
https://www.imdb.com/title/tt0417741/,Mid Rated
https://www.imdb.com/title/tt0380389/,Mid Rated
https://www.imdb.com/title/tt0477347/,Mid Rated
https://www.imdb.com/title/tt5537002/,Mid Rated
https://www.imdb.com/title/tt0163025/,Mid Rated
https://www.imdb.com/title/tt2101441/,Mid Rated
https://www.imdb.com/title/tt1340138/,Mid Rated
https://www.imdb.com/title/tt3530002/,Mid Rated
https://www.imdb.com/title/tt2431286/,Mid Rated
https://www.imdb.com/title/tt0433400/,Mid Rated
https://www.imdb.com/title/tt0396752/,Mid Rated
https://www.imdb.com/title/tt0460791/,Mid Rated
https://www.imdb.com/title/tt9114286/,Mid Rated
https://www.imdb.com/title/tt4776998/,Mid Rated
https://www.imdb.com/title/tt1650062/,Mid Rated
https://www.imdb.com/title/tt4687108/,Mid Rated
https://www.imdb.com/title/tt1615147/,Mid Rated
https://www.imdb.com/title/tt0420294/,Mid Rated
https://www.imdb.com/title/tt8790086/,Mid Rated
https://www.imdb.com/title/tt0270288/,Mid Rated
https://www.imdb.com/title/tt2872718/,Mid Rated
https://www.imdb.com/title/tt0403508/,Mid Rated
https://www.imdb.com/title/tt6320628/,Mid Rated
https://www.imdb.com/title/tt0373074/,Mid Rated
https://www.imdb.com/title/tt5363618/,Mid Rated
https://www.imdb.com/title/tt1588173/,Mid Rated
https://www.imdb.com/title/tt0367959/,Mid Rated
https://www.imdb.com/title/tt1413492/,Mid Rated
https://www.imdb.com/title/tt0427327/,Mid Rated
https://www.imdb.com/title/tt7160372/,Mid Rated
https://www.imdb.com/title/tt6565702/,Mid Rated
https://www.imdb.com/title/tt1781922/,Mid Rated
https://www.imdb.com/title/tt0209958/,Mid Rated
https://www.imdb.com/title/tt1053424/,Mid Rated
https://www.imdb.com/title/tt3766354/,Mid Rated
https://www.imdb.com/title/tt0304669/,Mid Rated
https://www.imdb.com/title/tt0310775/,Mid Rated
https://www.imdb.com/title/tt0468492/,Mid Rated
https://www.imdb.com/title/tt1991245/,Mid Rated
https://www.imdb.com/title/tt1187064/,Mid Rated
https://www.imdb.com/title/tt0298203/,Mid Rated
https://www.imdb.com/title/tt1211837/,Mid Rated
https://www.imdb.com/title/tt3896198/,Mid Rated
https://www.imdb.com/title/tt0479952/,Mid Rated
https://www.imdb.com/title/tt0433035/,Mid Rated
https://www.imdb.com/title/tt1825683/,Mid Rated
https://www.imdb.com/title/tt1921064/,Mid Rated
https://www.imdb.com/title/tt1160419/,Mid Rated
https://www.imdb.com/title/tt6398184/,Mid Rated
https://www.imdb.com/title/tt2231461/,Mid Rated
https://www.imdb.com/title/tt0811080/,Mid Rated
https://www.imdb.com/title/tt4281724/,Mid Rated
https://www.imdb.com/title/tt0822832/,Mid Rated
https://www.imdb.com/title/tt0295701/,Mid Rated
https://www.imdb.com/title/tt1528071/,Mid Rated
https://www.imdb.com/title/tt4425200/,Mid Rated
https://www.imdb.com/title/tt9100054/,Mid Rated
https://www.imdb.com/title/tt1800241/,Mid Rated
https://www.imdb.com/title/tt10954652/,Mid Rated
https://www.imdb.com/title/tt0374900/,Mid Rated
https://www.imdb.com/title/tt0936501/,Mid Rated
https://www.imdb.com/title/tt10633456/,Mid Rated
https://www.imdb.com/title/tt1588170/,Mid Rated
https://www.imdb.com/title/tt1464540/,Mid Rated
https://www.imdb.com/title/tt0386140/,Mid Rated
https://www.imdb.com/title/tt0419887/,Mid Rated
https://www.imdb.com/title/tt0478304/,Mid Rated
https://www.imdb.com/title/tt1045772/,Mid Rated
https://www.imdb.com/title/tt0405422/,Mid Rated
https://www.imdb.com/title/tt2692250/,Mid Rated
https://www.imdb.com/title/tt0758794/,Mid Rated
https://www.imdb.com/title/tt4686844/,Mid Rated
https://www.imdb.com/title/tt0414055/,Mid Rated
https://www.imdb.com/title/tt3063516/,Mid Rated
https://www.imdb.com/title/tt1210042/,Mid Rated
https://www.imdb.com/title/tt0369436/,Mid Rated
https://www.imdb.com/title/tt1194173/,Mid Rated
https://www.imdb.com/title/tt0451079/,Mid Rated
https://www.imdb.com/title/tt0258463/,Mid Rated
https://www.imdb.com/title/tt1396218/,Mid Rated
https://www.imdb.com/title/tt1103153/,Mid Rated
https://www.imdb.com/title/tt12735488/,Mid Rated
https://www.imdb.com/title/tt2294629/,Mid Rated
https://www.imdb.com/title/tt1245492/,Mid Rated
https://www.imdb.com/title/tt1860353/,Mid Rated
https://www.imdb.com/title/tt1211956/,Mid Rated
https://www.imdb.com/title/tt0304415/,Mid Rated
https://www.imdb.com/title/tt0316356/,Mid Rated
https://www.imdb.com/title/tt1714206/,Mid Rated
https://www.imdb.com/title/tt1078940/,Mid Rated
https://www.imdb.com/title/tt0120912/,Mid Rated
https://www.imdb.com/title/tt9777666/,Mid Rated
https://www.imdb.com/title/tt0418763/,Mid Rated
https://www.imdb.com/title/tt3272066/,Mid Rated
https://www.imdb.com/title/tt1190080/,Mid Rated
https://www.imdb.com/title/tt1666801/,Mid Rated
https://www.imdb.com/title/tt7069210/,Mid Rated
https://www.imdb.com/title/tt0379217/,Mid Rated
https://www.imdb.com/title/tt0246460/,Mid Rated
https://www.imdb.com/title/tt1409024/,Mid Rated
https://www.imdb.com/title/tt1182345/,Mid Rated
https://www.imdb.com/title/tt4481414/,Mid Rated
https://www.imdb.com/title/tt0780521/,Mid Rated
https://www.imdb.com/title/tt11464826/,Mid Rated
https://www.imdb.com/title/tt1010048/,Mid Rated
https://www.imdb.com/title/tt1023114/,Mid Rated
https://www.imdb.com/title/tt5726086/,Mid Rated
https://www.imdb.com/title/tt0441773/,Mid Rated
https://www.imdb.com/title/tt0266987/,Mid Rated
https://www.imdb.com/title/tt0870984/,Mid Rated
https://www.imdb.com/title/tt5177120/,Mid Rated
https://www.imdb.com/title/tt1596365/,Mid Rated
https://www.imdb.com/title/tt0426883/,Mid Rated
https://www.imdb.com/title/tt3416742/,Mid Rated
https://www.imdb.com/title/tt5108870/,Mid Rated
https://www.imdb.com/title/tt9426210/,Mid Rated
https://www.imdb.com/title/tt1217613/,Mid Rated
https://www.imdb.com/title/tt0890870/,Mid Rated
https://www.imdb.com/title/tt4682786/,Mid Rated
https://www.imdb.com/title/tt0295700/,Mid Rated
https://www.imdb.com/title/tt1270797/,Mid Rated
https://www.imdb.com/title/tt1139797/,Mid Rated
https://www.imdb.com/title/tt6294822/,Mid Rated
https://www.imdb.com/title/tt0491152/,Mid Rated
https://www.imdb.com/title/tt4154664/,Mid Rated
https://www.imdb.com/title/tt1078912/,Mid Rated
https://www.imdb.com/title/tt1843866/,Mid Rated
https://www.imdb.com/title/tt0373051/,Mid Rated
https://www.imdb.com/title/tt2209418/,Mid Rated
https://www.imdb.com/title/tt6189022/,Mid Rated
https://www.imdb.com/title/tt13651794/,Mid Rated
https://www.imdb.com/title/tt0431308/,Mid Rated
https://www.imdb.com/title/tt0133240/,Mid Rated
https://www.imdb.com/title/tt0455760/,Mid Rated
https://www.imdb.com/title/tt0373469/,Mid Rated
https://www.imdb.com/title/tt9032400/,Mid Rated
https://www.imdb.com/title/tt6802400/,Mid Rated
https://www.imdb.com/title/tt1063669/,Mid Rated
https://www.imdb.com/title/tt0462322/,Mid Rated
https://www.imdb.com/title/tt0413267/,Mid Rated
https://www.imdb.com/title/tt1623205/,Mid Rated
https://www.imdb.com/title/tt0498353/,Mid Rated
https://www.imdb.com/title/tt7405458/,Mid Rated
https://www.imdb.com/title/tt1132626/,Mid Rated
https://www.imdb.com/title/tt1560747/,Mid Rated
https://www.imdb.com/title/tt1682180/,Mid Rated
https://www.imdb.com/title/tt0463854/,Mid Rated
https://www.imdb.com/title/tt0376541/,Mid Rated
https://www.imdb.com/title/tt0435651/,Mid Rated
https://www.imdb.com/title/tt1436045/,Mid Rated
https://www.imdb.com/title/tt4364194/,Mid Rated
https://www.imdb.com/title/tt10579952/,Mid Rated
https://www.imdb.com/title/tt2404311/,Mid Rated
https://www.imdb.com/title/tt1234719/,Mid Rated
https://www.imdb.com/title/tt27403986/,Mid Rated
https://www.imdb.com/title/tt0382628/,Mid Rated
https://www.imdb.com/title/tt1279935/,Mid Rated
https://www.imdb.com/title/tt9224104/,Mid Rated
https://www.imdb.com/title/tt2381941/,Mid Rated
https://www.imdb.com/title/tt0215750/,Mid Rated
https://www.imdb.com/title/tt2226417/,Mid Rated
https://www.imdb.com/title/tt0330793/,Mid Rated
https://www.imdb.com/title/tt6264654/,Mid Rated
https://www.imdb.com/title/tt10293406/,Mid Rated
https://www.imdb.com/title/tt1980929/,Mid Rated
https://www.imdb.com/title/tt1403981/,Mid Rated
https://www.imdb.com/title/tt0435625/,Mid Rated
https://www.imdb.com/title/tt0455824/,Mid Rated
https://www.imdb.com/title/tt0371606/,Mid Rated
https://www.imdb.com/title/tt0416508/,Mid Rated
https://www.imdb.com/title/tt0146309/,Mid Rated
https://www.imdb.com/title/tt1656190/,Mid Rated
https://www.imdb.com/title/tt1628841/,Mid Rated
https://www.imdb.com/title/tt2015381/,Mid Rated
https://www.imdb.com/title/tt0404390/,Mid Rated
https://www.imdb.com/title/tt1231583/,Mid Rated
https://www.imdb.com/title/tt1124035/,Mid Rated
https://www.imdb.com/title/tt0317740/,Mid Rated
https://www.imdb.com/title/tt7131622/,Mid Rated
https://www.imdb.com/title/tt0465234/,Mid Rated
https://www.imdb.com/title/tt4954522/,Mid Rated
https://www.imdb.com/title/tt1389072/,Mid Rated
https://www.imdb.com/title/tt0332379/,Mid Rated
https://www.imdb.com/title/tt11083552/,Mid Rated
https://www.imdb.com/title/tt2406566/,Mid Rated
https://www.imdb.com/title/tt1791528/,Mid Rated
https://www.imdb.com/title/tt1568911/,Mid Rated
https://www.imdb.com/title/tt1204975/,Mid Rated
https://www.imdb.com/title/tt0409459/,Mid Rated
https://www.imdb.com/title/tt0805564/,Mid Rated
https://www.imdb.com/title/tt23468450/,Mid Rated
https://www.imdb.com/title/tt27131358/,Mid Rated
https://www.imdb.com/title/tt7657566/,Mid Rated
https://www.imdb.com/title/tt0472033/,Mid Rated
https://www.imdb.com/title/tt1615160/,Mid Rated
https://www.imdb.com/title/tt0443649/,Mid Rated
https://www.imdb.com/title/tt5168192/,Mid Rated
https://www.imdb.com/title/tt1540133/,Mid Rated
https://www.imdb.com/title/tt4566758/,Mid Rated
https://www.imdb.com/title/tt1104001/,Mid Rated
https://www.imdb.com/title/tt21867434/,Mid Rated
https://www.imdb.com/title/tt1502404/,Mid Rated
https://www.imdb.com/title/tt5606664/,Mid Rated
https://www.imdb.com/title/tt0203019/,Mid Rated
https://www.imdb.com/title/tt2788710/,Mid Rated
https://www.imdb.com/title/tt0898367/,Mid Rated
https://www.imdb.com/title/tt0834001/,Mid Rated
https://www.imdb.com/title/tt0245712/,Mid Rated
https://www.imdb.com/title/tt1972779/,Mid Rated
https://www.imdb.com/title/tt2106361/,Mid Rated
https://www.imdb.com/title/tt0243133/,Mid Rated
https://www.imdb.com/title/tt0372183/,Mid Rated
https://www.imdb.com/title/tt1596350/,Mid Rated
https://www.imdb.com/title/tt0329101/,Mid Rated
https://www.imdb.com/title/tt1166100/,Mid Rated
https://www.imdb.com/title/tt0383028/,Mid Rated
https://www.imdb.com/title/tt0311289/,Mid Rated
https://www.imdb.com/title/tt0454921/,Mid Rated
https://www.imdb.com/title/tt4094724/,Mid Rated
https://www.imdb.com/title/tt1778304/,Mid Rated
https://www.imdb.com/title/tt10366460/,Mid Rated
https://www.imdb.com/title/tt1905041/,Mid Rated
https://www.imdb.com/title/tt5884796/,Mid Rated
https://www.imdb.com/title/tt1758810/,Mid Rated
https://www.imdb.com/title/tt0331632/,Mid Rated
https://www.imdb.com/title/tt2334879/,Mid Rated
https://www.imdb.com/title/tt1860242/,Mid Rated
https://www.imdb.com/title/tt0289879/,Mid Rated
https://www.imdb.com/title/tt4520988/,Mid Rated
https://www.imdb.com/title/tt1862079/,Mid Rated
https://www.imdb.com/title/tt0831387/,Mid Rated
https://www.imdb.com/title/tt0343737/,Mid Rated
https://www.imdb.com/title/tt0421239/,Mid Rated
https://www.imdb.com/title/tt1250777/,Mid Rated
https://www.imdb.com/title/tt2908446/,Mid Rated
https://www.imdb.com/title/tt0462590/,Mid Rated
https://www.imdb.com/title/tt2209764/,Mid Rated
https://www.imdb.com/title/tt0796366/,Mid Rated
https://www.imdb.com/title/tt0438097/,Mid Rated
https://www.imdb.com/title/tt5462602/,Mid Rated
https://www.imdb.com/title/tt1119646/,Mid Rated
https://www.imdb.com/title/tt10160976/,Mid Rated
https://www.imdb.com/title/tt0810819/,Mid Rated
https://www.imdb.com/title/tt7984734/,Mid Rated
https://www.imdb.com/title/tt0453556/,Mid Rated
https://www.imdb.com/title/tt0446029/,Mid Rated
https://www.imdb.com/title/tt0452637/,Mid Rated
https://www.imdb.com/title/tt1634106/,Mid Rated
https://www.imdb.com/title/tt2205697/,Mid Rated
https://www.imdb.com/title/tt6265828/,Mid Rated
https://www.imdb.com/title/tt0335438/,Mid Rated
https://www.imdb.com/title/tt0327597/,Mid Rated
https://www.imdb.com/title/tt0327162/,Mid Rated
https://www.imdb.com/title/tt1567609/,Mid Rated
https://www.imdb.com/title/tt1258197/,Mid Rated
https://www.imdb.com/title/tt3882082/,Mid Rated
https://www.imdb.com/title/tt1374992/,Mid Rated
https://www.imdb.com/title/tt1596343/,Mid Rated
https://www.imdb.com/title/tt2370248/,Mid Rated
https://www.imdb.com/title/tt6475714/,Mid Rated
https://www.imdb.com/title/tt1232829/,Mid Rated
https://www.imdb.com/title/tt0426931/,Mid Rated
https://www.imdb.com/title/tt0489270/,Mid Rated
https://www.imdb.com/title/tt1517260/,Mid Rated
https://www.imdb.com/title/tt0814314/,Mid Rated
https://www.imdb.com/title/tt4731136/,Mid Rated
https://www.imdb.com/title/tt0352248/,Mid Rated
https://www.imdb.com/title/tt9701940/,Mid Rated
https://www.imdb.com/title/tt1622547/,Mid Rated
https://www.imdb.com/title/tt0790628/,Mid Rated
https://www.imdb.com/title/tt0306047/,Mid Rated
https://www.imdb.com/title/tt0212346/,Mid Rated
https://www.imdb.com/title/tt0439572/,Mid Rated
https://www.imdb.com/title/tt0910936/,Mid Rated
https://www.imdb.com/title/tt0959337/,Mid Rated
https://www.imdb.com/title/tt0183649/,Mid Rated
https://www.imdb.com/title/tt6566576/,Mid Rated
https://www.imdb.com/title/tt1204342/,Mid Rated
https://www.imdb.com/title/tt2140379/,Mid Rated
https://www.imdb.com/title/tt0981227/,Mid Rated
https://www.imdb.com/title/tt0204946/,Mid Rated
https://www.imdb.com/title/tt26736843/,Mid Rated
https://www.imdb.com/title/tt0246578/,Mid Rated
https://www.imdb.com/title/tt1985966/,Mid Rated
https://www.imdb.com/title/tt0388482/,Mid Rated
https://www.imdb.com/title/tt0248667/,Mid Rated
https://www.imdb.com/title/tt1289406/,Mid Rated
https://www.imdb.com/title/tt14109724/,Mid Rated
https://www.imdb.com/title/tt0164052/,Mid Rated
https://www.imdb.com/title/tt2361509/,Mid Rated
https://www.imdb.com/title/tt1399683/,Mid Rated
https://www.imdb.com/title/tt14444726/,Mid Rated
https://www.imdb.com/title/tt4916630/,Mid Rated
https://www.imdb.com/title/tt0975645/,Mid Rated
https://www.imdb.com/title/tt4302938/,Mid Rated
https://www.imdb.com/title/tt1798684/,Mid Rated
https://www.imdb.com/title/tt1185834/,Mid Rated
https://www.imdb.com/title/tt4901306/,Mid Rated
https://www.imdb.com/title/tt1117385/,Mid Rated
https://www.imdb.com/title/tt4630562/,Mid Rated
https://www.imdb.com/title/tt0288477/,Mid Rated
https://www.imdb.com/title/tt14114802/,Mid Rated
https://www.imdb.com/title/tt0463985/,Mid Rated
https://www.imdb.com/title/tt1638355/,Mid Rated
https://www.imdb.com/title/tt1877832/,Mid Rated
https://www.imdb.com/title/tt7040874/,Mid Rated
https://www.imdb.com/title/tt0263488/,Mid Rated
https://www.imdb.com/title/tt15789038/,Mid Rated
https://www.imdb.com/title/tt0942385/,Mid Rated
https://www.imdb.com/title/tt5886046/,Mid Rated
https://www.imdb.com/title/tt0280609/,Mid Rated
https://www.imdb.com/title/tt0448157/,Mid Rated
https://www.imdb.com/title/tt0257076/,Mid Rated
https://www.imdb.com/title/tt2172934/,Mid Rated
https://www.imdb.com/title/tt0212720/,Mid Rated
https://www.imdb.com/title/tt3281548/,Mid Rated
https://www.imdb.com/title/tt0327084/,Mid Rated
https://www.imdb.com/title/tt2234003/,Mid Rated
https://www.imdb.com/title/tt0400717/,Mid Rated
https://www.imdb.com/title/tt0430357/,Mid Rated
https://www.imdb.com/title/tt0424095/,Mid Rated
https://www.imdb.com/title/tt3829266/,Mid Rated
https://www.imdb.com/title/tt0264395/,Mid Rated
https://www.imdb.com/title/tt1213663/,Mid Rated
https://www.imdb.com/title/tt1646971/,Mid Rated
https://www.imdb.com/title/tt0363547/,Mid Rated
https://www.imdb.com/title/tt8580274/,Mid Rated
https://www.imdb.com/title/tt1080016/,Mid Rated
https://www.imdb.com/title/tt1430607/,Mid Rated
https://www.imdb.com/title/tt0489099/,Mid Rated
https://www.imdb.com/title/tt0292963/,Mid Rated
https://www.imdb.com/title/tt1619029/,Mid Rated
https://www.imdb.com/title/tt4209788/,Mid Rated
https://www.imdb.com/title/tt1488555/,Mid Rated
https://www.imdb.com/title/tt1524137/,Mid Rated
https://www.imdb.com/title/tt1314655/,Mid Rated
https://www.imdb.com/title/tt9731534/,Mid Rated
https://www.imdb.com/title/tt5362988/,Mid Rated
https://www.imdb.com/title/tt0243017/,Mid Rated
https://www.imdb.com/title/tt1334260/,Mid Rated
https://www.imdb.com/title/tt21235248/,Mid Rated
https://www.imdb.com/title/tt9784798/,Mid Rated
https://www.imdb.com/title/tt22048412/,Mid Rated
https://www.imdb.com/title/tt0299658/,Mid Rated
https://www.imdb.com/title/tt0947810/,Mid Rated
https://www.imdb.com/title/tt3215824/,Mid Rated
https://www.imdb.com/title/tt3748172/,Mid Rated
https://www.imdb.com/title/tt0499097/,Mid Rated
https://www.imdb.com/title/tt0297284/,Mid Rated
https://www.imdb.com/title/tt1212450/,Mid Rated
https://www.imdb.com/title/tt2379713/,Mid Rated
https://www.imdb.com/title/tt11315808/,Mid Rated
https://www.imdb.com/title/tt0460740/,Mid Rated
https://www.imdb.com/title/tt0215129/,Mid Rated
https://www.imdb.com/title/tt2250912/,Mid Rated
https://www.imdb.com/title/tt1288558/,Mid Rated
https://www.imdb.com/title/tt0145487/,Mid Rated
https://www.imdb.com/title/tt0458525/,Mid Rated
https://www.imdb.com/title/tt14849194/,Mid Rated
https://www.imdb.com/title/tt2884206/,Mid Rated
https://www.imdb.com/title/tt0425123/,Mid Rated
https://www.imdb.com/title/tt0485947/,Mid Rated
https://www.imdb.com/title/tt6850820/,Mid Rated
https://www.imdb.com/title/tt3553976/,Mid Rated
https://www.imdb.com/title/tt0322259/,Mid Rated
https://www.imdb.com/title/tt1690953/,Mid Rated
https://www.imdb.com/title/tt2948372/,Mid Rated
https://www.imdb.com/title/tt1809398/,Mid Rated
https://www.imdb.com/title/tt1924396/,Mid Rated
https://www.imdb.com/title/tt2679042/,Mid Rated
https://www.imdb.com/title/tt0799934/,Mid Rated
https://www.imdb.com/title/tt1129442/,Mid Rated
https://www.imdb.com/title/tt1616195/,Mid Rated
https://www.imdb.com/title/tt1706593/,Mid Rated
https://www.imdb.com/title/tt0277434/,Mid Rated
https://www.imdb.com/title/tt1683526/,Mid Rated
https://www.imdb.com/title/tt0245574/,Mid Rated
https://www.imdb.com/title/tt1245112/,Mid Rated
https://www.imdb.com/title/tt0309698/,Mid Rated
https://www.imdb.com/title/tt5519340/,Mid Rated
https://www.imdb.com/title/tt0421073/,Mid Rated
https://www.imdb.com/title/tt0493430/,Mid Rated
https://www.imdb.com/title/tt0425112/,Mid Rated
https://www.imdb.com/title/tt1648179/,Mid Rated
https://www.imdb.com/title/tt1453405/,Mid Rated
https://www.imdb.com/title/tt6133466/,Mid Rated
https://www.imdb.com/title/tt7401588/,Mid Rated
https://www.imdb.com/title/tt0808279/,Mid Rated
https://www.imdb.com/title/tt14509110/,Mid Rated
https://www.imdb.com/title/tt1667889/,Mid Rated
https://www.imdb.com/title/tt1306980/,Mid Rated
https://www.imdb.com/title/tt1865505/,Mid Rated
https://www.imdb.com/title/tt0300051/,Mid Rated
https://www.imdb.com/title/tt2034800/,Mid Rated
https://www.imdb.com/title/tt0449467/,Mid Rated
https://www.imdb.com/title/tt0343660/,Mid Rated
https://www.imdb.com/title/tt1524930/,Mid Rated
https://www.imdb.com/title/tt3778644/,Mid Rated
https://www.imdb.com/title/tt2771200/,Mid Rated
https://www.imdb.com/title/tt7146812/,Mid Rated
https://www.imdb.com/title/tt1591479/,Mid Rated
https://www.imdb.com/title/tt0209475/,Mid Rated
https://www.imdb.com/title/tt0465602/,Mid Rated
https://www.imdb.com/title/tt1496025/,Mid Rated
https://www.imdb.com/title/tt2101341/,Mid Rated
https://www.imdb.com/title/tt0406816/,Mid Rated
https://www.imdb.com/title/tt1567437/,Mid Rated
https://www.imdb.com/title/tt0955308/,Mid Rated
https://www.imdb.com/title/tt2660888/,Mid Rated
https://www.imdb.com/title/tt3890160/,Mid Rated
https://www.imdb.com/title/tt5164214/,Mid Rated
https://www.imdb.com/title/tt2357129/,Mid Rated
https://www.imdb.com/title/tt1172570/,Mid Rated
https://www.imdb.com/title/tt2184339/,Mid Rated
https://www.imdb.com/title/tt13927994/,Mid Rated
https://www.imdb.com/title/tt15791034/,Mid Rated
https://www.imdb.com/title/tt1599348/,Mid Rated
https://www.imdb.com/title/tt0281358/,Mid Rated
https://www.imdb.com/title/tt0914863/,Mid Rated
https://www.imdb.com/title/tt7668870/,Mid Rated
https://www.imdb.com/title/tt0272020/,Mid Rated
https://www.imdb.com/title/tt1790864/,Mid Rated
https://www.imdb.com/title/tt14208870/,Mid Rated
https://www.imdb.com/title/tt0985699/,Mid Rated
https://www.imdb.com/title/tt1100089/,Mid Rated
https://www.imdb.com/title/tt0120630/,Mid Rated
https://www.imdb.com/title/tt0237534/,Mid Rated
https://www.imdb.com/title/tt0407304/,Mid Rated
https://www.imdb.com/title/tt0424136/,Mid Rated
https://www.imdb.com/title/tt1482459/,Mid Rated
https://www.imdb.com/title/tt8178634/,Mid Rated
https://www.imdb.com/title/tt0250494/,Mid Rated
https://www.imdb.com/title/tt1243974/,Mid Rated
https://www.imdb.com/title/tt1931533/,Mid Rated
https://www.imdb.com/title/tt1441395/,Mid Rated
https://www.imdb.com/title/tt1086772/,Mid Rated
https://www.imdb.com/title/tt4003440/,Mid Rated
https://www.imdb.com/title/tt1622979/,Mid Rated
https://www.imdb.com/title/tt0340377/,Mid Rated
https://www.imdb.com/title/tt1590193/,Mid Rated
https://www.imdb.com/title/tt2446042/,Mid Rated
https://www.imdb.com/title/tt0450385/,Mid Rated
https://www.imdb.com/title/tt2948356/,Mid Rated
https://www.imdb.com/title/tt4178092/,Mid Rated
https://www.imdb.com/title/tt0388795/,Mid Rated
https://www.imdb.com/title/tt5774060/,Mid Rated
https://www.imdb.com/title/tt0315733/,Mid Rated
https://www.imdb.com/title/tt1078588/,Mid Rated
https://www.imdb.com/title/tt10665338/,Mid Rated
https://www.imdb.com/title/tt14998742/,Mid Rated
https://www.imdb.com/title/tt1297919/,Mid Rated
https://www.imdb.com/title/tt0271027/,Mid Rated
https://www.imdb.com/title/tt1438254/,Mid Rated
https://www.imdb.com/title/tt2179116/,Mid Rated
https://www.imdb.com/title/tt0237572/,Mid Rated
https://www.imdb.com/title/tt1231587/,Mid Rated
https://www.imdb.com/title/tt2002718/,Mid Rated
https://www.imdb.com/title/tt4361050/,Mid Rated
https://www.imdb.com/title/tt2023587/,Mid Rated
https://www.imdb.com/title/tt8075192/,Mid Rated
https://www.imdb.com/title/tt0472399/,Mid Rated
https://www.imdb.com/title/tt2381991/,Mid Rated
https://www.imdb.com/title/tt1038988/,Mid Rated
https://www.imdb.com/title/tt8404614/,Mid Rated
https://www.imdb.com/title/tt0379786/,Mid Rated
https://www.imdb.com/title/tt0243155/,Mid Rated
https://www.imdb.com/title/tt0317705/,Mid Rated
https://www.imdb.com/title/tt4273800/,Mid Rated
https://www.imdb.com/title/tt1188996/,Mid Rated
https://www.imdb.com/title/tt2357291/,Mid Rated
https://www.imdb.com/title/tt9218128/,Mid Rated
https://www.imdb.com/title/tt0770752/,Mid Rated
https://www.imdb.com/title/tt1028528/,Mid Rated
https://www.imdb.com/title/tt1067583/,Mid Rated
https://www.imdb.com/title/tt1293847/,Mid Rated
https://www.imdb.com/title/tt8999762/,Mid Rated
https://www.imdb.com/title/tt8589698/,Mid Rated
https://www.imdb.com/title/tt0486551/,Mid Rated
https://www.imdb.com/title/tt2854926/,Mid Rated
https://www.imdb.com/title/tt10682266/,Mid Rated
https://www.imdb.com/title/tt0252866/,Mid Rated
https://www.imdb.com/title/tt1855325/,Mid Rated
https://www.imdb.com/title/tt0473075/,Mid Rated
https://www.imdb.com/title/tt0443274/,Mid Rated
https://www.imdb.com/title/tt1389137/,Mid Rated
https://www.imdb.com/title/tt0800320/,Mid Rated
https://www.imdb.com/title/tt30057084/,Mid Rated
https://www.imdb.com/title/tt1013743/,Mid Rated
https://www.imdb.com/title/tt0457939/,Mid Rated
https://www.imdb.com/title/tt1371111/,Mid Rated
https://www.imdb.com/title/tt0345950/,Mid Rated
https://www.imdb.com/title/tt5104604/,Mid Rated
https://www.imdb.com/title/tt1488589/,Mid Rated
https://www.imdb.com/title/tt1205537/,Mid Rated
https://www.imdb.com/title/tt1859650/,Mid Rated
https://www.imdb.com/title/tt0350258/,Mid Rated
https://www.imdb.com/title/tt1661199/,Mid Rated
https://www.imdb.com/title/tt1242460/,Mid Rated
https://www.imdb.com/title/tt0486822/,Mid Rated
https://www.imdb.com/title/tt0302640/,Mid Rated
https://www.imdb.com/title/tt0256415/,Mid Rated
https://www.imdb.com/title/tt0498399/,Mid Rated
https://www.imdb.com/title/tt3083016/,Mid Rated
https://www.imdb.com/title/tt6673612/,Mid Rated
https://www.imdb.com/title/tt0457510/,Mid Rated
https://www.imdb.com/title/tt9663764/,Mid Rated
https://www.imdb.com/title/tt1412386/,Mid Rated
https://www.imdb.com/title/tt1091191/,Mid Rated
https://www.imdb.com/title/tt7991608/,Mid Rated
https://www.imdb.com/title/tt3501632/,Mid Rated
https://www.imdb.com/title/tt16277242/,Mid Rated
https://www.imdb.com/title/tt2402157/,Mid Rated
https://www.imdb.com/title/tt0365686/,Mid Rated
https://www.imdb.com/title/tt7798634/,Mid Rated
https://www.imdb.com/title/tt0223897/,Mid Rated
https://www.imdb.com/title/tt8110640/,Mid Rated
https://www.imdb.com/title/tt0479143/,Mid Rated
https://www.imdb.com/title/tt1216475/,Mid Rated
https://www.imdb.com/title/tt1037705/,Mid Rated
https://www.imdb.com/title/tt0381061/,Mid Rated
https://www.imdb.com/title/tt0295297/,Mid Rated
https://www.imdb.com/title/tt1726669/,Mid Rated
https://www.imdb.com/title/tt2234155/,Mid Rated
https://www.imdb.com/title/tt0298814/,Mid Rated
https://www.imdb.com/title/tt3606752/,Mid Rated
https://www.imdb.com/title/tt3224458/,Mid Rated
https://www.imdb.com/title/tt1441952/,Mid Rated
https://www.imdb.com/title/tt0486946/,Mid Rated
https://www.imdb.com/title/tt3262342/,Mid Rated
https://www.imdb.com/title/tt7985704/,Mid Rated
https://www.imdb.com/title/tt0862467/,Mid Rated
https://www.imdb.com/title/tt0242423/,Mid Rated
https://www.imdb.com/title/tt1033643/,Mid Rated
https://www.imdb.com/title/tt2980592/,Mid Rated
https://www.imdb.com/title/tt12844910/,Mid Rated
https://www.imdb.com/title/tt0245844/,Mid Rated
https://www.imdb.com/title/tt1029234/,Mid Rated
https://www.imdb.com/title/tt1340800/,Mid Rated
https://www.imdb.com/title/tt0465551/,Mid Rated
https://www.imdb.com/title/tt2273657/,Mid Rated
https://www.imdb.com/title/tt1186830/,Mid Rated
https://www.imdb.com/title/tt4501244/,Mid Rated
https://www.imdb.com/title/tt0337741/,Mid Rated
https://www.imdb.com/title/tt0780571/,Mid Rated
https://www.imdb.com/title/tt0478311/,Mid Rated
https://www.imdb.com/title/tt0375912/,Mid Rated
https://www.imdb.com/title/tt11003218/,Mid Rated
https://www.imdb.com/title/tt4680182/,Mid Rated
https://www.imdb.com/title/tt0369702/,Mid Rated
https://www.imdb.com/title/tt0212985/,Mid Rated
https://www.imdb.com/title/tt0455944/,Mid Rated
https://www.imdb.com/title/tt0368008/,Mid Rated
https://www.imdb.com/title/tt1263670/,Mid Rated
https://www.imdb.com/title/tt16366836/,Mid Rated
https://www.imdb.com/title/tt0300556/,Mid Rated
https://www.imdb.com/title/tt6587046/,Mid Rated
https://www.imdb.com/title/tt0800308/,Mid Rated
https://www.imdb.com/title/tt4589218/,Mid Rated
https://www.imdb.com/title/tt0460829/,Mid Rated
https://www.imdb.com/title/tt0356910/,Mid Rated
https://www.imdb.com/title/tt9686708/,Mid Rated
https://www.imdb.com/title/tt3155298/,Mid Rated
https://www.imdb.com/title/tt1440292/,Mid Rated
https://www.imdb.com/title/tt1904996/,Mid Rated
https://www.imdb.com/title/tt0365748/,Mid Rated
https://www.imdb.com/title/tt1055292/,Mid Rated
https://www.imdb.com/title/tt5442430/,Mid Rated
https://www.imdb.com/title/tt2053463/,Mid Rated
https://www.imdb.com/title/tt1959490/,Mid Rated
https://www.imdb.com/title/tt1823672/,Mid Rated
https://www.imdb.com/title/tt0162650/,Mid Rated
https://www.imdb.com/title/tt1016150/,Mid Rated
https://www.imdb.com/title/tt6513120/,Mid Rated
https://www.imdb.com/title/tt0462465/,Mid Rated
https://www.imdb.com/title/tt3544112/,Mid Rated
https://www.imdb.com/title/tt0307453/,Mid Rated
https://www.imdb.com/title/tt0289992/,Mid Rated
https://www.imdb.com/title/tt1120985/,Mid Rated
https://www.imdb.com/title/tt1912398/,Mid Rated
https://www.imdb.com/title/tt0425413/,Mid Rated
https://www.imdb.com/title/tt1448754/,Mid Rated
https://www.imdb.com/title/tt0454945/,Mid Rated
https://www.imdb.com/title/tt1477834/,Mid Rated
https://www.imdb.com/title/tt5742374/,Mid Rated
https://www.imdb.com/title/tt1570728/,Mid Rated
https://www.imdb.com/title/tt0481141/,Mid Rated
https://www.imdb.com/title/tt1850457/,Mid Rated
https://www.imdb.com/title/tt0453451/,Mid Rated
https://www.imdb.com/title/tt0305357/,Mid Rated
https://www.imdb.com/title/tt0358273/,Mid Rated
https://www.imdb.com/title/tt0267913/,Mid Rated
https://www.imdb.com/title/tt1568921/,Mid Rated
https://www.imdb.com/title/tt1278340/,Mid Rated
https://www.imdb.com/title/tt15255876/,Mid Rated
https://www.imdb.com/title/tt0307987/,Mid Rated
https://www.imdb.com/title/tt1095217/,Mid Rated
https://www.imdb.com/title/tt1564367/,Mid Rated
https://www.imdb.com/title/tt1034314/,Mid Rated
https://www.imdb.com/title/tt2631186/,Mid Rated
https://www.imdb.com/title/tt0420332/,Mid Rated
https://www.imdb.com/title/tt10304142/,Mid Rated
https://www.imdb.com/title/tt1907668/,Mid Rated
https://www.imdb.com/title/tt0219699/,Mid Rated
https://www.imdb.com/title/tt0455538/,Mid Rated
https://www.imdb.com/title/tt0405296/,Mid Rated
https://www.imdb.com/title/tt1300851/,Mid Rated
https://www.imdb.com/title/tt5186714/,Mid Rated
https://www.imdb.com/title/tt6742252/,Mid Rated
https://www.imdb.com/title/tt3072482/,Mid Rated
https://www.imdb.com/title/tt1058017/,Mid Rated
https://www.imdb.com/title/tt0472062/,Mid Rated
https://www.imdb.com/title/tt1139328/,Mid Rated
https://www.imdb.com/title/tt0432348/,Mid Rated
https://www.imdb.com/title/tt0173840/,Mid Rated
https://www.imdb.com/title/tt0480255/,Mid Rated
https://www.imdb.com/title/tt5461944/,Mid Rated
https://www.imdb.com/title/tt0990407/,Mid Rated
https://www.imdb.com/title/tt21064584/,Mid Rated
https://www.imdb.com/title/tt0978764/,Mid Rated
https://www.imdb.com/title/tt1136617/,Mid Rated
https://www.imdb.com/title/tt10655524/,Mid Rated
https://www.imdb.com/title/tt5814060/,Mid Rated
https://www.imdb.com/title/tt2267968/,Mid Rated
https://www.imdb.com/title/tt0365737/,Mid Rated
https://www.imdb.com/title/tt4123432/,Mid Rated
https://www.imdb.com/title/tt2066051/,Mid Rated
https://www.imdb.com/title/tt0443536/,Mid Rated
https://www.imdb.com/title/tt1670345/,Mid Rated
https://www.imdb.com/title/tt0477302/,Mid Rated
https://www.imdb.com/title/tt1772341/,Mid Rated
https://www.imdb.com/title/tt1320253/,Mid Rated
https://www.imdb.com/title/tt0251160/,Mid Rated
https://www.imdb.com/title/tt0758766/,Mid Rated
https://www.imdb.com/title/tt4624424/,Mid Rated
https://www.imdb.com/title/tt0458339/,Mid Rated
https://www.imdb.com/title/tt13521006/,Mid Rated
https://www.imdb.com/title/tt10618286/,Mid Rated
https://www.imdb.com/title/tt1245526/,Mid Rated
https://www.imdb.com/title/tt0489237/,Mid Rated
https://www.imdb.com/title/tt0463034/,Mid Rated
https://www.imdb.com/title/tt1233227/,Mid Rated
https://www.imdb.com/title/tt0309593/,Mid Rated
https://www.imdb.com/title/tt1915581/,Mid Rated
https://www.imdb.com/title/tt8359848/,Mid Rated
https://www.imdb.com/title/tt1038919/,Mid Rated
https://www.imdb.com/title/tt2869728/,Mid Rated
https://www.imdb.com/title/tt4695012/,Mid Rated
https://www.imdb.com/title/tt0384793/,Mid Rated
https://www.imdb.com/title/tt0376994/,Mid Rated
https://www.imdb.com/title/tt7638348/,Mid Rated
https://www.imdb.com/title/tt0361862/,Mid Rated
https://www.imdb.com/title/tt0421206/,Mid Rated
https://www.imdb.com/title/tt0765429/,Mid Rated
https://www.imdb.com/title/tt8115900/,Mid Rated
https://www.imdb.com/title/tt1790885/,Mid Rated
https://www.imdb.com/title/tt3691740/,Mid Rated
https://www.imdb.com/title/tt12536294/,Mid Rated
https://www.imdb.com/title/tt4547056/,Mid Rated
https://www.imdb.com/title/tt0427944/,Mid Rated
https://www.imdb.com/title/tt9770150/,Mid Rated
https://www.imdb.com/title/tt1964418/,Mid Rated
https://www.imdb.com/title/tt6343314/,Mid Rated
https://www.imdb.com/title/tt0302886/,Mid Rated
https://www.imdb.com/title/tt0397313/,Mid Rated
https://www.imdb.com/title/tt0479997/,Mid Rated
https://www.imdb.com/title/tt1878870/,Mid Rated
https://www.imdb.com/title/tt9389998/,Mid Rated
https://www.imdb.com/title/tt1517451/,Mid Rated
https://www.imdb.com/title/tt3079380/,Mid Rated
https://www.imdb.com/title/tt1935179/,Mid Rated
https://www.imdb.com/title/tt7599146/,Mid Rated
https://www.imdb.com/title/tt2400463/,Mid Rated
https://www.imdb.com/title/tt1742334/,Mid Rated
https://www.imdb.com/title/tt2494362/,Mid Rated
https://www.imdb.com/title/tt3420504/,Mid Rated
https://www.imdb.com/title/tt1229822/,Mid Rated
https://www.imdb.com/title/tt4972582/,Mid Rated
https://www.imdb.com/title/tt0483607/,Mid Rated
https://www.imdb.com/title/tt0327850/,Mid Rated
https://www.imdb.com/title/tt0397101/,Mid Rated
https://www.imdb.com/title/tt1790809/,Mid Rated
https://www.imdb.com/title/tt1478964/,Mid Rated
https://www.imdb.com/title/tt0191397/,Mid Rated
https://www.imdb.com/title/tt0267626/,Mid Rated
https://www.imdb.com/title/tt0408839/,Mid Rated
https://www.imdb.com/title/tt2140619/,Mid Rated
https://www.imdb.com/title/tt13833688/,Mid Rated
https://www.imdb.com/title/tt6977338/,Mid Rated
https://www.imdb.com/title/tt0144084/,Mid Rated
https://www.imdb.com/title/tt5140878/,Mid Rated
https://www.imdb.com/title/tt0241527/,Mid Rated
https://www.imdb.com/title/tt0390022/,Mid Rated
https://www.imdb.com/title/tt7374948/,Mid Rated
https://www.imdb.com/title/tt1800302/,Mid Rated
https://www.imdb.com/title/tt0219965/,Mid Rated
https://www.imdb.com/title/tt0467406/,Mid Rated
https://www.imdb.com/title/tt1532503/,Mid Rated
https://www.imdb.com/title/tt3567288/,Mid Rated
https://www.imdb.com/title/tt0435705/,Mid Rated
https://www.imdb.com/title/tt1707386/,Mid Rated
https://www.imdb.com/title/tt0458352/,Mid Rated
https://www.imdb.com/title/tt12412888/,Mid Rated
https://www.imdb.com/title/tt2527336/,Mid Rated
https://www.imdb.com/title/tt0368891/,Mid Rated
https://www.imdb.com/title/tt1821549/,Mid Rated
https://www.imdb.com/title/tt0320661/,Mid Rated
https://www.imdb.com/title/tt18925334/,Mid Rated
https://www.imdb.com/title/tt0947798/,Mid Rated
https://www.imdb.com/title/tt6878306/,Mid Rated
https://www.imdb.com/title/tt0389790/,Mid Rated
https://www.imdb.com/title/tt1321511/,Mid Rated
https://www.imdb.com/title/tt1454468/,Mid Rated
https://www.imdb.com/title/tt0328107/,Mid Rated
https://www.imdb.com/title/tt1195478/,Mid Rated
https://www.imdb.com/title/tt0387898/,Mid Rated
https://www.imdb.com/title/tt0338751/,Mid Rated
https://www.imdb.com/title/tt0443453/,Mid Rated
https://www.imdb.com/title/tt0822847/,Mid Rated
https://www.imdb.com/title/tt1014763/,Mid Rated
https://www.imdb.com/title/tt1109624/,Mid Rated
https://www.imdb.com/title/tt0475394/,Mid Rated
https://www.imdb.com/title/tt8155288/,Mid Rated
https://www.imdb.com/title/tt1605717/,Mid Rated
https://www.imdb.com/title/tt0249462/,Mid Rated
https://www.imdb.com/title/tt2120120/,Mid Rated
https://www.imdb.com/title/tt1067106/,Mid Rated
https://www.imdb.com/title/tt1322269/,Mid Rated
https://www.imdb.com/title/tt0120755/,Mid Rated
https://www.imdb.com/title/tt3062096/,Mid Rated
https://www.imdb.com/title/tt0227445/,Mid Rated
https://www.imdb.com/title/tt5215952/,Mid Rated
https://www.imdb.com/title/tt12037194/,Mid Rated
https://www.imdb.com/title/tt2170593/,Mid Rated
https://www.imdb.com/title/tt10640346/,Mid Rated
https://www.imdb.com/title/tt3874544/,Mid Rated
https://www.imdb.com/title/tt3716530/,Mid Rated
https://www.imdb.com/title/tt7510222/,Mid Rated
https://www.imdb.com/title/tt0800039/,Mid Rated
https://www.imdb.com/title/tt0455407/,Mid Rated
https://www.imdb.com/title/tt8350360/,Mid Rated
https://www.imdb.com/title/tt2170439/,Mid Rated
https://www.imdb.com/title/tt2717822/,Mid Rated
https://www.imdb.com/title/tt9214772/,Mid Rated
https://www.imdb.com/title/tt4172430/,Mid Rated
https://www.imdb.com/title/tt1284575/,Mid Rated
https://www.imdb.com/title/tt1155056/,Mid Rated
https://www.imdb.com/title/tt1045658/,Mid Rated
https://www.imdb.com/title/tt0120913/,Mid Rated
https://www.imdb.com/title/tt0815236/,Mid Rated
https://www.imdb.com/title/tt0371257/,Mid Rated
https://www.imdb.com/title/tt0401792/,Mid Rated
https://www.imdb.com/title/tt0121766/,Mid Rated
https://www.imdb.com/title/tt4276820/,Mid Rated
https://www.imdb.com/title/tt1156398/,Mid Rated
https://www.imdb.com/title/tt0365907/,Mid Rated
https://www.imdb.com/title/tt1462764/,Mid Rated
https://www.imdb.com/title/tt1981115/,Mid Rated
https://www.imdb.com/title/tt0454876/,Mid Rated
https://www.imdb.com/title/tt3402236/,Mid Rated
https://www.imdb.com/title/tt2239822/,Mid Rated
https://www.imdb.com/title/tt1318514/,Mid Rated
https://www.imdb.com/title/tt1538403/,Mid Rated
https://www.imdb.com/title/tt2980648/,Mid Rated
https://www.imdb.com/title/tt1300854/,Mid Rated
https://www.imdb.com/title/tt0499556/,Mid Rated
https://www.imdb.com/title/tt0452608/,Mid Rated
https://www.imdb.com/title/tt0808151/,Mid Rated
https://www.imdb.com/title/tt0241303/,Mid Rated
https://www.imdb.com/title/tt0976051/,Mid Rated
https://www.imdb.com/title/tt1711525/,Mid Rated
https://www.imdb.com/title/tt5164432/,Mid Rated
https://www.imdb.com/title/tt0277296/,Mid Rated
https://www.imdb.com/title/tt5040012/,Mid Rated
https://www.imdb.com/title/tt0322802/,Mid Rated
https://www.imdb.com/title/tt0377092/,Mid Rated
https://www.imdb.com/title/tt0289765/,Mid Rated
https://www.imdb.com/title/tt2294449/,Mid Rated
https://www.imdb.com/title/tt0257360/,Mid Rated
https://www.imdb.com/title/tt0427392/,Mid Rated
https://www.imdb.com/title/tt21942866/,Mid Rated
https://www.imdb.com/title/tt1121096/,Mid Rated
https://www.imdb.com/title/tt1714915/,Mid Rated
https://www.imdb.com/title/tt3861390/,Mid Rated
https://www.imdb.com/title/tt2557490/,Mid Rated
https://www.imdb.com/title/tt1598822/,Mid Rated
https://www.imdb.com/title/tt3007512/,Mid Rated
https://www.imdb.com/title/tt0414387/,Mid Rated
https://www.imdb.com/title/tt12261776/,Mid Rated
https://www.imdb.com/title/tt5719748/,Mid Rated
https://www.imdb.com/title/tt1324999/,Mid Rated
https://www.imdb.com/title/tt0861739/,Mid Rated
https://www.imdb.com/title/tt0432283/,Mid Rated
https://www.imdb.com/title/tt9620288/,Mid Rated
https://www.imdb.com/title/tt2382320/,Mid Rated
https://www.imdb.com/title/tt0359013/,Mid Rated
https://www.imdb.com/title/tt0480687/,Mid Rated
https://www.imdb.com/title/tt16426418/,Mid Rated
https://www.imdb.com/title/tt1355683/,Mid Rated
https://www.imdb.com/title/tt0842926/,Mid Rated
https://www.imdb.com/title/tt0289848/,Mid Rated
https://www.imdb.com/title/tt0879870/,Mid Rated
https://www.imdb.com/title/tt0393162/,Mid Rated
https://www.imdb.com/title/tt3416532/,Mid Rated
https://www.imdb.com/title/tt1499658/,Mid Rated
https://www.imdb.com/title/tt1588334/,Mid Rated
https://www.imdb.com/title/tt4046784/,Mid Rated
https://www.imdb.com/title/tt2347569/,Mid Rated
https://www.imdb.com/title/tt0496806/,Mid Rated
https://www.imdb.com/title/tt3228774/,Mid Rated
https://www.imdb.com/title/tt13143964/,Mid Rated
https://www.imdb.com/title/tt0821640/,Mid Rated
https://www.imdb.com/title/tt0490215/,Mid Rated
https://www.imdb.com/title/tt8637428/,Mid Rated
https://www.imdb.com/title/tt0980970/,Mid Rated
https://www.imdb.com/title/tt0427229/,Mid Rated
https://www.imdb.com/title/tt1527186/,Mid Rated
https://www.imdb.com/title/tt0948470/,Mid Rated
https://www.imdb.com/title/tt3513548/,Mid Rated
https://www.imdb.com/title/tt0164184/,Mid Rated
https://www.imdb.com/title/tt0035423/,Mid Rated
https://www.imdb.com/title/tt0830515/,Mid Rated
https://www.imdb.com/title/tt1285016/,Mid Rated
https://www.imdb.com/title/tt2562232/,Mid Rated
https://www.imdb.com/title/tt0286106/,Mid Rated
https://www.imdb.com/title/tt0477071/,Mid Rated
https://www.imdb.com/title/tt0884732/,Mid Rated
https://www.imdb.com/title/tt2053425/,Mid Rated
https://www.imdb.com/title/tt0840361/,Mid Rated
https://www.imdb.com/title/tt0120679/,Mid Rated
https://www.imdb.com/title/tt0758752/,Mid Rated
https://www.imdb.com/title/tt1674771/,Mid Rated
https://www.imdb.com/title/tt14992922/,Mid Rated
https://www.imdb.com/title/tt3521164/,Mid Rated
https://www.imdb.com/title/tt0165929/,Mid Rated
https://www.imdb.com/title/tt1704573/,Mid Rated
https://www.imdb.com/title/tt3110958/,Mid Rated
https://www.imdb.com/title/tt5834426/,Mid Rated
https://www.imdb.com/title/tt0385004/,Mid Rated
https://www.imdb.com/title/tt0462538/,Mid Rated
https://www.imdb.com/title/tt4062536/,Mid Rated
https://www.imdb.com/title/tt0974661/,Mid Rated
https://www.imdb.com/title/tt0366548/,Mid Rated
https://www.imdb.com/title/tt0311113/,Mid Rated
https://www.imdb.com/title/tt0374546/,Mid Rated
https://www.imdb.com/title/tt7888964/,Mid Rated
https://www.imdb.com/title/tt0285742/,Mid Rated
https://www.imdb.com/title/tt1587310/,Mid Rated
https://www.imdb.com/title/tt1667353/,Mid Rated
https://www.imdb.com/title/tt0387808/,Mid Rated
https://www.imdb.com/title/tt4532826/,Mid Rated
https://www.imdb.com/title/tt0413300/,Mid Rated
https://www.imdb.com/title/tt2463208/,Mid Rated
https://www.imdb.com/title/tt0765010/,Mid Rated
https://www.imdb.com/title/tt1397280/,Mid Rated
https://www.imdb.com/title/tt0465538/,Mid Rated
https://www.imdb.com/title/tt0346156/,Mid Rated
https://www.imdb.com/title/tt0398286/,Mid Rated
https://www.imdb.com/title/tt0411477/,Mid Rated
https://www.imdb.com/title/tt3758542/,Mid Rated
https://www.imdb.com/title/tt0377471/,Mid Rated
https://www.imdb.com/title/tt1846589/,Mid Rated
https://www.imdb.com/title/tt17526714/,Mid Rated
https://www.imdb.com/title/tt8946378/,Mid Rated
https://www.imdb.com/title/tt0221027/,Mid Rated
https://www.imdb.com/title/tt0346491/,Mid Rated
https://www.imdb.com/title/tt1045778/,Mid Rated
https://www.imdb.com/title/tt17279496/,Mid Rated
https://www.imdb.com/title/tt1070874/,Mid Rated
https://www.imdb.com/title/tt4196776/,Mid Rated
https://www.imdb.com/title/tt5109784/,Mid Rated
https://www.imdb.com/title/tt1571222/,Mid Rated
https://www.imdb.com/title/tt0298148/,Mid Rated
https://www.imdb.com/title/tt0172156/,Mid Rated
https://www.imdb.com/title/tt1065073/,Mid Rated
https://www.imdb.com/title/tt1655441/,Mid Rated
https://www.imdb.com/title/tt1091722/,Mid Rated
https://www.imdb.com/title/tt0375063/,Mid Rated
https://www.imdb.com/title/tt0411061/,Mid Rated
https://www.imdb.com/title/tt0783233/,Mid Rated
https://www.imdb.com/title/tt0443680/,Mid Rated
https://www.imdb.com/title/tt8385148/,Mid Rated
https://www.imdb.com/title/tt7737528/,Mid Rated
https://www.imdb.com/title/tt3099498/,Mid Rated
https://www.imdb.com/title/tt4530422/,Mid Rated
https://www.imdb.com/title/tt2387559/,Mid Rated
https://www.imdb.com/title/tt5638642/,Mid Rated
https://www.imdb.com/title/tt1375670/,Mid Rated
https://www.imdb.com/title/tt1032755/,Mid Rated
https://www.imdb.com/title/tt1226837/,Mid Rated
https://www.imdb.com/title/tt0800080/,Mid Rated
https://www.imdb.com/title/tt0808417/,Mid Rated
https://www.imdb.com/title/tt0457513/,Mid Rated
https://www.imdb.com/title/tt0454841/,Mid Rated
https://www.imdb.com/title/tt1560220/,Mid Rated
https://www.imdb.com/title/tt7322224/,Mid Rated
https://www.imdb.com/title/tt1462758/,Mid Rated
https://www.imdb.com/title/tt1790886/,Mid Rated
https://www.imdb.com/title/tt3348730/,Mid Rated
https://www.imdb.com/title/tt1677720/,Mid Rated
https://www.imdb.com/title/tt2279373/,Mid Rated
https://www.imdb.com/title/tt10403420/,Mid Rated
https://www.imdb.com/title/tt9243804/,Mid Rated
https://www.imdb.com/title/tt0403702/,Mid Rated
https://www.imdb.com/title/tt3042408/,Mid Rated
https://www.imdb.com/title/tt13433802/,Mid Rated
https://www.imdb.com/title/tt17663992/,Mid Rated
https://www.imdb.com/title/tt7282468/,Mid Rated
https://www.imdb.com/title/tt0432021/,Mid Rated
https://www.imdb.com/title/tt3774694/,Mid Rated
https://www.imdb.com/title/tt2058673/,Mid Rated
https://www.imdb.com/title/tt7713068/,Mid Rated
https://www.imdb.com/title/tt1023111/,Mid Rated
https://www.imdb.com/title/tt27503384/,Mid Rated
https://www.imdb.com/title/tt0497465/,Mid Rated
https://www.imdb.com/title/tt1877830/,Mid Rated
https://www.imdb.com/title/tt1289401/,Mid Rated
https://www.imdb.com/title/tt0325710/,Mid Rated
https://www.imdb.com/title/tt2224026/,Mid Rated
https://www.imdb.com/title/tt3522806/,Mid Rated
https://www.imdb.com/title/tt4500922/,Mid Rated
https://www.imdb.com/title/tt0393109/,Mid Rated
https://www.imdb.com/title/tt1083452/,Mid Rated
https://www.imdb.com/title/tt5715874/,Mid Rated
https://www.imdb.com/title/tt0416320/,Mid Rated
https://www.imdb.com/title/tt6452574/,Mid Rated
https://www.imdb.com/title/tt1491044/,Mid Rated
https://www.imdb.com/title/tt4698684/,Mid Rated
https://www.imdb.com/title/tt0390384/,Mid Rated
https://www.imdb.com/title/tt3606756/,Mid Rated
https://www.imdb.com/title/tt4919268/,Mid Rated
https://www.imdb.com/title/tt1228705/,Mid Rated
https://www.imdb.com/title/tt11245972/,Mid Rated
https://www.imdb.com/title/tt0964517/,Mid Rated
https://www.imdb.com/title/tt0405325/,Mid Rated
https://www.imdb.com/title/tt2953050/,Mid Rated
https://www.imdb.com/title/tt5776858/,Mid Rated
https://www.imdb.com/title/tt0338526/,Mid Rated
https://www.imdb.com/title/tt1298650/,Mid Rated
https://www.imdb.com/title/tt1488606/,Mid Rated
https://www.imdb.com/title/tt1210166/,Mid Rated
https://www.imdb.com/title/tt0475290/,Mid Rated
https://www.imdb.com/title/tt0313737/,Mid Rated
https://www.imdb.com/title/tt6277462/,Mid Rated
https://www.imdb.com/title/tt3846674/,Mid Rated
https://www.imdb.com/title/tt9783600/,Mid Rated
https://www.imdb.com/title/tt0240772/,Mid Rated
https://www.imdb.com/title/tt1924435/,Mid Rated
https://www.imdb.com/title/tt15354916/,Mid Rated
https://www.imdb.com/title/tt1687901/,Mid Rated
https://www.imdb.com/title/tt2404435/,Mid Rated
https://www.imdb.com/title/tt0446059/,Mid Rated
https://www.imdb.com/title/tt1763303/,Mid Rated
https://www.imdb.com/title/tt0438488/,Mid Rated
https://www.imdb.com/title/tt0213847/,Mid Rated
https://www.imdb.com/title/tt0356680/,Mid Rated
https://www.imdb.com/title/tt6823368/,Mid Rated
https://www.imdb.com/title/tt1731141/,Mid Rated
https://www.imdb.com/title/tt0918940/,Mid Rated
https://www.imdb.com/title/tt1800246/,Mid Rated
https://www.imdb.com/title/tt2935510/,Mid Rated
https://www.imdb.com/title/tt0452694/,Mid Rated
https://www.imdb.com/title/tt6246322/,Mid Rated
https://www.imdb.com/title/tt22408160/,Mid Rated
https://www.imdb.com/title/tt3263904/,Mid Rated
https://www.imdb.com/title/tt1592525/,Mid Rated
https://www.imdb.com/title/tt1951261/,Mid Rated
https://www.imdb.com/title/tt1821694/,Mid Rated
https://www.imdb.com/title/tt0800369/,Mid Rated
https://www.imdb.com/title/tt1082807/,Mid Rated
https://www.imdb.com/title/tt0397065/,Mid Rated
https://www.imdb.com/title/tt0268695/,Mid Rated
https://www.imdb.com/title/tt1754656/,Mid Rated
https://www.imdb.com/title/tt1951266/,Mid Rated
https://www.imdb.com/title/tt8228288/,Mid Rated
https://www.imdb.com/title/tt1855199/,Mid Rated
https://www.imdb.com/title/tt0481499/,Mid Rated
https://www.imdb.com/title/tt1386697/,Mid Rated
https://www.imdb.com/title/tt1430132/,Mid Rated
https://www.imdb.com/title/tt5028340/,Mid Rated
https://www.imdb.com/title/tt0295178/,Mid Rated
https://www.imdb.com/title/tt0195714/,Mid Rated
https://www.imdb.com/title/tt0481369/,Mid Rated
https://www.imdb.com/title/tt0200465/,Mid Rated
https://www.imdb.com/title/tt0462200/,Mid Rated
https://www.imdb.com/title/tt3498820/,Mid Rated
https://www.imdb.com/title/tt0384537/,Mid Rated
https://www.imdb.com/title/tt0472160/,Mid Rated
https://www.imdb.com/title/tt0376136/,Mid Rated
https://www.imdb.com/title/tt1013753/,Mid Rated
https://www.imdb.com/title/tt1025100/,Mid Rated
https://www.imdb.com/title/tt0462499/,Mid Rated
https://www.imdb.com/title/tt1396484/,Mid Rated
https://www.imdb.com/title/tt8368368/,Mid Rated
https://www.imdb.com/title/tt0360486/,Mid Rated
https://www.imdb.com/title/tt0471042/,Mid Rated
https://www.imdb.com/title/tt15314262/,Mid Rated
https://www.imdb.com/title/tt9531772/,Mid Rated
https://www.imdb.com/title/tt1291570/,Mid Rated
https://www.imdb.com/title/tt0232500/,Mid Rated
https://www.imdb.com/title/tt4438848/,Mid Rated
https://www.imdb.com/title/tt1450321/,Mid Rated
https://www.imdb.com/title/tt8912936/,Mid Rated
https://www.imdb.com/title/tt3774114/,Mid Rated
https://www.imdb.com/title/tt2024432/,Mid Rated
https://www.imdb.com/title/tt0190590/,Mid Rated
https://www.imdb.com/title/tt21807222/,Mid Rated
https://www.imdb.com/title/tt2674426/,Mid Rated
https://www.imdb.com/title/tt0436697/,Mid Rated
https://www.imdb.com/title/tt4614584/,Mid Rated
https://www.imdb.com/title/tt6467266/,Mid Rated
https://www.imdb.com/title/tt0817230/,Mid Rated
https://www.imdb.com/title/tt0163978/,Mid Rated
https://www.imdb.com/title/tt4287320/,Mid Rated
https://www.imdb.com/title/tt2719848/,Mid Rated
https://www.imdb.com/title/tt0478134/,Mid Rated
https://www.imdb.com/title/tt0206275/,Mid Rated
https://www.imdb.com/title/tt1219342/,Mid Rated
https://www.imdb.com/title/tt11858890/,Mid Rated
https://www.imdb.com/title/tt0243736/,Mid Rated
https://www.imdb.com/title/tt0499448/,Mid Rated
https://www.imdb.com/title/tt1485796/,Mid Rated
https://www.imdb.com/title/tt1700841/,Mid Rated
https://www.imdb.com/title/tt0164334/,Mid Rated
https://www.imdb.com/title/tt15326988/,Mid Rated
https://www.imdb.com/title/tt2488496/,Mid Rated
https://www.imdb.com/title/tt15654328/,Mid Rated
https://www.imdb.com/title/tt3640424/,Mid Rated
https://www.imdb.com/title/tt11138512/,Mid Rated
https://www.imdb.com/title/tt1099212/,Mid Rated
https://www.imdb.com/title/tt0443465/,Mid Rated
https://www.imdb.com/title/tt3713166/,Mid Rated
https://www.imdb.com/title/tt1446192/,Mid Rated
https://www.imdb.com/title/tt13560574/,Mid Rated
https://www.imdb.com/title/tt6146586/,Mid Rated
https://www.imdb.com/title/tt22375054/,Mid Rated
https://www.imdb.com/title/tt4857264/,Mid Rated
https://www.imdb.com/title/tt1188729/,Mid Rated
https://www.imdb.com/title/tt10919380/,Mid Rated
https://www.imdb.com/title/tt0327056/,Mid Rated
https://www.imdb.com/title/tt1232200/,Mid Rated
https://www.imdb.com/title/tt0357413/,Mid Rated
https://www.imdb.com/title/tt4633690/,Mid Rated
https://www.imdb.com/title/tt0395699/,Mid Rated
https://www.imdb.com/title/tt0319262/,Mid Rated
https://www.imdb.com/title/tt7958736/,Mid Rated
https://www.imdb.com/title/tt1351685/,Mid Rated
https://www.imdb.com/title/tt1860357/,Mid Rated
https://www.imdb.com/title/tt0864761/,Mid Rated
https://www.imdb.com/title/tt0993840/,Mid Rated
https://www.imdb.com/title/tt1486192/,Mid Rated
https://www.imdb.com/title/tt1605630/,Mid Rated
https://www.imdb.com/title/tt1124037/,Mid Rated
https://www.imdb.com/title/tt0464154/,Mid Rated
https://www.imdb.com/title/tt0907657/,Mid Rated
https://www.imdb.com/title/tt2094766/,Mid Rated
https://www.imdb.com/title/tt0138524/,Mid Rated
https://www.imdb.com/title/tt13640696/,Mid Rated
https://www.imdb.com/title/tt0790686/,Mid Rated
https://www.imdb.com/title/tt0377109/,Mid Rated
https://www.imdb.com/title/tt1291150/,Mid Rated
https://www.imdb.com/title/tt14257582/,Mid Rated
https://www.imdb.com/title/tt0322330/,Mid Rated
https://www.imdb.com/title/tt13452446/,Mid Rated
https://www.imdb.com/title/tt1436562/,Mid Rated
https://www.imdb.com/title/tt2013293/,Mid Rated
https://www.imdb.com/title/tt2649554/,Mid Rated
https://www.imdb.com/title/tt5657856/,Mid Rated
https://www.imdb.com/title/tt19770238/,Mid Rated
https://www.imdb.com/title/tt0285823/,Mid Rated
https://www.imdb.com/title/tt1657507/,Mid Rated
https://www.imdb.com/title/tt2387499/,Mid Rated
https://www.imdb.com/title/tt1483013/,Mid Rated
https://www.imdb.com/title/tt1872194/,Mid Rated
https://www.imdb.com/title/tt15671028/,Mid Rated
https://www.imdb.com/title/tt2084970/,Mid Rated
https://www.imdb.com/title/tt20221436/,Mid Rated
https://www.imdb.com/title/tt0859163/,Mid Rated
https://www.imdb.com/title/tt0330373/,Mid Rated
https://www.imdb.com/title/tt1504320/,Mid Rated
https://www.imdb.com/title/tt0284490/,Mid Rated
https://www.imdb.com/title/tt2428170/,Mid Rated
https://www.imdb.com/title/tt0385880/,Mid Rated
https://www.imdb.com/title/tt0409182/,Mid Rated
https://www.imdb.com/title/tt12593682/,Mid Rated
https://www.imdb.com/title/tt1985949/,Mid Rated
https://www.imdb.com/title/tt2910814/,Mid Rated
https://www.imdb.com/title/tt1764651/,Mid Rated
https://www.imdb.com/title/tt0492956/,Mid Rated
https://www.imdb.com/title/tt1170358/,Mid Rated
https://www.imdb.com/title/tt0861689/,Mid Rated
https://www.imdb.com/title/tt0133152/,Mid Rated
https://www.imdb.com/title/tt1598778/,Mid Rated
https://www.imdb.com/title/tt1506999/,Mid Rated
https://www.imdb.com/title/tt0452625/,Mid Rated
https://www.imdb.com/title/tt0218967/,Mid Rated
https://www.imdb.com/title/tt2017038/,Mid Rated
https://www.imdb.com/title/tt4651520/,Mid Rated
https://www.imdb.com/title/tt4226388/,Mid Rated
https://www.imdb.com/title/tt1922777/,Mid Rated
https://www.imdb.com/title/tt9701942/,Mid Rated
https://www.imdb.com/title/tt2312718/,Mid Rated
https://www.imdb.com/title/tt0325805/,Mid Rated
https://www.imdb.com/title/tt6911608/,Mid Rated
https://www.imdb.com/title/tt3470600/,Mid Rated
https://www.imdb.com/title/tt0264616/,Mid Rated
https://www.imdb.com/title/tt1197628/,Mid Rated
https://www.imdb.com/title/tt0479884/,Mid Rated
https://www.imdb.com/title/tt4495098/,Mid Rated
https://www.imdb.com/title/tt0870111/,Mid Rated
https://www.imdb.com/title/tt0817177/,Mid Rated
https://www.imdb.com/title/tt5294550/,Mid Rated
https://www.imdb.com/title/tt0450314/,Mid Rated
https://www.imdb.com/title/tt3799694/,Mid Rated
https://www.imdb.com/title/tt0344510/,Mid Rated
https://www.imdb.com/title/tt1486185/,Mid Rated
https://www.imdb.com/title/tt0120903/,Mid Rated
https://www.imdb.com/title/tt6924650/,Mid Rated
https://www.imdb.com/title/tt0974015/,Mid Rated
https://www.imdb.com/title/tt6998518/,Mid Rated
https://www.imdb.com/title/tt11145118/,Mid Rated
https://www.imdb.com/title/tt1411250/,Mid Rated
https://www.imdb.com/title/tt0120804/,Mid Rated
https://www.imdb.com/title/tt3631112/,Mid Rated
https://www.imdb.com/title/tt1583421/,Mid Rated
https://www.imdb.com/title/tt5657846/,Mid Rated
https://www.imdb.com/title/tt0290002/,Mid Rated
https://www.imdb.com/title/tt0367089/,Mid Rated
https://www.imdb.com/title/tt9347730/,Mid Rated
https://www.imdb.com/title/tt1568346/,Mid Rated
https://www.imdb.com/title/tt20215234/,Mid Rated
https://www.imdb.com/title/tt0429493/,Mid Rated
https://www.imdb.com/title/tt1433811/,Mid Rated
https://www.imdb.com/title/tt3758172/,Mid Rated
https://www.imdb.com/title/tt1013752/,Mid Rated
https://www.imdb.com/title/tt1327194/,Mid Rated
https://www.imdb.com/title/tt24268454/,Mid Rated
https://www.imdb.com/title/tt2582846/,Mid Rated
https://www.imdb.com/title/tt0261392/,Mid Rated
https://www.imdb.com/title/tt8847712/,Mid Rated
https://www.imdb.com/title/tt2364841/,Mid Rated
https://www.imdb.com/title/tt0315983/,Mid Rated
https://www.imdb.com/title/tt1924429/,Mid Rated
https://www.imdb.com/title/tt3850214/,Mid Rated
https://www.imdb.com/title/tt0328828/,Mid Rated
https://www.imdb.com/title/tt1234721/,Mid Rated
https://www.imdb.com/title/tt1727824/,Mid Rated
https://www.imdb.com/title/tt1536537/,Mid Rated
https://www.imdb.com/title/tt0758746/,Mid Rated
https://www.imdb.com/title/tt5308322/,Mid Rated
https://www.imdb.com/title/tt2582496/,Mid Rated
https://www.imdb.com/title/tt0373883/,Mid Rated
https://www.imdb.com/title/tt2126355/,Mid Rated
https://www.imdb.com/title/tt0227538/,Mid Rated
https://www.imdb.com/title/tt8106534/,Mid Rated
https://www.imdb.com/title/tt8332922/,Mid Rated
https://www.imdb.com/title/tt6723592/,Mid Rated
https://www.imdb.com/title/tt3152624/,Mid Rated
https://www.imdb.com/title/tt0264472/,Mid Rated
https://www.imdb.com/title/tt4244998/,Mid Rated
https://www.imdb.com/title/tt1781769/,Mid Rated
https://www.imdb.com/title/tt0386117/,Mid Rated
https://www.imdb.com/title/tt0814255/,Mid Rated
https://www.imdb.com/title/tt0293662/,Mid Rated
https://www.imdb.com/title/tt1352824/,Mid Rated
https://www.imdb.com/title/tt1740707/,Mid Rated
https://www.imdb.com/title/tt0366627/,Mid Rated
https://www.imdb.com/title/tt0388125/,Mid Rated
https://www.imdb.com/title/tt5113040/,Mid Rated
https://www.imdb.com/title/tt1440129/,Mid Rated
https://www.imdb.com/title/tt0266915/,Mid Rated
https://www.imdb.com/title/tt1343092/,Mid Rated
https://www.imdb.com/title/tt1433108/,Mid Rated
https://www.imdb.com/title/tt3521126/,Mid Rated
https://www.imdb.com/title/tt0363988/,Mid Rated
https://www.imdb.com/title/tt10648342/,Mid Rated
https://www.imdb.com/title/tt0423977/,Mid Rated
https://www.imdb.com/title/tt10954600/,Mid Rated
https://www.imdb.com/title/tt0363589/,Mid Rated
https://www.imdb.com/title/tt1130080/,Mid Rated
https://www.imdb.com/title/tt0983193/,Mid Rated
https://www.imdb.com/title/tt0480669/,Mid Rated
https://www.imdb.com/title/tt2388771/,Mid Rated
https://www.imdb.com/title/tt3411444/,Mid Rated
https://www.imdb.com/title/tt10545296/,Mid Rated
https://www.imdb.com/title/tt5109280/,Mid Rated
https://www.imdb.com/title/tt0310793/,Mid Rated
https://www.imdb.com/title/tt8367814/,Mid Rated
https://www.imdb.com/title/tt0765443/,Mid Rated
https://www.imdb.com/title/tt0126029/,Mid Rated
https://www.imdb.com/title/tt1981677/,Mid Rated
https://www.imdb.com/title/tt1179034/,Mid Rated
https://www.imdb.com/title/tt10083340/,Mid Rated
https://www.imdb.com/title/tt0286788/,Mid Rated
https://www.imdb.com/title/tt0963178/,Mid Rated
https://www.imdb.com/title/tt1631867/,Mid Rated
https://www.imdb.com/title/tt0278504/,Mid Rated
https://www.imdb.com/title/tt0338348/,Mid Rated
https://www.imdb.com/title/tt3532216/,Mid Rated
https://www.imdb.com/title/tt11214590/,Mid Rated
https://www.imdb.com/title/tt1650554/,Mid Rated
https://www.imdb.com/title/tt1276104/,Mid Rated
https://www.imdb.com/title/tt3065204/,Mid Rated
https://www.imdb.com/title/tt1020072/,Mid Rated
https://www.imdb.com/title/tt6806448/,Mid Rated
https://www.imdb.com/title/tt1939659/,Mid Rated
https://www.imdb.com/title/tt8629748/,Mid Rated
https://www.imdb.com/title/tt4080728/,Mid Rated
https://www.imdb.com/title/tt1307068/,Mid Rated
https://www.imdb.com/title/tt0313542/,Mid Rated
https://www.imdb.com/title/tt0945513/,Mid Rated
https://www.imdb.com/title/tt1232776/,Mid Rated
https://www.imdb.com/title/tt0372588/,Mid Rated
https://www.imdb.com/title/tt1571234/,Mid Rated
https://www.imdb.com/title/tt0250687/,Mid Rated
https://www.imdb.com/title/tt4772188/,Mid Rated
https://www.imdb.com/title/tt0449010/,Mid Rated
https://www.imdb.com/title/tt1055369/,Mid Rated
https://www.imdb.com/title/tt1951264/,Mid Rated
https://www.imdb.com/title/tt3104988/,Mid Rated
https://www.imdb.com/title/tt0362270/,Mid Rated
https://www.imdb.com/title/tt0803096/,Mid Rated
https://www.imdb.com/title/tt1001508/,Mid Rated
https://www.imdb.com/title/tt0170016/,Mid Rated
https://www.imdb.com/title/tt1222817/,Mid Rated
https://www.imdb.com/title/tt0208003/,Mid Rated
https://www.imdb.com/title/tt1712261/,Mid Rated
https://www.imdb.com/title/tt0332280/,Mid Rated
https://www.imdb.com/title/tt1253863/,Mid Rated
https://www.imdb.com/title/tt0497116/,Mid Rated
https://www.imdb.com/title/tt1193138/,Mid Rated
https://www.imdb.com/title/tt5034838/,Mid Rated
https://www.imdb.com/title/tt0452598/,Mid Rated
https://www.imdb.com/title/tt0373889/,Mid Rated
https://www.imdb.com/title/tt4779682/,Mid Rated
https://www.imdb.com/title/tt0166813/,Mid Rated
https://www.imdb.com/title/tt0313443/,Mid Rated
https://www.imdb.com/title/tt0408236/,Mid Rated
https://www.imdb.com/title/tt3811906/,Mid Rated
https://www.imdb.com/title/tt0384680/,Mid Rated
https://www.imdb.com/title/tt1024255/,Mid Rated
https://www.imdb.com/title/tt2321549/,Mid Rated
https://www.imdb.com/title/tt6053438/,Mid Rated
https://www.imdb.com/title/tt0258000/,Mid Rated
https://www.imdb.com/title/tt3300542/,Mid Rated
https://www.imdb.com/title/tt0367594/,Mid Rated
https://www.imdb.com/title/tt0985694/,Mid Rated
https://www.imdb.com/title/tt0473705/,Mid Rated
https://www.imdb.com/title/tt4139588/,Mid Rated
https://www.imdb.com/title/tt0265349/,Mid Rated
https://www.imdb.com/title/tt1385867/,Mid Rated
https://www.imdb.com/title/tt0319061/,Mid Rated
https://www.imdb.com/title/tt1126590/,Mid Rated
https://www.imdb.com/title/tt1216496/,Mid Rated
https://www.imdb.com/title/tt0864835/,Mid Rated
https://www.imdb.com/title/tt3203606/,Mid Rated
https://www.imdb.com/title/tt21192142/,Mid Rated
https://www.imdb.com/title/tt6772950/,Mid Rated
https://www.imdb.com/title/tt1027718/,Mid Rated
https://www.imdb.com/title/tt0324216/,Mid Rated
https://www.imdb.com/title/tt1860213/,Mid Rated
https://www.imdb.com/title/tt4160708/,Mid Rated
https://www.imdb.com/title/tt5478478/,Mid Rated
https://www.imdb.com/title/tt1462041/,Mid Rated
https://www.imdb.com/title/tt0138749/,Mid Rated
https://www.imdb.com/title/tt1600196/,Mid Rated
https://www.imdb.com/title/tt1298644/,Mid Rated
https://www.imdb.com/title/tt0305224/,Mid Rated
https://www.imdb.com/title/tt3289956/,Mid Rated
https://www.imdb.com/title/tt7975244/,Mid Rated
https://www.imdb.com/title/tt0396269/,Mid Rated
https://www.imdb.com/title/tt0427152/,Mid Rated
https://www.imdb.com/search/title/,Mid Rated
https://www.imdb.com/title/tt1000774/,Mid Rated
https://www.imdb.com/title/tt0808506/,Mid Rated
https://www.imdb.com/title/tt0228786/,Mid Rated
https://www.imdb.com/title/tt0448694/,Mid Rated
https://www.imdb.com/title/tt0364517/,Mid Rated
https://www.imdb.com/title/tt5033998/,Mid Rated
https://www.imdb.com/title/tt1617661/,Mid Rated
https://www.imdb.com/title/tt1234548/,Mid Rated
https://www.imdb.com/title/tt0416449/,Mid Rated
https://www.imdb.com/title/tt0385752/,Mid Rated
https://www.imdb.com/title/tt0329575/,Mid Rated
https://www.imdb.com/title/tt0355295/,Mid Rated
https://www.imdb.com/title/tt20215968/,Mid Rated
https://www.imdb.com/title/tt0445922/,Mid Rated
https://www.imdb.com/title/tt2359024/,Mid Rated
https://www.imdb.com/title/tt1582507/,Mid Rated
https://www.imdb.com/title/tt3410834/,Mid Rated
https://www.imdb.com/title/tt9603212/,Mid Rated
https://www.imdb.com/title/tt1355630/,Mid Rated
https://www.imdb.com/title/tt1137450/,Mid Rated
https://www.imdb.com/title/tt0307479/,Mid Rated
https://www.imdb.com/title/tt1401152/,Mid Rated
https://www.imdb.com/title/tt11813216/,Mid Rated
https://www.imdb.com/title/tt3717490/,Mid Rated
https://www.imdb.com/title/tt0960144/,Mid Rated
https://www.imdb.com/title/tt14858658/,Mid Rated
https://www.imdb.com/title/tt2387433/,Mid Rated
https://www.imdb.com/title/tt1703199/,Mid Rated
https://www.imdb.com/title/tt1294226/,Mid Rated
https://www.imdb.com/title/tt0804497/,Mid Rated
https://www.imdb.com/title/tt0185431/,Mid Rated
https://www.imdb.com/title/tt0983213/,Mid Rated
https://www.imdb.com/title/tt2820852/,Mid Rated
https://www.imdb.com/title/tt14539740/,Mid Rated
https://www.imdb.com/title/tt0327437/,Mid Rated
https://www.imdb.com/title/tt1563738/,Mid Rated
https://www.imdb.com/title/tt0293508/,Mid Rated
https://www.imdb.com/title/tt2106651/,Mid Rated
https://www.imdb.com/title/tt0449089/,Mid Rated
https://www.imdb.com/title/tt3450958/,Mid Rated
https://www.imdb.com/title/tt0887912/,Mid Rated
https://www.imdb.com/title/tt3014866/,Mid Rated
https://www.imdb.com/title/tt13345606/,Mid Rated
https://www.imdb.com/title/tt1262416/,Mid Rated
https://www.imdb.com/title/tt2910904/,Mid Rated
https://www.imdb.com/title/tt1403865/,Mid Rated
https://www.imdb.com/title/tt1216492/,Mid Rated
https://www.imdb.com/title/tt4846232/,Mid Rated
https://www.imdb.com/title/tt0882977/,Mid Rated
https://www.imdb.com/title/tt8093700/,Mid Rated
https://www.imdb.com/title/tt3045616/,Mid Rated
https://www.imdb.com/title/tt5463162/,Mid Rated
https://www.imdb.com/title/tt7456310/,Mid Rated
https://www.imdb.com/title/tt1133985/,Mid Rated
https://www.imdb.com/title/tt1411697/,Mid Rated
https://www.imdb.com/title/tt1840309/,Mid Rated
https://www.imdb.com/title/tt0187393/,Mid Rated
https://www.imdb.com/title/tt0398165/,Mid Rated
https://www.imdb.com/title/tt0449088/,Mid Rated
https://www.imdb.com/title/tt12477480/,Mid Rated
https://www.imdb.com/title/tt7740496/,Mid Rated
https://www.imdb.com/title/tt1172049/,Mid Rated
https://www.imdb.com/title/tt0829150/,Mid Rated
https://www.imdb.com/title/tt10665342/,Mid Rated
https://www.imdb.com/title/tt21823606/,Mid Rated
https://www.imdb.com/title/tt0423294/,Mid Rated
https://www.imdb.com/title/tt0456554/,Mid Rated
https://www.imdb.com/title/tt0238380/,Mid Rated
https://www.imdb.com/title/tt2305051/,Mid Rated
https://www.imdb.com/title/tt0838221/,Mid Rated
https://www.imdb.com/title/tt5884052/,Mid Rated
https://www.imdb.com/title/tt0822854/,Mid Rated
https://www.imdb.com/title/tt0421082/,Mid Rated
https://www.imdb.com/title/tt0181689/,Mid Rated
https://www.imdb.com/title/tt0884328/,Mid Rated
https://www.imdb.com/title/tt0837563/,Mid Rated
https://www.imdb.com/title/tt8688634/,Mid Rated
https://www.imdb.com/title/tt0989757/,Mid Rated
https://www.imdb.com/title/tt2226597/,Mid Rated
https://www.imdb.com/title/tt0454848/,Mid Rated
https://www.imdb.com/title/tt0402399/,Mid Rated
https://www.imdb.com/title/tt1206885/,Mid Rated
https://www.imdb.com/title/tt7984766/,Mid Rated
https://www.imdb.com/title/tt1465522/,Mid Rated
https://www.imdb.com/title/tt0386588/,Mid Rated
https://www.imdb.com/title/tt2005151/,Mid Rated
https://www.imdb.com/title/tt0816462/,Mid Rated
https://www.imdb.com/title/tt2112124/,Mid Rated
https://www.imdb.com/title/tt0369441/,Mid Rated
https://www.imdb.com/title/tt0427312/,Mid Rated
https://www.imdb.com/title/tt1408101/,Mid Rated
https://www.imdb.com/title/tt0780504/,Mid Rated
https://www.imdb.com/title/tt0398808/,Mid Rated
https://www.imdb.com/title/tt1854564/,Mid Rated
https://www.imdb.com/title/tt0370986/,Mid Rated
https://www.imdb.com/title/tt0995039/,Mid Rated
https://www.imdb.com/title/tt1477076/,Mid Rated
https://www.imdb.com/title/tt1535109/,Mid Rated
https://www.imdb.com/title/tt1178663/,Mid Rated
https://www.imdb.com/title/tt0758758/,Mid Rated
https://www.imdb.com/title/tt1839492/,Mid Rated
https://www.imdb.com/title/tt9844522/,Mid Rated
https://www.imdb.com/title/tt6079516/,Mid Rated
https://www.imdb.com/title/tt2080374/,Mid Rated
https://www.imdb.com/title/tt1623288/,Mid Rated
https://www.imdb.com/title/tt0993842/,Mid Rated
https://www.imdb.com/title/tt1131729/,Mid Rated
https://www.imdb.com/title/tt1074638/,Mid Rated
https://www.imdb.com/title/tt1379182/,Mid Rated
https://www.imdb.com/title/tt1392170/,Mid Rated
https://www.imdb.com/title/tt0265208/,Mid Rated
https://www.imdb.com/title/tt0285531/,Mid Rated
https://www.imdb.com/title/tt3312830/,Mid Rated
https://www.imdb.com/title/tt7784604/,Mid Rated
https://www.imdb.com/title/tt3235888/,Mid Rated
https://www.imdb.com/title/tt1185416/,Mid Rated
https://www.imdb.com/title/tt0207201/,Mid Rated
https://www.imdb.com/title/tt3659388/,Mid Rated
https://www.imdb.com/title/tt1972571/,Mid Rated
https://www.imdb.com/title/tt0212338/,Mid Rated
https://www.imdb.com/title/tt3622592/,Mid Rated
https://www.imdb.com/title/tt7752126/,Mid Rated
https://www.imdb.com/title/tt1602613/,Mid Rated
https://www.imdb.com/title/tt2057392/,Mid Rated
https://www.imdb.com/title/tt0216216/,Mid Rated
https://www.imdb.com/title/tt2452386/,Mid Rated
https://www.imdb.com/title/tt4649466/,Mid Rated
https://www.imdb.com/title/tt1190539/,Mid Rated
https://www.imdb.com/title/tt2334649/,Mid Rated
https://www.imdb.com/title/tt6663582/,Mid Rated
https://www.imdb.com/title/tt0186566/,Mid Rated
https://www.imdb.com/title/tt28015403/,Mid Rated
https://www.imdb.com/title/tt2752772/,Mid Rated
https://www.imdb.com/title/tt0960731/,Mid Rated
https://www.imdb.com/title/tt0139654/,Mid Rated
https://www.imdb.com/title/tt1302011/,Mid Rated
https://www.imdb.com/title/tt0217869/,Mid Rated
https://www.imdb.com/title/tt1149362/,Mid Rated
https://www.imdb.com/title/tt0464141/,Mid Rated
https://www.imdb.com/title/tt1899353/,Mid Rated
https://www.imdb.com/title/tt0397535/,Mid Rated
https://www.imdb.com/title/tt1625346/,Mid Rated
https://www.imdb.com/title/tt5247022/,Mid Rated
https://www.imdb.com/title/tt0272338/,Mid Rated
https://www.imdb.com/title/tt0335345/,Mid Rated
https://www.imdb.com/title/tt14230458/,Mid Rated
https://www.imdb.com/title/tt0468489/,Mid Rated
https://www.imdb.com/title/tt1618434/,Mid Rated
https://www.imdb.com/title/tt0185014/,Mid Rated
https://www.imdb.com/title/tt28075881/,Mid Rated
https://www.imdb.com/title/tt0317919/,Mid Rated
https://www.imdb.com/title/tt2637276/,Mid Rated
https://www.imdb.com/title/tt1893256/,Mid Rated
https://www.imdb.com/title/tt1673434/,Mid Rated
https://www.imdb.com/title/tt1077368/,Mid Rated
https://www.imdb.com/title/tt6679794/,Mid Rated
https://www.imdb.com/title/tt9893250/,Mid Rated
https://www.imdb.com/title/tt0289043/,Mid Rated
https://www.imdb.com/title/tt1148204/,Mid Rated
https://www.imdb.com/title/tt0261983/,Mid Rated
https://www.imdb.com/title/tt0866439/,Mid Rated
https://www.imdb.com/title/tt2671706/,Mid Rated
https://www.imdb.com/title/tt1655389/,Mid Rated
https://www.imdb.com/title/tt15679400/,Mid Rated
https://www.imdb.com/title/tt1961175/,Mid Rated
https://www.imdb.com/title/tt5093026/,Mid Rated
https://www.imdb.com/title/tt9411972/,Mid Rated
https://www.imdb.com/title/tt2381111/,Mid Rated
https://www.imdb.com/title/tt5113044/,Mid Rated
https://www.imdb.com/title/tt17024450/,Mid Rated
https://www.imdb.com/title/tt0378109/,Mid Rated
https://www.imdb.com/title/tt1144884/,Mid Rated
https://www.imdb.com/title/tt0401729/,Mid Rated
https://www.imdb.com/title/tt9866072/,Mid Rated
https://www.imdb.com/title/tt0316396/,Mid Rated
https://www.imdb.com/title/tt0816442/,Mid Rated
https://www.imdb.com/title/tt0312004/,Mid Rated
https://www.imdb.com/title/tt0167190/,Mid Rated
https://www.imdb.com/title/tt0349683/,Mid Rated
https://www.imdb.com/title/tt1371150/,Mid Rated
https://www.imdb.com/title/tt0478087/,Mid Rated
https://www.imdb.com/title/tt0498380/,Mid Rated
https://www.imdb.com/title/tt0417148/,Mid Rated
https://www.imdb.com/title/tt5433140/,Mid Rated
https://www.imdb.com/title/tt0327137/,Mid Rated
https://www.imdb.com/title/tt14138650/,Mid Rated
https://www.imdb.com/title/tt5052474/,Mid Rated
https://www.imdb.com/title/tt9466114/,Mid Rated
https://www.imdb.com/title/tt0160127/,Mid Rated
https://www.imdb.com/title/tt0387131/,Mid Rated
https://www.imdb.com/title/tt0375679/,Mid Rated
https://www.imdb.com/title/tt0247745/,Mid Rated
https://www.imdb.com/title/tt0337921/,Mid Rated
https://www.imdb.com/title/tt0918927/,Mid Rated
https://www.imdb.com/title/tt1638002/,Mid Rated
https://www.imdb.com/title/tt0351977/,Mid Rated
https://www.imdb.com/title/tt1637688/,Mid Rated
https://www.imdb.com/title/tt0424345/,Mid Rated
https://www.imdb.com/title/tt6920084/,Mid Rated
https://www.imdb.com/title/tt0452702/,Mid Rated
https://www.imdb.com/title/tt4765284/,Mid Rated
https://www.imdb.com/title/tt0841046/,Mid Rated
https://www.imdb.com/title/tt0448134/,Mid Rated
https://www.imdb.com/title/tt1068680/,Mid Rated
https://www.imdb.com/title/tt3322940/,Mid Rated
https://www.imdb.com/title/tt13320622/,Mid Rated
https://www.imdb.com/title/tt0478970/,Mid Rated
https://www.imdb.com/title/tt10151854/,Mid Rated
https://www.imdb.com/title/tt0377818/,Mid Rated
https://www.imdb.com/title/tt0790736/,Mid Rated
https://www.imdb.com/title/tt0365376/,Mid Rated
https://www.imdb.com/title/tt11301886/,Mid Rated
https://www.imdb.com/title/tt0450278/,Mid Rated
https://www.imdb.com/title/tt0390521/,Mid Rated
https://www.imdb.com/title/tt0425210/,Mid Rated
https://www.imdb.com/title/tt0363771/,Mid Rated
https://www.imdb.com/title/tt5848272/,Mid Rated
https://www.imdb.com/title/tt5613484/,Mid Rated
https://www.imdb.com/title/tt0425061/,Mid Rated
https://www.imdb.com/title/tt1418377/,Mid Rated
https://www.imdb.com/title/tt0465494/,Mid Rated
https://www.imdb.com/title/tt0319343/,Mid Rated
https://www.imdb.com/title/tt4034228/,Mid Rated
https://www.imdb.com/title/tt3332064/,Mid Rated
https://www.imdb.com/title/tt0851578/,Mid Rated
https://www.imdb.com/title/tt1679335/,Mid Rated
https://www.imdb.com/title/tt0159365/,Mid Rated
https://www.imdb.com/title/tt6155172/,Mid Rated
https://www.imdb.com/title/tt1470827/,Mid Rated
https://www.imdb.com/title/tt0787475/,Mid Rated
https://www.imdb.com/title/tt2109248/,Mid Rated
https://www.imdb.com/title/tt8041270/,Mid Rated
https://www.imdb.com/title/tt0286716/,Mid Rated
https://www.imdb.com/title/tt4873118/,Mid Rated
https://www.imdb.com/title/tt1014759/,Mid Rated
https://www.imdb.com/title/tt1321870/,Mid Rated
https://www.imdb.com/title/tt0190865/,Mid Rated
https://www.imdb.com/title/tt1172233/,Mid Rated
https://www.imdb.com/title/tt0926084/,Mid Rated
https://www.imdb.com/title/tt0354899/,Mid Rated
https://www.imdb.com/title/tt9214832/,Mid Rated
https://www.imdb.com/title/tt1555149/,Mid Rated
https://www.imdb.com/title/tt2377322/,Mid Rated
https://www.imdb.com/title/tt0368447/,Mid Rated
https://www.imdb.com/title/tt0839980/,Mid Rated
https://www.imdb.com/title/tt9620292/,Mid Rated
https://www.imdb.com/title/tt4777008/,Mid Rated
https://www.imdb.com/title/tt1259528/,Mid Rated
https://www.imdb.com/title/tt3717252/,Mid Rated
https://www.imdb.com/title/tt2395427/,Mid Rated
https://www.imdb.com/title/tt0379725/,Mid Rated
https://www.imdb.com/title/tt0318649/,Mid Rated
https://www.imdb.com/title/tt0988045/,Mid Rated
https://www.imdb.com/title/tt1023481/,Mid Rated
https://www.imdb.com/title/tt1489887/,Mid Rated
https://www.imdb.com/title/tt1323045/,Mid Rated
https://www.imdb.com/title/tt2446980/,Mid Rated
https://www.imdb.com/title/tt3748528/,Mid Rated
https://www.imdb.com/title/tt0317648/,Mid Rated
https://www.imdb.com/title/tt0461770/,Mid Rated
https://www.imdb.com/title/tt2802144/,Mid Rated
https://www.imdb.com/title/tt1152398/,Mid Rated
https://www.imdb.com/title/tt0286499/,Mid Rated
https://www.imdb.com/title/tt9495224/,Mid Rated
https://www.imdb.com/title/tt1618442/,Mid Rated
https://www.imdb.com/title/tt6791350/,Mid Rated
https://www.imdb.com/title/tt0430105/,Mid Rated
https://www.imdb.com/title/tt1017460/,Mid Rated
https://www.imdb.com/title/tt2870612/,Mid Rated
https://www.imdb.com/title/tt0452623/,Mid Rated
https://www.imdb.com/title/tt6443346/,Mid Rated
https://www.imdb.com/title/tt6908274/,Mid Rated
https://www.imdb.com/title/tt1189340/,Mid Rated
https://www.imdb.com/title/tt0175142/,Mid Rated
https://www.imdb.com/title/tt27489557/,Mid Rated
https://www.imdb.com/title/tt3397884/,Mid Rated
https://www.imdb.com/title/tt0359950/,Mid Rated
https://www.imdb.com/title/tt0402022/,Mid Rated
https://www.imdb.com/title/tt0421715/,Mid Rated
https://www.imdb.com/title/tt0450232/,Mid Rated
https://www.imdb.com/title/tt0356634/,Mid Rated
https://www.imdb.com/title/tt12361974/,Mid Rated
https://www.imdb.com/title/tt0240890/,Mid Rated
https://www.imdb.com/title/tt0141926/,Mid Rated
https://www.imdb.com/title/tt0251736/,Mid Rated
https://www.imdb.com/title/tt2584384/,Mid Rated
https://www.imdb.com/title/tt10554232/,Mid Rated
https://www.imdb.com/title/tt0382625/,Mid Rated
https://www.imdb.com/title/tt0268126/,Mid Rated
https://www.imdb.com/title/tt1663662/,Mid Rated
https://www.imdb.com/title/tt9419884/,Mid Rated
https://www.imdb.com/title/tt5022702/,Mid Rated
https://www.imdb.com/title/tt0433362/,Mid Rated
https://www.imdb.com/title/tt5700672/,Mid Rated
https://www.imdb.com/title/tt2004420/,Mid Rated
https://www.imdb.com/title/tt1637725/,Mid Rated
https://www.imdb.com/title/tt0455967/,Mid Rated
https://www.imdb.com/title/tt1192628/,Mid Rated
https://www.imdb.com/title/tt0203009/,Mid Rated
https://www.imdb.com/title/tt2203939/,Mid Rated
https://www.imdb.com/title/tt1230414/,Mid Rated
https://www.imdb.com/title/tt2848292/,Mid Rated
https://www.imdb.com/title/tt13287846/,Mid Rated
https://www.imdb.com/title/tt10168670/,Mid Rated
https://www.imdb.com/title/tt4468740/,Mid Rated
https://www.imdb.com/title/tt2823054/,Mid Rated
https://www.imdb.com/title/tt1542344/,Mid Rated
https://www.imdb.com/title/tt0862846/,Mid Rated
https://www.imdb.com/title/tt0213149/,Mid Rated
https://www.imdb.com/title/tt1615065/,Mid Rated
https://www.imdb.com/title/tt4540710/,Mid Rated
https://www.imdb.com/title/tt0420223/,Mid Rated
https://www.imdb.com/title/tt2304933/,Mid Rated
https://www.imdb.com/title/tt8936646/,Mid Rated
https://www.imdb.com/title/tt0348836/,Mid Rated
https://www.imdb.com/title/tt0342258/,Mid Rated
https://www.imdb.com/title/tt0475276/,Mid Rated
https://www.imdb.com/title/tt5727208/,Mid Rated
https://www.imdb.com/title/tt1386588/,Mid Rated
https://www.imdb.com/title/tt27719898/,Mid Rated
https://www.imdb.com/title/tt1132620/,Mid Rated
https://www.imdb.com/title/tt1601913/,Mid Rated
https://www.imdb.com/title/tt0343818/,Mid Rated
https://www.imdb.com/title/tt0914798/,Mid Rated
https://www.imdb.com/title/tt0287978/,Mid Rated
https://www.imdb.com/title/tt0236493/,Mid Rated
https://www.imdb.com/title/tt2241351/,Mid Rated
https://www.imdb.com/title/tt2568862/,Mid Rated
https://www.imdb.com/title/tt0949731/,Mid Rated
https://www.imdb.com/title/tt0347618/,Mid Rated
https://www.imdb.com/title/tt4701182/,Mid Rated
https://www.imdb.com/title/tt2592614/,Mid Rated
https://www.imdb.com/title/tt22022452/,Mid Rated
https://www.imdb.com/title/tt2302755/,Mid Rated
https://www.imdb.com/title/tt0449059/,Mid Rated
https://www.imdb.com/title/tt0490204/,Mid Rated
https://www.imdb.com/title/tt2350496/,Mid Rated
https://www.imdb.com/title/tt1748122/,Mid Rated
https://www.imdb.com/title/tt10366206/,Mid Rated
https://www.imdb.com/title/tt3387520/,Mid Rated
https://www.imdb.com/title/tt0335119/,Mid Rated
https://www.imdb.com/title/tt0492044/,Mid Rated
https://www.imdb.com/title/tt0280590/,Mid Rated
https://www.imdb.com/title/tt1335975/,Mid Rated
https://www.imdb.com/title/tt0311429/,Mid Rated
https://www.imdb.com/title/tt0415306/,Mid Rated
https://www.imdb.com/title/tt2870756/,Mid Rated
https://www.imdb.com/title/tt1706620/,Mid Rated
https://www.imdb.com/title/tt2975578/,Mid Rated
https://www.imdb.com/title/tt0467200/,Mid Rated
https://www.imdb.com/title/tt1527788/,Mid Rated
https://www.imdb.com/title/tt1428538/,Mid Rated
https://www.imdb.com/title/tt1235522/,Mid Rated
https://www.imdb.com/title/tt0181875/,Mid Rated
https://www.imdb.com/title/tt23289160/,Mid Rated
https://www.imdb.com/title/tt0284837/,Mid Rated
https://www.imdb.com/title/tt8633478/,Mid Rated
https://www.imdb.com/title/tt1152836/,Mid Rated
https://www.imdb.com/title/tt3949660/,Mid Rated
https://www.imdb.com/title/tt0824747/,Mid Rated
https://www.imdb.com/title/tt6266538/,Mid Rated
https://www.imdb.com/title/tt1979388/,Mid Rated
https://www.imdb.com/title/tt1302006/,Mid Rated
https://www.imdb.com/title/tt0448011/,Mid Rated
https://www.imdb.com/title/tt4995790/,Mid Rated
https://www.imdb.com/title/tt0795421/,Mid Rated
https://www.imdb.com/title/tt0488120/,Mid Rated
https://www.imdb.com/title/tt0356470/,Mid Rated
https://www.imdb.com/title/tt0134847/,Mid Rated
https://www.imdb.com/title/tt10514222/,Mid Rated
https://www.imdb.com/title/tt0448115/,Mid Rated
https://www.imdb.com/title/tt1469304/,Mid Rated
https://www.imdb.com/title/tt0443489/,Mid Rated
https://www.imdb.com/title/tt0146882/,Mid Rated
https://www.imdb.com/title/tt10365998/,Mid Rated
https://www.imdb.com/title/tt12263384/,Mid Rated
https://www.imdb.com/title/tt0844708/,Mid Rated
https://www.imdb.com/title/tt2262227/,Mid Rated
https://www.imdb.com/title/tt0873886/,Mid Rated
https://www.imdb.com/title/tt0383574/,Mid Rated
https://www.imdb.com/title/tt0327679/,Mid Rated
https://www.imdb.com/title/tt1001520/,Mid Rated
https://www.imdb.com/title/tt0844479/,Mid Rated
https://www.imdb.com/title/tt7737800/,Mid Rated
https://www.imdb.com/title/tt0256009/,Mid Rated
https://www.imdb.com/title/tt0458481/,Mid Rated
https://www.imdb.com/title/tt1135503/,Mid Rated
https://www.imdb.com/title/tt14230388/,Mid Rated
https://www.imdb.com/title/tt0387564/,Mid Rated
https://www.imdb.com/title/tt2277860/,Mid Rated
https://www.imdb.com/title/tt0373926/,Mid Rated
https://www.imdb.com/title/tt0276919/,Mid Rated
https://www.imdb.com/title/tt1606378/,Mid Rated
https://www.imdb.com/title/tt1502397/,Mid Rated
https://www.imdb.com/title/tt0252076/,Mid Rated
https://www.imdb.com/title/tt1051904/,Mid Rated
https://www.imdb.com/title/tt4560436/,Mid Rated
https://www.imdb.com/title/tt5090568/,Mid Rated
https://www.imdb.com/title/tt4263482/,Mid Rated
https://www.imdb.com/title/tt16419074/,Mid Rated
https://www.imdb.com/title/tt0453562/,Mid Rated
https://www.imdb.com/title/tt1987680/,Mid Rated
https://www.imdb.com/title/tt0404203/,Mid Rated
https://www.imdb.com/title/tt0383216/,Mid Rated
https://www.imdb.com/title/tt2125435/,Mid Rated
https://www.imdb.com/title/tt5433138/,Mid Rated
https://www.imdb.com/title/tt1911644/,Mid Rated
https://www.imdb.com/title/tt2139881/,Mid Rated
https://www.imdb.com/title/tt0396555/,Mid Rated
https://www.imdb.com/title/tt3322364/,Mid Rated
https://www.imdb.com/title/tt10059518/,Mid Rated
https://www.imdb.com/title/tt1077258/,Mid Rated
https://www.imdb.com/title/tt1649419/,Mid Rated
https://www.imdb.com/title/tt9362930/,Mid Rated
https://www.imdb.com/title/tt0414852/,Mid Rated
https://www.imdb.com/title/tt1226229/,Mid Rated
https://www.imdb.com/title/tt17009710/,Mid Rated
https://www.imdb.com/title/tt1343097/,Mid Rated
https://www.imdb.com/title/tt1201167/,Mid Rated
https://www.imdb.com/title/tt0293564/,Mid Rated
https://www.imdb.com/title/tt1408253/,Mid Rated
https://www.imdb.com/title/tt8364368/,Mid Rated
https://www.imdb.com/title/tt4761112/,Mid Rated
https://www.imdb.com/title/tt0166924/,Mid Rated
https://www.imdb.com/title/tt2975590/,Mid Rated
https://www.imdb.com/title/tt3741834/,Mid Rated
https://www.imdb.com/title/tt8613070/,Mid Rated
https://www.imdb.com/title/tt1219289/,Mid Rated
https://www.imdb.com/title/tt0364045/,Mid Rated
https://www.imdb.com/title/tt2763304/,Mid Rated
https://www.imdb.com/title/tt1093908/,Mid Rated
https://www.imdb.com/title/tt0805570/,Mid Rated
https://www.imdb.com/title/tt21382296/,Mid Rated
https://www.imdb.com/title/tt1082868/,Mid Rated
https://www.imdb.com/title/tt1282140/,Mid Rated
https://www.imdb.com/title/tt0970416/,Mid Rated
https://www.imdb.com/title/tt0303816/,Mid Rated
https://www.imdb.com/title/tt0162222/,Mid Rated
https://www.imdb.com/title/tt1972591/,Mid Rated
https://www.imdb.com/title/tt0301357/,Mid Rated
https://www.imdb.com/title/tt0848228/,Mid Rated
https://www.imdb.com/title/tt9484998/,Mid Rated
https://www.imdb.com/title/tt7014006/,Mid Rated
https://www.imdb.com/title/tt0315327/,Mid Rated
https://www.imdb.com/title/tt4550098/,Mid Rated
https://www.imdb.com/title/tt0265086/,Mid Rated
https://www.imdb.com/title/tt3183660/,Mid Rated
https://www.imdb.com/title/tt0398017/,Mid Rated
https://www.imdb.com/title/tt7043012/,Mid Rated
https://www.imdb.com/title/tt10028196/,Mid Rated
https://www.imdb.com/title/tt3381008/,Mid Rated
https://www.imdb.com/title/tt2704998/,Mid Rated
https://www.imdb.com/title/tt1602620/,Mid Rated
https://www.imdb.com/title/tt10954984/,Mid Rated
https://www.imdb.com/title/tt1213641/,Mid Rated
https://www.imdb.com/title/tt0494238/,Mid Rated
https://www.imdb.com/title/tt0396171/,Mid Rated
https://www.imdb.com/title/tt8623904/,Mid Rated
https://www.imdb.com/title/tt7097896/,Mid Rated
https://www.imdb.com/title/tt0293429/,Mid Rated
https://www.imdb.com/title/tt1007028/,Mid Rated
https://www.imdb.com/title/tt1606389/,Mid Rated
https://www.imdb.com/title/tt0399295/,Mid Rated
https://www.imdb.com/title/tt1663202/,Mid Rated
https://www.imdb.com/title/tt1981128/,Mid Rated
https://www.imdb.com/title/tt0804461/,Mid Rated
https://www.imdb.com/title/tt1439572/,Mid Rated
https://www.imdb.com/title/tt1659337/,Mid Rated
https://www.imdb.com/title/tt7846844/,Mid Rated
https://www.imdb.com/title/tt2316411/,Mid Rated
https://www.imdb.com/title/tt1727388/,Mid Rated
https://www.imdb.com/title/tt4786282/,Mid Rated
https://www.imdb.com/title/tt0168629/,Mid Rated
https://www.imdb.com/title/tt0790724/,Mid Rated
https://www.imdb.com/title/tt12789558/,Mid Rated
https://www.imdb.com/title/tt21454134/,Mid Rated
https://www.imdb.com/title/tt0382077/,Mid Rated
https://www.imdb.com/title/tt2283362/,Mid Rated
https://www.imdb.com/title/tt2798920/,Mid Rated
https://www.imdb.com/title/tt4925292/,Mid Rated
https://www.imdb.com/title/tt2051879/,Mid Rated
https://www.imdb.com/title/tt0121765/,Mid Rated
https://www.imdb.com/title/tt2404233/,Mid Rated
https://www.imdb.com/title/tt4244994/,Mid Rated
https://www.imdb.com/title/tt3569230/,Mid Rated
https://www.imdb.com/title/tt1528854/,Mid Rated
https://www.imdb.com/title/tt1131734/,Mid Rated
https://www.imdb.com/title/tt15009428/,Mid Rated
https://www.imdb.com/title/tt8097030/,Mid Rated
https://www.imdb.com/title/tt7653254/,Mid Rated
https://www.imdb.com/title/tt3168230/,Mid Rated
https://www.imdb.com/title/tt0268380/,Mid Rated
https://www.imdb.com/title/tt0277027/,Mid Rated
https://www.imdb.com/title/tt1840417/,Mid Rated
https://www.imdb.com/title/tt1611224/,Mid Rated
https://www.imdb.com/title/tt0233469/,Mid Rated
https://www.imdb.com/title/tt1723811/,Mid Rated
https://www.imdb.com/title/tt1478338/,Mid Rated
https://www.imdb.com/title/tt6644200/,Mid Rated
https://www.imdb.com/title/tt1586265/,Mid Rated
https://www.imdb.com/title/tt4123430/,Mid Rated
https://www.imdb.com/title/tt1398426/,Mid Rated
https://www.imdb.com/title/tt6394270/,Mid Rated
https://www.imdb.com/title/tt1051906/,Mid Rated
https://www.imdb.com/title/tt0455590/,Mid Rated
https://www.imdb.com/title/tt0187738/,Mid Rated
https://www.imdb.com/title/tt2121382/,Mid Rated
https://www.imdb.com/title/tt1726592/,Mid Rated
https://www.imdb.com/title/tt0963794/,Mid Rated
https://www.imdb.com/title/tt0412019/,Mid Rated
https://www.imdb.com/title/tt6412452/,Mid Rated
https://www.imdb.com/title/tt2105044/,Mid Rated
https://www.imdb.com/title/tt0347304/,Mid Rated
https://www.imdb.com/title/tt5013056/,Mid Rated
https://www.imdb.com/title/tt0762107/,Mid Rated
https://www.imdb.com/title/tt1990314/,Mid Rated
https://www.imdb.com/title/tt0410297/,Mid Rated
https://www.imdb.com/title/tt0368709/,Mid Rated
https://www.imdb.com/title/tt0408306/,Mid Rated
https://www.imdb.com/title/tt2510894/,Mid Rated
https://www.imdb.com/title/tt1253864/,Mid Rated
https://www.imdb.com/title/tt1397514/,Mid Rated
https://www.imdb.com/title/tt5649144/,Mid Rated
https://www.imdb.com/title/tt1758830/,Mid Rated
https://www.imdb.com/title/tt2531344/,Mid Rated
https://www.imdb.com/title/tt0986233/,Mid Rated
https://www.imdb.com/title/tt7959026/,Mid Rated
https://www.imdb.com/title/tt9198364/,Mid Rated
https://www.imdb.com/title/tt0317198/,Mid Rated
https://www.imdb.com/title/tt3647498/,Mid Rated
https://www.imdb.com/title/tt0254686/,Mid Rated
https://www.imdb.com/title/tt1019452/,Mid Rated
https://www.imdb.com/title/tt3682448/,Mid Rated
https://www.imdb.com/title/tt6921996/,Mid Rated
https://www.imdb.com/title/tt13186482/,Mid Rated
https://www.imdb.com/title/tt0838283/,Mid Rated
https://www.imdb.com/title/tt3892172/,Mid Rated
https://www.imdb.com/title/tt1355631/,Mid Rated
https://www.imdb.com/title/tt0118694/,Mid Rated
https://www.imdb.com/title/tt0421054/,Mid Rated
https://www.imdb.com/title/tt11555492/,Mid Rated
https://www.imdb.com/title/tt11563598/,Mid Rated
https://www.imdb.com/title/tt11426232/,Mid Rated
https://www.imdb.com/title/tt1315981/,Mid Rated
https://www.imdb.com/title/tt6499752/,Mid Rated
https://www.imdb.com/title/tt0257106/,Mid Rated
https://www.imdb.com/title/tt3581652/,Mid Rated
https://www.imdb.com/title/tt0337978/,Mid Rated
https://www.imdb.com/title/tt0253556/,Mid Rated
https://www.imdb.com/title/tt12801262/,Mid Rated
https://www.imdb.com/title/tt1937149/,Mid Rated
https://www.imdb.com/title/tt0440963/,Mid Rated
https://www.imdb.com/title/tt2180411/,Mid Rated
https://www.imdb.com/title/tt0469641/,Mid Rated
https://www.imdb.com/title/tt2382009/,Mid Rated
https://www.imdb.com/title/tt0780653/,Mid Rated
https://www.imdb.com/title/tt1723121/,Mid Rated
https://www.imdb.com/title/tt0285492/,Mid Rated
https://www.imdb.com/title/tt0944835/,Mid Rated
https://www.imdb.com/title/tt5580036/,Mid Rated
https://www.imdb.com/title/tt7556122/,Mid Rated
https://www.imdb.com/title/tt1212419/,Mid Rated
https://www.imdb.com/title/tt2024469/,Mid Rated
https://www.imdb.com/title/tt0362227/,Mid Rated
https://www.imdb.com/title/tt1980209/,Mid Rated
https://www.imdb.com/title/tt0462504/,Mid Rated
https://www.imdb.com/title/tt3118452/,Mid Rated
https://www.imdb.com/title/tt1365519/,Mid Rated
https://www.imdb.com/title/tt0304141/,Mid Rated
https://www.imdb.com/title/tt0493464/,Mid Rated
https://www.imdb.com/title/tt0339291/,Mid Rated
https://www.imdb.com/title/tt0338564/,Mid Rated
https://www.imdb.com/title/tt1229238/,Mid Rated
https://www.imdb.com/title/tt0328538/,Mid Rated
https://www.imdb.com/title/tt0299977/,Mid Rated
https://www.imdb.com/title/tt2937898/,Mid Rated
https://www.imdb.com/title/tt2402927/,Mid Rated
https://www.imdb.com/title/tt1596363/,Mid Rated
https://www.imdb.com/title/tt0756683/,Mid Rated
https://www.imdb.com/title/tt1243957/,Mid Rated
https://www.imdb.com/title/tt0401445/,Mid Rated
https://www.imdb.com/title/tt7939766/,Mid Rated
https://www.imdb.com/title/tt3915174/,Mid Rated
https://www.imdb.com/title/tt2726560/,Mid Rated
https://www.imdb.com/title/tt5710514/,Mid Rated
https://www.imdb.com/title/tt1136608/,Mid Rated
https://www.imdb.com/title/tt2567026/,Mid Rated
https://www.imdb.com/title/tt4513678/,Mid Rated
https://www.imdb.com/title/tt0450259/,Mid Rated
https://www.imdb.com/title/tt1399103/,Mid Rated
https://www.imdb.com/title/tt0266308/,Mid Rated
https://www.imdb.com/title/tt1424381/,Mid Rated
https://www.imdb.com/title/tt0274558/,Mid Rated
https://www.imdb.com/title/tt0970411/,Mid Rated
https://www.imdb.com/title/tt5971474/,Mid Rated
https://www.imdb.com/title/tt2582782/,Mid Rated
https://www.imdb.com/title/tt1559547/,Mid Rated
https://www.imdb.com/title/tt18259086/,Mid Rated
https://www.imdb.com/title/tt1135985/,Mid Rated
https://www.imdb.com/title/tt2005374/,Mid Rated
https://www.imdb.com/title/tt26753003/,Mid Rated
https://www.imdb.com/title/tt0800069/,Mid Rated
https://www.imdb.com/title/tt0242653/,Mid Rated
https://www.imdb.com/title/tt0371746/,Mid Rated
https://www.imdb.com/title/tt1486834/,Mid Rated
https://www.imdb.com/title/tt18412256/,Mid Rated
https://www.imdb.com/title/tt0162346/,Mid Rated
https://www.imdb.com/title/tt15325794/,Mid Rated
https://www.imdb.com/title/tt1517268/,Mid Rated
https://www.imdb.com/title/tt0443272/,Mid Rated
https://www.imdb.com/title/tt2388715/,Mid Rated
https://www.imdb.com/title/tt1206543/,Mid Rated
https://www.imdb.com/title/tt14846026/,Mid Rated
https://www.imdb.com/title/tt0385307/,Mid Rated
https://www.imdb.com/title/tt0780511/,Mid Rated
https://www.imdb.com/title/tt1212428/,Mid Rated
https://www.imdb.com/title/tt8784956/,Mid Rated
https://www.imdb.com/title/tt6654210/,Mid Rated
https://www.imdb.com/title/tt3416828/,Mid Rated
https://www.imdb.com/title/tt1431045/,Mid Rated
https://www.imdb.com/title/tt0280707/,Mid Rated
https://www.imdb.com/title/tt10752004/,Mid Rated
https://www.imdb.com/title/tt0259324/,Mid Rated
https://www.imdb.com/title/tt1702439/,Mid Rated
https://www.imdb.com/title/tt11286314/,Mid Rated
https://www.imdb.com/title/tt4881806/,Mid Rated
https://www.imdb.com/title/tt1142988/,Mid Rated
https://www.imdb.com/title/tt0256380/,Mid Rated
https://www.imdb.com/title/tt1458175/,Mid Rated
https://www.imdb.com/title/tt1935859/,Mid Rated
https://www.imdb.com/title/tt2554274/,Mid Rated
https://www.imdb.com/title/tt9071322/,Mid Rated
https://www.imdb.com/title/tt0404032/,Mid Rated
https://www.imdb.com/title/tt0384116/,Mid Rated
https://www.imdb.com/title/tt0439815/,Mid Rated
https://www.imdb.com/title/tt0878804/,Mid Rated
https://www.imdb.com/title/tt1034415/,Mid Rated
https://www.imdb.com/title/tt0901476/,Mid Rated
https://www.imdb.com/title/tt1648190/,Mid Rated
https://www.imdb.com/title/tt0486576/,Mid Rated
https://www.imdb.com/title/tt2278871/,Mid Rated
https://www.imdb.com/title/tt1464335/,Mid Rated
https://www.imdb.com/title/tt0292506/,Mid Rated
https://www.imdb.com/title/tt2404463/,Mid Rated
https://www.imdb.com/title/tt1365050/,Mid Rated
https://www.imdb.com/title/tt1235166/,Mid Rated
https://www.imdb.com/title/tt5580390/,Mid Rated
https://www.imdb.com/title/tt0183523/,Mid Rated
https://www.imdb.com/title/tt2401878/,Mid Rated
https://www.imdb.com/title/tt0414993/,Mid Rated
https://www.imdb.com/title/tt0283111/,Mid Rated
https://www.imdb.com/title/tt0364970/,Mid Rated
https://www.imdb.com/title/tt13024674/,Mid Rated
https://www.imdb.com/title/tt0301470/,Mid Rated
https://www.imdb.com/title/tt2042568/,Mid Rated
https://www.imdb.com/title/tt0209163/,Mid Rated
https://www.imdb.com/title/tt0251075/,Mid Rated
https://www.imdb.com/title/tt0287467/,Mid Rated
https://www.imdb.com/title/tt2334873/,Mid Rated
https://www.imdb.com/title/tt6472976/,Mid Rated
https://www.imdb.com/title/tt0340855/,Mid Rated
https://www.imdb.com/title/tt0433383/,Mid Rated
https://www.imdb.com/title/tt0470752/,Mid Rated
https://www.imdb.com/title/tt14948432/,Mid Rated
https://www.imdb.com/title/tt2557478/,Mid Rated
https://www.imdb.com/title/tt2543472/,Mid Rated
https://www.imdb.com/title/tt0865556/,Mid Rated
https://www.imdb.com/title/tt11671006/,Mid Rated
https://www.imdb.com/title/tt9376612/,Mid Rated
https://www.imdb.com/title/tt0401383/,Mid Rated
https://www.imdb.com/title/tt10676048/,Mid Rated
https://www.imdb.com/title/tt1114740/,Mid Rated
https://www.imdb.com/title/tt4912910/,Mid Rated
https://www.imdb.com/title/tt1951265/,Mid Rated
https://www.imdb.com/title/tt1385826/,Mid Rated
https://www.imdb.com/title/tt5095030/,Mid Rated
https://www.imdb.com/title/tt2345759/,Mid Rated
https://www.imdb.com/title/tt3661210/,Mid Rated
https://www.imdb.com/title/tt0335266/,Mid Rated
https://www.imdb.com/title/tt0413099/,Mid Rated
https://www.imdb.com/title/tt1390411/,Mid Rated
https://www.imdb.com/title/tt1937390/,Mid Rated
https://www.imdb.com/title/tt6450804/,Mid Rated
https://www.imdb.com/title/tt0349903/,Mid Rated
https://www.imdb.com/title/tt2333784/,Mid Rated
https://www.imdb.com/title/tt0416315/,Mid Rated
https://www.imdb.com/title/tt8244784/,Mid Rated
https://www.imdb.com/title/tt1270798/,Mid Rated
https://www.imdb.com/title/tt1226273/,Mid Rated
https://www.imdb.com/title/tt0416236/,Mid Rated
https://www.imdb.com/title/tt3076658/,Mid Rated
https://www.imdb.com/title/tt3715320/,Mid Rated
https://www.imdb.com/title/tt7349662/,Mid Rated
https://www.imdb.com/title/tt0121164/,Mid Rated
https://www.imdb.com/title/tt5726616/,Mid Rated
https://www.imdb.com/title/tt0317303/,Mid Rated
https://www.imdb.com/title/tt2481498/,Mid Rated
https://www.imdb.com/title/tt0120667/,Mid Rated
https://www.imdb.com/title/tt0183790/,Mid Rated
https://www.imdb.com/title/tt1614989/,Mid Rated
https://www.imdb.com/title/tt1220198/,Mid Rated
https://www.imdb.com/title/tt2132285/,Mid Rated
https://www.imdb.com/title/tt3783958/,Mid Rated
https://www.imdb.com/title/tt10298810/,Mid Rated
https://www.imdb.com/title/tt0463998/,Mid Rated
https://www.imdb.com/title/tt1386703/,Mid Rated
https://www.imdb.com/title/tt26047818/,Mid Rated
https://www.imdb.com/title/tt4572514/,Mid Rated
https://www.imdb.com/title/tt0380510/,Mid Rated
https://www.imdb.com/title/tt0305711/,Mid Rated
https://www.imdb.com/title/tt2990140/,Mid Rated
https://www.imdb.com/title/tt2358891/,Mid Rated
https://www.imdb.com/title/tt6111574/,Mid Rated
https://www.imdb.com/title/tt12747748/,Mid Rated
https://www.imdb.com/title/tt0196229/,Mid Rated
https://www.imdb.com/title/tt3316948/,Mid Rated
https://www.imdb.com/title/tt1872181/,Mid Rated
https://www.imdb.com/title/tt23561236/,Mid Rated
https://www.imdb.com/title/tt1126618/,Mid Rated
https://www.imdb.com/title/tt2096672/,Mid Rated
https://www.imdb.com/title/tt0986263/,Mid Rated
https://www.imdb.com/title/tt0480242/,Mid Rated
https://www.imdb.com/title/tt1748179/,Mid Rated
https://www.imdb.com/title/tt0272152/,Mid Rated
https://www.imdb.com/title/tt1220634/,Mid Rated
https://www.imdb.com/title/tt0356721/,Mid Rated
https://www.imdb.com/title/tt0445934/,Mid Rated
https://www.imdb.com/title/tt1217209/,Mid Rated
https://www.imdb.com/title/tt1853739/,Mid Rated
https://www.imdb.com/title/tt1591095/,Mid Rated
https://www.imdb.com/title/tt17351924/,Mid Rated
https://www.imdb.com/title/tt1325004/,Mid Rated
https://www.imdb.com/title/tt0406375/,Mid Rated
https://www.imdb.com/title/tt0328880/,Mid Rated
https://www.imdb.com/title/tt2866360/,Mid Rated
https://www.imdb.com/title/tt0441909/,Mid Rated
https://www.imdb.com/title/tt5535276/,Mid Rated
https://www.imdb.com/title/tt0358082/,Mid Rated
https://www.imdb.com/title/tt1327773/,Mid Rated
https://www.imdb.com/title/tt4513674/,Mid Rated
https://www.imdb.com/title/tt0265459/,Mid Rated
https://www.imdb.com/title/tt1179933/,Mid Rated
https://www.imdb.com/title/tt1817273/,Mid Rated
https://www.imdb.com/title/tt3359350/,Mid Rated
https://www.imdb.com/title/tt0929632/,Mid Rated
https://www.imdb.com/title/tt7979580/,Mid Rated
https://www.imdb.com/title/tt0370263/,Mid Rated
https://www.imdb.com/title/tt0181852/,Mid Rated
https://www.imdb.com/title/tt8110232/,Mid Rated
https://www.imdb.com/title/tt0790636/,Mid Rated
https://www.imdb.com/title/tt0499549/,Mid Rated
https://www.imdb.com/title/tt0477080/,Mid Rated
https://www.imdb.com/title/tt2179136/,Mid Rated
https://www.imdb.com/title/tt1111422/,Mid Rated
https://www.imdb.com/title/tt3850590/,Mid Rated
https://www.imdb.com/title/tt0317219/,Mid Rated
https://www.imdb.com/title/tt6718170/,Mid Rated
https://www.imdb.com/title/tt2222042/,Mid Rated
https://www.imdb.com/title/tt8368512/,Mid Rated
https://www.imdb.com/title/tt6292852/,Mid Rated
https://www.imdb.com/title/tt3393786/,Mid Rated
https://www.imdb.com/title/tt2911666/,Mid Rated
https://www.imdb.com/title/tt0892318/,Mid Rated
https://www.imdb.com/title/tt0445990/,Mid Rated
https://www.imdb.com/title/tt6139732/,Mid Rated
https://www.imdb.com/title/tt1125849/,Mid Rated
https://www.imdb.com/title/tt0338095/,Mid Rated
https://www.imdb.com/title/tt0889573/,Mid Rated
https://www.imdb.com/title/tt10016180/,Mid Rated
https://www.imdb.com/title/tt11233960/,Mid Rated
https://www.imdb.com/title/tt0852713/,Mid Rated
https://www.imdb.com/title/tt0253754/,Mid Rated
https://www.imdb.com/title/tt0177971/,Mid Rated
https://www.imdb.com/title/tt2369135/,Mid Rated
https://www.imdb.com/title/tt0146316/,Mid Rated
https://www.imdb.com/title/tt1298649/,Mid Rated
https://www.imdb.com/title/tt6710474/,Mid Rated
https://www.imdb.com/title/tt0832266/,Mid Rated
https://www.imdb.com/title/tt0963966/,Mid Rated
https://www.imdb.com/title/tt0309987/,Mid Rated
https://www.imdb.com/title/tt0362478/,Mid Rated
https://www.imdb.com/title/tt0399201/,Mid Rated
https://www.imdb.com/title/tt27534307/,Mid Rated
https://www.imdb.com/title/tt2245084/,Mid Rated
https://www.imdb.com/title/tt1341167/,Mid Rated
https://www.imdb.com/title/tt28607951/,Mid Rated
https://www.imdb.com/title/tt3531824/,Mid Rated
https://www.imdb.com/title/tt0316654/,Mid Rated
https://www.imdb.com/title/tt0367882/,Mid Rated
https://www.imdb.com/title/tt5052448/,Mid Rated
https://www.imdb.com/title/tt2436386/,Mid Rated
https://www.imdb.com/title/tt2265171/,Mid Rated
https://www.imdb.com/title/tt1535108/,Mid Rated
https://www.imdb.com/title/tt1186367/,Mid Rated
https://www.imdb.com/title/tt0230838/,Mid Rated
https://www.imdb.com/title/tt2883512/,Mid Rated
https://www.imdb.com/title/tt0443701/,Mid Rated
https://www.imdb.com/title/tt15255288/,Mid Rated
https://www.imdb.com/title/tt7737786/,Mid Rated
https://www.imdb.com/title/tt1161864/,Mid Rated
https://www.imdb.com/title/tt0356618/,Mid Rated
https://www.imdb.com/title/tt11564570/,Mid Rated
https://www.imdb.com/title/tt1568338/,Mid Rated
https://www.imdb.com/title/tt0290334/,Mid Rated
https://www.imdb.com/title/tt13841850/,Mid Rated
https://www.imdb.com/title/tt2140479/,Mid Rated
https://www.imdb.com/title/tt0482606/,Mid Rated
https://www.imdb.com/title/tt8079248/,Mid Rated
https://www.imdb.com/title/tt0480249/,Mid Rated
https://www.imdb.com/title/tt1092026/,Mid Rated
https://www.imdb.com/title/tt8526872/,Mid Rated
https://www.imdb.com/title/tt1528100/,Mid Rated
https://www.imdb.com/title/tt0186151/,Mid Rated
https://www.imdb.com/title/tt0486655/,Mid Rated
https://www.imdb.com/title/tt0385002/,Mid Rated
https://www.imdb.com/title/tt0391198/,Mid Rated
https://www.imdb.com/title/tt0296572/,Mid Rated
https://www.imdb.com/title/tt6214928/,Mid Rated
https://www.imdb.com/title/tt0443706/,Mid Rated
https://www.imdb.com/title/tt1336608/,Mid Rated
https://www.imdb.com/title/tt1191111/,Mid Rated
https://www.imdb.com/title/tt3195644/,Mid Rated
https://www.imdb.com/title/tt0230011/,Mid Rated
https://www.imdb.com/title/tt1219827/,Mid Rated
https://www.imdb.com/title/tt0314331/,Mid Rated
https://www.imdb.com/title/tt1033575/,Mid Rated
https://www.imdb.com/title/tt0332452/,Mid Rated
https://www.imdb.com/title/tt1630029/,Mid Rated
https://www.imdb.com/title/tt2316204/,Mid Rated
https://www.imdb.com/title/tt0408790/,Mid Rated
https://www.imdb.com/title/tt10855768/,Mid Rated
https://www.imdb.com/title/tt5083738/,Mid Rated
https://www.imdb.com/title/tt8110652/,Mid Rated
https://www.imdb.com/title/tt2193215/,Mid Rated
https://www.imdb.com/title/tt0472043/,Mid Rated
https://www.imdb.com/title/tt0431197/,Mid Rated
https://www.imdb.com/title/tt2692904/,Mid Rated
https://www.imdb.com/title/tt13375076/,Mid Rated
https://www.imdb.com/title/tt0837562/,Mid Rated
https://www.imdb.com/title/tt0433387/,Mid Rated
https://www.imdb.com/title/tt0389860/,Mid Rated
https://www.imdb.com/title/tt1189073/,Mid Rated
https://www.imdb.com/title/tt1034032/,Mid Rated
https://www.imdb.com/title/tt6856242/,Mid Rated
https://www.imdb.com/title/tt0422720/,Mid Rated
https://www.imdb.com/title/tt1174732/,Mid Rated
https://www.imdb.com/title/tt1645170/,Mid Rated
https://www.imdb.com/title/tt1411238/,Mid Rated
https://www.imdb.com/title/tt3385516/,Mid Rated
https://www.imdb.com/title/tt2503944/,Mid Rated
https://www.imdb.com/title/tt4555426/,Mid Rated
https://www.imdb.com/title/tt1126591/,Mid Rated
https://www.imdb.com/title/tt2709768/,Mid Rated
https://www.imdb.com/title/tt0337563/,Mid Rated
https://www.imdb.com/title/tt1022603/,Mid Rated
https://www.imdb.com/title/tt0829482/,Mid Rated
https://www.imdb.com/title/tt1959563/,Mid Rated
https://www.imdb.com/title/tt2713180/,Mid Rated
https://www.imdb.com/title/tt3967856/,Mid Rated
https://www.imdb.com/title/tt0234215/,Mid Rated
https://www.imdb.com/title/tt0320691/,Mid Rated
https://www.imdb.com/title/tt0183505/,Mid Rated
https://www.imdb.com/title/tt5503686/,Mid Rated
https://www.imdb.com/title/tt0970866/,Mid Rated
https://www.imdb.com/title/tt2083383/,Mid Rated
https://www.imdb.com/title/tt5439796/,Mid Rated
https://www.imdb.com/title/tt1583420/,Mid Rated
https://www.imdb.com/title/tt0770828/,Mid Rated
https://www.imdb.com/title/tt0401855/,Mid Rated
https://www.imdb.com/title/tt2310332/,Mid Rated
https://www.imdb.com/title/tt1259521/,Mid Rated
https://www.imdb.com/title/tt0418819/,Mid Rated
https://www.imdb.com/title/tt1655460/,Mid Rated
https://www.imdb.com/title/tt0286112/,Mid Rated
https://www.imdb.com/title/tt0245562/,Mid Rated
https://www.imdb.com/title/tt0187078/,Mid Rated
https://www.imdb.com/title/tt8760708/,Mid Rated
https://www.imdb.com/title/tt1911658/,Mid Rated
https://www.imdb.com/title/tt1038686/,Mid Rated
https://www.imdb.com/title/tt0259711/,Mid Rated
https://www.imdb.com/title/tt1489889/,Mid Rated
https://www.imdb.com/title/tt1549920/,Mid Rated
https://www.imdb.com/title/tt0356150/,Mid Rated
https://www.imdb.com/title/tt1764234/,Mid Rated
https://www.imdb.com/title/tt1228987/,Mid Rated
https://www.imdb.com/title/tt1240982/,Mid Rated
https://www.imdb.com/title/tt0134084/,Mid Rated
https://www.imdb.com/title/tt0450188/,Mid Rated
https://www.imdb.com/title/tt3464902/,Mid Rated
https://www.imdb.com/title/tt0465624/,Mid Rated
https://www.imdb.com/title/tt0244244/,Mid Rated
https://www.imdb.com/title/tt7550000/,Mid Rated
https://www.imdb.com/title/tt9764362/,Mid Rated
https://www.imdb.com/title/tt1438176/,Mid Rated
https://www.imdb.com/title/tt1366344/,Mid Rated
https://www.imdb.com/title/tt1753383/,Mid Rated
https://www.imdb.com/title/tt1242422/,Mid Rated
https://www.imdb.com/title/tt0290673/,Mid Rated
https://www.imdb.com/title/tt0876563/,Mid Rated
https://www.imdb.com/title/tt0368933/,Mid Rated
https://www.imdb.com/title/tt2452244/,Mid Rated
https://www.imdb.com/title/tt2548396/,Mid Rated
https://www.imdb.com/title/tt2229499/,Mid Rated
https://www.imdb.com/title/tt0481536/,Mid Rated
https://www.imdb.com/title/tt0371724/,Mid Rated
https://www.imdb.com/title/tt0348150/,Mid Rated
https://www.imdb.com/title/tt2543164/,Mid Rated
https://www.imdb.com/title/tt4846340/,Mid Rated
https://www.imdb.com/title/tt1634122/,Mid Rated
https://www.imdb.com/title/tt1197624/,Mid Rated
https://www.imdb.com/title/tt0318462/,Mid Rated
https://www.imdb.com/title/tt0862856/,Mid Rated
https://www.imdb.com/title/tt3480822/,Mid Rated
https://www.imdb.com/title/tt5220122/,Mid Rated
https://www.imdb.com/title/tt0181536/,Mid Rated
https://www.imdb.com/title/tt0384806/,Mid Rated
https://www.imdb.com/title/tt0401711/,Mid Rated
https://www.imdb.com/title/tt0816711/,Mid Rated
https://www.imdb.com/title/tt0360201/,Mid Rated
https://www.imdb.com/title/tt0825232/,Mid Rated
https://www.imdb.com/title/tt0395584/,Mid Rated
https://www.imdb.com/title/tt0387877/,Mid Rated
https://www.imdb.com/title/tt13603966/,Mid Rated
https://www.imdb.com/title/tt1457767/,Mid Rated
https://www.imdb.com/title/tt12758060/,Mid Rated
https://www.imdb.com/title/tt0815245/,Mid Rated
https://www.imdb.com/title/tt1536044/,Mid Rated
https://www.imdb.com/title/tt0381849/,Mid Rated
https://www.imdb.com/title/tt0889583/,Mid Rated
https://www.imdb.com/title/tt0217505/,Mid Rated
https://www.imdb.com/title/tt1164999/,Mid Rated
https://www.imdb.com/title/tt1549572/,Mid Rated
https://www.imdb.com/title/tt0443543/,Mid Rated
https://www.imdb.com/title/tt0437086/,Mid Rated
https://www.imdb.com/title/tt14966898/,Mid Rated
https://www.imdb.com/title/tt2283336/,Mid Rated
https://www.imdb.com/title/tt0870154/,Mid Rated
https://www.imdb.com/title/tt1636826/,Mid Rated
https://www.imdb.com/title/tt1292566/,Mid Rated
https://www.imdb.com/title/tt1490017/,Mid Rated
https://www.imdb.com/title/tt10696784/,Mid Rated
https://www.imdb.com/title/tt8721424/,Mid Rated
https://www.imdb.com/title/tt21692408/,Mid Rated
https://www.imdb.com/title/tt7395114/,Mid Rated
https://www.imdb.com/title/tt2737304/,Mid Rated
https://www.imdb.com/title/tt0276751/,Mid Rated
https://www.imdb.com/title/tt4332232/,Mid Rated
https://www.imdb.com/title/tt2386490/,Mid Rated
https://www.imdb.com/title/tt0397892/,Mid Rated
https://www.imdb.com/title/tt0952640/,Mid Rated
https://www.imdb.com/title/tt1502407/,Mid Rated
https://www.imdb.com/title/tt0905372/,Mid Rated
https://www.imdb.com/title/tt1655442/,Mid Rated
https://www.imdb.com/title/tt1020530/,Mid Rated
https://www.imdb.com/title/tt0903624/,Mid Rated
https://www.imdb.com/title/tt11389872/,Mid Rated
https://www.imdb.com/title/tt9421570/,Mid Rated
https://www.imdb.com/title/tt0971209/,Mid Rated
https://www.imdb.com/title/tt4975722/,Mid Rated
https://www.imdb.com/title/tt1054606/,Mid Rated
https://www.imdb.com/title/tt1277953/,Mid Rated
https://www.imdb.com/title/tt1057500/,Mid Rated
https://www.imdb.com/title/tt1272878/,Mid Rated
https://www.imdb.com/title/tt3741700/,Mid Rated
https://www.imdb.com/title/tt0452594/,Mid Rated
https://www.imdb.com/title/tt0381707/,Mid Rated
https://www.imdb.com/title/tt4971344/,Mid Rated
https://www.imdb.com/title/tt0418689/,Mid Rated
https://www.imdb.com/title/tt4052882/,Mid Rated
https://www.imdb.com/title/tt2049403/,Mid Rated
https://www.imdb.com/title/tt12584954/,Mid Rated
https://www.imdb.com/title/tt3371366/,Mid Rated
https://www.imdb.com/title/tt1229340/,Mid Rated
https://www.imdb.com/title/tt0366551/,Mid Rated
https://www.imdb.com/title/tt6166392/,Mid Rated
https://www.imdb.com/title/tt0446755/,Mid Rated
https://www.imdb.com/title/tt2390361/,Mid Rated
https://www.imdb.com/title/tt1605783/,Mid Rated
https://www.imdb.com/title/tt0245674/,Mid Rated
https://www.imdb.com/title/tt0307901/,Mid Rated
https://www.imdb.com/title/tt1979376/,Mid Rated
https://www.imdb.com/title/tt0300471/,Mid Rated
https://www.imdb.com/title/tt1242432/,Mid Rated
https://www.imdb.com/title/tt1716772/,Mid Rated
https://www.imdb.com/title/tt1034303/,Mid Rated
https://www.imdb.com/title/tt0418279/,Mid Rated
https://www.imdb.com/title/tt1121931/,Mid Rated
https://www.imdb.com/title/tt2709692/,Mid Rated
https://www.imdb.com/title/tt1386932/,Mid Rated
https://www.imdb.com/title/tt0378194/,Mid Rated
https://www.imdb.com/title/tt1735898/,Mid Rated
https://www.imdb.com/title/tt4034354/,Mid Rated
https://www.imdb.com/title/tt0399146/,Mid Rated
https://www.imdb.com/title/tt0267804/,Mid Rated
https://www.imdb.com/title/tt0371246/,Mid Rated
https://www.imdb.com/title/tt2293640/,Mid Rated
https://www.imdb.com/title/tt2191701/,Mid Rated
https://www.imdb.com/title/tt0892791/,Mid Rated
https://www.imdb.com/title/tt0419706/,Mid Rated
https://www.imdb.com/title/tt13403046/,Mid Rated
https://www.imdb.com/title/tt6857112/,Mid Rated
https://www.imdb.com/title/tt2372222/,Mid Rated
https://www.imdb.com/title/tt1649418/,Mid Rated
https://www.imdb.com/title/tt0308644/,Mid Rated
https://www.imdb.com/title/tt0451279/,Mid Rated
https://www.imdb.com/title/tt1646987/,Mid Rated
https://www.imdb.com/title/tt0159273/,Mid Rated
https://www.imdb.com/title/tt0206634/,Mid Rated
https://www.imdb.com/title/tt0230030/,Mid Rated
https://www.imdb.com/title/tt8772262/,Mid Rated
https://www.imdb.com/title/tt0259446/,Mid Rated
https://www.imdb.com/title/tt0369735/,Mid Rated
https://www.imdb.com/title/tt0962726/,Mid Rated
https://www.imdb.com/title/tt0250258/,Mid Rated
https://www.imdb.com/title/tt0453467/,Mid Rated
https://www.imdb.com/title/tt9243946/,Mid Rated
https://www.imdb.com/title/tt10838180/,Mid Rated
https://www.imdb.com/title/tt0325703/,Mid Rated
https://www.imdb.com/title/tt0887883/,Mid Rated
https://www.imdb.com/title/tt0210945/,Mid Rated
https://www.imdb.com/title/tt11291274/,Mid Rated
https://www.imdb.com/title/tt1456635/,Mid Rated
https://www.imdb.com/title/tt0211933/,Mid Rated
https://www.imdb.com/title/tt6105098/,Mid Rated
https://www.imdb.com/title/tt0287717/,Mid Rated
https://www.imdb.com/title/tt0184894/,Mid Rated
https://www.imdb.com/title/tt0161081/,Mid Rated
https://www.imdb.com/title/tt0247638/,Mid Rated
https://www.imdb.com/title/tt0848537/,Mid Rated
https://www.imdb.com/title/tt8368406/,Mid Rated
https://www.imdb.com/title/tt0343135/,Mid Rated
https://www.imdb.com/title/tt5304992/,Mid Rated
