title,genres,description,keywords,release_date,duration,content_rating,director,star_1,star_2,star_3,countries,languages,rating,metascore,votes,user_reviews,critic_reviews,watchlist_count,gross,budget,opening_weekend,movie_url,category
Oficina do Diabo,Drama,"An ambitious young demon is instructed by an older, more experienced devil on the art and science of condemning a soul to Hell. Dilemmas and hard lessons about the human heart and the fate of a human soul hangs in the balance.","supernatural drama,psychological drama",2025-01-12,124,,Filipe Valerim,Roberto Mallet,Felipe de Barros,Sergio Barreto,Brazil,Portuguese,7.9,,35126,132,,7.4K,,,,https://www.imdb.com/title/tt28459771/,New Movies
Mica è colpa mia,Comedy|Romance,"Drowning in debt, two brothers concoct a plan to scam a wealthy heiress and save their home in Naples - but unexpected love soon complicates the scheme.","naples italy,postman,man wears glasses,scam,being followed",2025-01-01,101,,Umberto Riccioni Carteni,Antonio Folletto,Laura Adriani,Vincenzo Nemolato,Italy,Italian,6.1,,1745,9,17,1.1K,,,,https://www.imdb.com/title/tt34896285/,New Movies
Meghalu Cheppina Prema Katha,Musical|Romance,"Varun&apos;s musical journey intersects with Meghana&apos;s tech world, leading them to discover shared passions and unexpected connections that shape their paths forward.",,2025-08-22,143,,Vipin,Radhika Sarathkumar,Tulasi,Rabiya Khatoon,India,Telugu,6.6,,1051,,,,,,,https://www.imdb.com/title/tt37140876/,New Movies
Mathru,Thriller,"Serial kidnappings plague a town, each marked by mysterious codes. When these codes appear on Vijay&apos;s phone, he becomes a suspect. After his girlfriend vanishes, he discovers a sinister cult brainwashing victims to serve an ancien...",,2026-02-06,124,,John Jakki,Aamani,Ravi Kale,Prudhviraj,India,Telugu,8.5,,1107,2,,,,,,https://www.imdb.com/title/tt37803534/,New Movies
Viyaah Kartaare Da,,"A cunning but lazy man fakes his corrupt father&apos;s death to take over his police position, but chaos ensues when his father suddenly awakens from a coma.",,2026-02-27,120,,Smeep Kang,Gurpreet Ghuggi,Hardip Gill,Gippy Grewal,India,Punjabi,8.5,,1037,5,,,"$125,584",,,https://www.imdb.com/title/tt39875252/,New Movies
Veera Dheera Sooran: Part 2,Action|Crime|Thriller,"Kaali, a provision store owner and a loving husband and father, whose involvement in a dangerous crime network and his mysterious mission forms the rest of the story.",martial arts action,2025-03-27,162,,S.U. Arun Kumar,Vikram,Suraj Venjaramoodu,Anjali P Nair,India,Tamil,6.9,,7952,66,5,2.8K,"$603,618",,,https://www.imdb.com/title/tt29606499/,New Movies
Emi,Drama|Family,"A diverse group of people navigate the harsh realities of debt, loans, and financial hardship in modern society, as their personal lives and relationships face mounting pressure from monetary struggles.",,2025-04-04,126,,Sadasivam Chinnaraj,Aadhavan,Mohan Babu,Sadasivam Chinnaraj,India,Tamil,4.5,,1204,9,,,,,,https://www.imdb.com/title/tt36153671/,New Movies
Love in Vietnam,Romance,". &quot;A passionate cross-cultural romance unfolds between Vietnam and Punjab, inspired by the classic Turkish novel &apos;Madonna in a Fur Coat.&quot;",,2025-09-12,122,,Rahhat Shah Kazmi,Avneet Kaur,Farida Jalal,Gulshan Grover,India,Hindi,8.7,,1312,63,7,,"$5,771",,,https://www.imdb.com/title/tt32447822/,New Movies
Turn Up the Sun!,Thriller,Two couples arrive at countryside mansion they unknowingly double booked. There are strange occurrences during their stay.,"psychological thriller,female nudity,narcissist,one word title,photos of another woman",2026-01-25,80,,Jamie Adams,James McAvoy,Kristin Zakala,Aisling Franciosi,United Kingdom,English,2.9,,1953,78,2,2.9K,,,,https://www.imdb.com/title/tt29713815/,New Movies
Nezha: Mo tong nao hai,Animation|Action|Adventure,"After a great catastrophe, the souls of Nezha and Aobing are saved, but their bodies face ruin. To give them new life, Taiyi Zhenren turns to the mystical seven-colored lotus in a daring bid to rebuild them and change their fate.","sequel,coco cartoon animated film,chinese folklore,chinese animation,chinese mythology",2025-01-29,144,PG-13,Yu Yang,Yanting Lü,Joseph,Mo Han,China,Mandarin|Chinese|English|Hindi|Spanish,7.9,68,23795,330,115,43.8K,"$2,260,176,370","$80,000,000 (estimated)","$7,687,776",https://www.imdb.com/title/tt34956443/,New Movies
Uykucu,Action|Drama|Thriller,"Uykucu follows Ferman and Saye, who find themselves caught in the middle of a deadly conspiracy organized by a secret group. As they race against time to survive and complete their mission, their dangerous bond deepens.",,2025-10-29,123,,Can Ulkay,Çagatay Ulusoy,Elçin Sangu,Ferit Kaya,Turkey,Turkish,5.5,,1669,14,,,"$3,697,748",,,https://www.imdb.com/title/tt37536947/,New Movies
La petite dernière,Drama,"When Fatima leaves her close-knit suburban family to study philosophy in Paris, she finds herself caught between her religious upbringing and the freedom of student life in the city.","paris france,lesbian,lesbian interest,female rear nudity,female nudity",2025-10-22,108,,Hafsia Herzi,Nadia Melliti,Park Ji-min,Amina Ben Mohamed,France|Germany,French|Arabic,6.9,67,1299,7,39,3.9K,"$2,487,058",,,https://www.imdb.com/title/tt28326501/,New Movies
Otec,Drama,"A successful man&apos;s perfect life shatters when his baby disappears from daycare. His wife&apos;s frantic call reveals a devastating truth about a memory lapse known as Forgotten Baby Syndrome, joining countless similar tragedies.","forgotten baby syndrome,male frontal nudity,male full frontal nudity,disappearance,memory lapse",2025-09-11,102,,Tereza Nvotová,Milan Ondrík,Dominika Morávková,Anna Geislerová,Slovakia|Czech Republic|Poland,Slovak,7.3,,1075,7,16,1.7K,"$1,138,387",,,https://www.imdb.com/title/tt28876088/,New Movies
Him,Horror|Sport,A young athlete descends into a world of terror when he&apos;s invited to train with a legendary champion whose charisma curdles into something darker.,"american football sport,male rear nudity,male nudity,psychological horror,psychological thriller",2025-09-19,96,R,Justin Tipping,Marlon Wayans,Tyriq Withers,Julia Fox,United States,English,5,38,22039,381,139,46.5K,"$27,834,512","$27,000,000 (estimated)","$13,251,560",https://www.imdb.com/title/tt20990442/,New Movies
They Will Kill You,Action|Comedy|Horror,"A woman takes a job as a housekeeper in a NYC high-rise, unaware of the building&apos;s history of disappearances. She soon realizes the community is shrouded in mystery.","one person army action,splatter horror,occult horror,psychological horror,bound and gagged",2026-03-27,94,R,Kirill Sokolov,Zazie Beetz,Myha&apos;la,Patricia Arquette,South Africa|United States|Canada,English,6.5,50,5565,118,107,44.0K,"$10,421,707","$20,000,000 (estimated)","$4,970,938",https://www.imdb.com/title/tt31728330/,New Movies
Return to Silent Hill,Drama|Horror|Mystery,"When a man receives a mysterious letter from his lost love, he is drawn to Silent Hill, a once familiar town now consumed by darkness.","based on video game,male protagonist,psychological horror,silent hill,reboot",2026-01-23,106,R,Christophe Gans,Jeremy Irvine,Hannah Emily Anderson,Ljiljana Velimirov,United Kingdom|Serbia|Germany,English,4,34,16572,469,98,48.0K,"$47,650,944","$23,000,000 (estimated)","$3,252,000",https://www.imdb.com/title/tt22868010/,New Movies
Fixed,Animation|Adventure|Comedy,"Bull, an average, all-around good dog, discovers he&apos;s going to be neutered in the morning. He realizes he needs one last adventure with his pack of buddies, as these are the last 24 hours with his balls. What could go wrong?","dog,2d animation,cartoon dog,animal,dark comedy",2025-08-13,87,R,Genndy Tartakovsky,Adam Devine,Idris Elba,Kathryn Hahn,United States|Brazil,English,5.2,51,5143,83,37,6.0K,,"$30,000,000 (estimated)",,https://www.imdb.com/title/tt8785038/,New Movies
Ace,Action|Comedy|Crime,"Kannan seeks a new life in a foreign country but gets dragged into a shark circle. A daring heist turns their hope into a curse, forcing him to outsmart fate itself.",heist crime,2025-06-14,157,,P. Aarumugakumar,Vijay Sethupathi,Rukmini Vasanth,Yogi Babu,India,Tamil,6.5,,5739,39,,2.3K,"$38,115",,,https://www.imdb.com/title/tt27802912/,New Movies
One of Them Days,Comedy,"When best friends and roommates Dreux and Alyssa discover Alyssa&apos;s boyfriend has blown their rent money, the duo finds themselves going to extremes in a race against the clock to avoid eviction and keep their friendship intact.","blood,african american,gun,los angeles california,twerking",2025-01-17,97,R,Lawrence Lamont,Keke Palmer,SZA,Vanessa Bell Calloway,United States,English,6.5,73,19176,126,73,31.6K,"$51,896,264","$14,000,000 (estimated)","$11,807,731",https://www.imdb.com/title/tt32221196/,New Movies
Kothapallilo Okappudu,Drama,"&quot;Kothapallilo Okappudu tells the story of a village boy whose life is shaken by a sudden incident. A small twist of fate spirals into chaos as rogues, folklore, and deep-rooted traditions push him to the edge.&quot;",,2025-08-22,125,,R. Kiran,Ravindra Vijay,Prem Sagar,Manoj Chandra,India,Telugu,7.4,,1138,,,,"$1,378",,,https://www.imdb.com/title/tt37501723/,New Movies
Prisoner of War,Action|Thriller|War,A British RAF Wing Commander during World War II is captured and forced to fight in a Japanese internment camp.,"bare chested male,captured,period drama,martial arts action,epic action",2025-09-19,112,R,Louis Mandylor,Scott Adkins,Peter Shinkoda,Michael Copon,Philippines|United States,Tagalog,5.7,,4047,63,31,7.0K,$906,"$2,000,000 (estimated)",,https://www.imdb.com/title/tt33057137/,New Movies
Mickey 17,Adventure|Comedy|Fantasy,"During a human expedition to colonize space, Mickey 17, a so-called &quot;expendable&quot; employee, is sent to explore an ice planet.","based on novel,alien,alien planet,ice planet,space expedition",2025-03-07,137,R,Bong Joon Ho,Robert Pattinson,Steven Yeun,Michael Monroe,United States|South Korea,English,6.7,72,240874,1K,318,231K,"$133,542,263","$118,000,000 (estimated)","$19,002,852",https://www.imdb.com/title/tt12299608/,New Movies
Fiume o morte!,Documentary,"Citizens of Rijeka, which Italians call Fiume, retell, reconstruct, and reinterpret the bizarre story about the 16-month occupation of their city in 1919 by the Italian poet, a dandy and preacher of war Gabriele D&apos;Annunzio.","experimental film,male nudity,male frontal nudity,italian fascism,2020s",2026-01-15,112,,Igor Bezinovic,Andrea Marsanich,Albano Vucetic,Tihomir Buterin,Croatia|Italy|Slovenia,Italian|Croatian,8.1,85,1172,7,54,2.1K,"$144,802","€700,000 (estimated)",,https://www.imdb.com/title/tt34383611/,New Movies
Kulyas 2: Zikr-i Ayin,Horror,"Helen performs forbidden spells to win back her lover, unknowingly awakening the ancient curse of the Kulyas jinn. Set across Istanbul, Kars, and the U.S., she must fight terrifying forces to end the dark legacy threatening her bl...",,2025-08-08,92,,Yunus Sevik,Charlie Akduman,Hüseyin Can Altingünlü,Gül Arslan,Turkey|United States,Turkish|English,7.8,,1069,3,7,,"$203,366",,,https://www.imdb.com/title/tt37195953/,New Movies
Duplicity,Drama|Mystery,High-powered attorney Marley faces her most personal case yet when she is tasked with uncovering the truth behind the shooting of her best friend Fela&apos;s husband.,"death of husband,widow,murder mystery,whodunit,legal drama",2025-03-20,109,R,Tyler Perry,Kat Graham,Meagan Tandy,Tyler Lepley,United States,English,4.7,,3077,55,13,6.6K,,,,https://www.imdb.com/title/tt28239363/,New Movies
Pratyartha,Comedy|Romance|Thriller,"In the heart of a gripping mystery, Ayush, a promising student, vanishes without a trace for 15 days, only to resurface tangled in a puzzling accident. Suspicions of foul play arise. The investigation delves into the who and why.",quirky comedy,2025-02-28,139,,Arjun M Kamath,Ramnath Shanbhag,Ramesh Bhat,Naveen D. Padil,India,Kannada,7.1,,2183,14,,,,,,https://www.imdb.com/title/tt34942632/,New Movies
Rolugunta Soori,Action|Drama,"Soori,a lower-caste man returns from prison,gains respect and loves Kamala.His Kabaddi wins anger upper-caste rivals led by Kashi Babu.Class-caste clashes over pride power spark arson and tragedy,revealing dark truths behind Soori...",,2025-11-14,113,,Anil Kumar Palla,Nagarjuna Palla,Aadhya Reddy,Bhawana Neelap,India,Telugu,8.2,,2108,,,,,,,https://www.imdb.com/title/tt38875979/,New Movies
Coolie,Action|Crime|Thriller,A mysterious man takes a stand against a corrupt syndicate exploiting and abusing the workers of a port town.,one person army action,2025-08-14,168,Not Rated,Lokesh Kanagaraj,Rajinikanth,Nagarjuna Akkineni,Soubin Shahir,India,Tamil,6,,23895,526,59,9.9K,"$7,501,962",,"$2,450,000",https://www.imdb.com/title/tt27441481/,New Movies
Zootopia 2,Animation|Action|Adventure,"Brave rabbit cop Judy Hopps and her friend, the fox Nick Wilde, team up again to crack a new case, the most perilous and intricate of their careers.","anthropomorphic animal,cgi animation,animal,rabbit,fox",2025-11-26,108,PG,Jared Bush,Ginnifer Goodwin,Jason Bateman,Ke Huy Quan,United States,English,7.4,73,117057,558,167,137K,"$1,866,647,514","$150,000,000 (estimated)","$100,262,540",https://www.imdb.com/title/tt26443597/,New Movies
Tu Meri Main Tera Main Tera Tu Meri,Adventure|Comedy|Romance,"Two people fall in love while finding themselves, but family pressures challenge their relationship. They part, hoping to meet again.",romantic comedy,2025-12-25,145,,Sameer Vidwans,Kartik Aaryan,Ananya Panday,Neena Gupta,India,Hindi,4,,27892,121,13,1.2K,"$544,606","₹900,000,000 (estimated)",,https://www.imdb.com/title/tt35146696/,New Movies
Elway,Documentary|Biography|Sport,"Following John Elway from Stanford through 16 seasons with Denver Broncos, featuring The Drive, Super Bowl losses and victories, capturing key moments of the Hall of Fame QB&apos;s legendary career.","sports documentary,career,american football,american football sport,national football league",2025-12-22,99,TV-14,Ken Rodgers,John Elway,Steve Antonopulos,Adam Schefter,United States,English,7.3,,1120,8,10,,,,,https://www.imdb.com/title/tt35295747/,New Movies
Solo Boy,Romance,"After heartbreak, Krishnamoorthy discovers purpose helping Indian farmers. His delivery job evolves into creating tech solutions, transforming both his life and agriculture while healing his spirit.",,2025-07-04,133,,Naveen Kumar,Shweta Avasthi,Chakrapani Ananda,Bhadram,India,Telugu,7.5,,1773,5,,,,,,https://www.imdb.com/title/tt31242102/,New Movies
Niram Marum Ulagil,Drama,"Four moving stories examine parental love&apos;s strength through sickness, separation, unexpected connections, and turbulent feelings.",,2025-03-07,146,,JB Britto,Natarajan Subramaniam,Rio Raj,Sandy Master,India,Tamil,4.9,,8328,,,,,,,https://www.imdb.com/title/tt32189846/,New Movies
Gekijô-ban Chensô Man Reze-hen,Animation|Action|Adventure,"A direct sequel to the first season of the series &quot;Chainsaw Man&quot;, featuring Denji, a young man who co-exists with a chainsaw demon. Denji encounters a new romantic interest, but will his involvement place them both in danger?","based on tv series,based on anime series,based on anime,anime animation,demon",2025-10-24,100,R,Tatsuya Yoshihara,Kikunosuke Toya,Shiori Izawa,Tomori Kusunoki,Japan,Japanese,8.3,71,51199,551,51,35.6K,"$162,966,644",,"$18,030,883",https://www.imdb.com/title/tt30472557/,New Movies
Predator: Badlands,Action|Adventure|Sci-Fi,A young Predator outcast from his clan finds an unlikely ally on his journey in search of the ultimate adversary.,"alien planet,android,shared universe,alien creature,alien",2025-11-07,107,PG-13,Dan Trachtenberg,Elle Fanning,Dimitrius Schuster-Koloamatangi,Ravi Narayan,United States|Australia|New Zealand|Canada|Germany,English,7.2,71,138870,1.4K,209,160K,"$184,561,056","$105,000,000 (estimated)","$40,016,853",https://www.imdb.com/title/tt31227572/,New Movies
Blücher,Action|Drama|War,"On April 9, 1940, 64-year-old Colonel Birger Eriksen commands Oscarsborg Fortress, a key checkpoint all vessels must pass while heading to Oslo.",,2025-09-26,94,,Daniel Fahre,Bjørn Sundquist,Andrea Berntzen,Eldar Skar,Norway,Norwegian,7.1,,2326,17,2,2.4K,"$5,709,587",,,https://www.imdb.com/title/tt32080656/,New Movies
Baska Bir Sen,Comedy|Romance,Mümtaz and Derya are condemned to live out their last moments each day in someone else&apos;s skin.,,2025-03-07,111,,Ömer Faruk Sorak,Giray Altinok,Ezgi Mola,Kerem Özdogan,Turkey,Turkish,7,,4805,7,,2.6K,"$84,553","TRL 1,000,000 (estimated)",,https://www.imdb.com/title/tt35948720/,New Movies
London Calling,Action|Comedy|Drama,"After fleeing the UK from a job gone wrong, a down on his luck hitman is forced to babysit the son of his new crime boss and show him how to become a man.",,2025-09-18,114,R,Allan Ungar,Josh Duhamel,Jeremy Ray Taylor,Rick Hoffman,United States|South Africa,English,5.7,,2917,34,25,6.6K,"$156,373",,,https://www.imdb.com/title/tt30425872/,New Movies
Predators,Documentary|Crime|Thriller,"Exploring the controversial NBC series that caught potential child predators in sting operations, leading to arrests, and its eventual cancellation.","arrest,sting operation,online predator,hidden camera,reference to the show to catch a predator",2025-12-08,96,TV-MA,David Osit,Mark de Rond,Dani Jayden,Casey Mauro,United States,English,6.6,83,2663,56,39,7.0K,"$67,397",,,https://www.imdb.com/title/tt34963732/,New Movies
Euphoria,Drama,"In a time of rising youth crime and fading values, society confronts hard questions about raising children and seeking justice, as a new generation struggles with the costs of ambition and moral choices.",,2026-02-06,150,,Gunasekhar,Saandip,Mohammad Anas,Rajasekhar Aningi,India,Telugu,8.1,,2019,5,,,,,,https://www.imdb.com/title/tt33737583/,New Movies
Anaganaga Oka Raju,Comedy|Family,"In vibrant Gaurapuram, quirky Raju meets spirited Charulatha, triggering delightful events. Their story unfolds at a grand wedding in this humorous family festival entertainer.",festival,2026-01-14,150,,Maari,Naveen Polishetty,Meenaakshi Chaudhary,Tarak Ponnappa,India,Telugu|Hindi,6.3,,1623,24,2,,"$335,180",,,https://www.imdb.com/title/tt15427952/,New Movies
Gajaana,Adventure|Fantasy,"A group of greedy people were entering Nagamalai Forest, and unexpectedly, the people died in a mysterious way. How did they find the solution and escape from the forest?",,2025-05-09,108,,Prabhadish Samz,Yogi Babu,Vedhika,Inigo Prabhakaran,India,Tamil,3.5,,2495,27,,,,,,https://www.imdb.com/title/tt31924094/,New Movies
Dhandoraa,Drama,"Raw drama where laughs and emotion crash into stark realities. Earthbound stories pulse with defiance, human spirit, and hope.",,2025-12-25,135,,Muralikanth Devasoth,Mounika,Aditi Bhavaraju,Sivaji,India,,8.5,,3908,30,,,"$9,376",,,https://www.imdb.com/title/tt34984715/,New Movies
Peaky Blinders: The Immortal Man,Crime|Drama|History,"During World War II, Tommy Shelby returns to a bombed Birmingham and becomes involved in secret wartime missions facing new threats as he reckons with his past.","male rear nudity,male nudity,female nudity,female topless nudity,secret",2026-03-20,112,R,Tom Harper,Cillian Murphy,Rebecca Ferguson,Tim Roth,United Kingdom|France|United States,English,6.6,59,56396,728,53,91.0K,,,,https://www.imdb.com/title/tt15574124/,New Movies
Umami,Drama,"Umami&apos; tells the story of chef Sina Bora&apos;s extraordinary night, as he struggles with the pressures of running a successful and luxurious restaurant in Istanbul, while also having to cope with his personal life and the demands of h...",,2025-02-12,113,,Emre Sahin,Burak Deniz,Öykü Karayel,Osman Sonant,Turkey,Turkish,6.1,,2189,17,3,1.9K,,,,https://www.imdb.com/title/tt33305511/,New Movies
Mango,Comedy|Drama|Romance,"Lærke, an ambitious hotel manager, is sent to Malaga to develop a hotel on Alex&apos;s mango farm. Lærke&apos;s daughter joins, expecting a rare holiday. Unexpected feelings arise between Lærke and Alex, forcing them to make life-altering c...","life,hotel,daughter,boss,manager",2025-11-07,96,TV-MA,Mehdi Avaz,Josephine Park,Dar Salim,Josephine Højbjerg,Denmark,Danish|English|Spanish,5.7,,2204,8,12,1.5K,,,,https://www.imdb.com/title/tt33293169/,New Movies
Rhino King,Comedy|Romance,"James, a jobless husband, grapples with strained marriage as wife Sarah&apos;s career thrives. Left behind, he embarks on self-discovery journey, seeking purpose and worth amidst unfulfilled dreams and marital turmoil.",,2025-01-01,90,,Jason Park,Jason Park,Brandon Dunlap,Brooke Ray,United States,,7.5,,1257,6,,,,"$100,000 (estimated)",,https://www.imdb.com/title/tt32397514/,New Movies
Dear Krishna,Drama,"A gripping tale of an intense and pure bond between a father and son, woven with threads of joy, anguish, fear, and tranquility.",,2025-01-24,131,,Dinesh Babu,Avinash,Mamitha Baiju,Shanthi Krishna,India,Telugu,7.9,,4055,2,,,,,,https://www.imdb.com/title/tt34500787/,New Movies
Aadu 3,Action|Comedy,"In three parallel timelines, past, present, and future, Shaji Pappan and his gang appear in different roles. As secrets surface and powerful enemies emerge in both eras, the gang is drawn into high-stakes confrontations.",,2026-03-19,168,,Midhun Manuel Thomas,Jayasurya,Vijay Babu,Sunny Wayne,India,Malayalam,6.9,,1105,41,,,"$3,880,139",,,https://www.imdb.com/title/tt8142672/,New Movies
Night Always Comes,Crime|Drama|Thriller,"Risking everything to secure a future for herself and her brother, Lynette sets out on a dangerous odyssey, confronting her own dark past over the course of one propulsive night.","money,cash,female protagonist,criminal,profanity",2025-08-15,108,R,Benjamin Caron,Vanessa Kirby,Jennifer Jason Leigh,Zack Gottsagen,United States|United Kingdom,English,5.9,60,15527,133,61,22.1K,,,,https://www.imdb.com/title/tt31567422/,New Movies
Nilavuku Enmel Ennadi Kobam,Comedy|Drama|Romance,"A young man on the rebound from a broken relationship accepts his parents&apos; choice of a bride, only for his first-love to reconnect with him.",feel good romance,2025-03-21,136,,Dhanush,Karthik Anjaneyan,Priyanka Arulmohan,Rabiya Khatoon,India,Tamil,5.8,,2228,23,2,4.0K,"$75,461",,,https://www.imdb.com/title/tt30590474/,New Movies
96 Minutes,Action|Crime,"A bomb expert and his fiancée board a train containing explosives, while a scandal-plagued physics teacher takes the same train hoping to reconcile with his wife who left on an earlier train.",,2026-01-30,120,,Tzu-Hsuan Hung,Po-Hung Lin,Vivian Sung,Bo-Chieh Wang,Taiwan,Mandarin|Min Nan,5.8,,1533,15,7,,"$143,917",,,https://www.imdb.com/title/tt34381460/,New Movies
Reflet dans un diamant mort,Action|Mystery|Sci-Fi,A retired spy suspects his former adversaries have resurfaced when his intriguing neighbor vanishes.,"secret agent,hotel,hotel room,female nudity,knife through hand",2025-06-25,87,TV-MA,Hélène Cattet,Fabio Testi,Manon Beuchot,Yannick Renier,Belgium|Luxembourg|Italy|France,French|Italian|English|German|Spanish,6.2,78,2126,17,81,5.3K,"$70,269",,,https://www.imdb.com/title/tt32263401/,New Movies
Don&apos;t Die: The Man Who Wants to Live Forever,Documentary,Explores a man&apos;s quest for immortality and the lengths he goes to defy aging.,"science and technology documentary,experimentation,ai supremacy,automated factory,bio digital",2025-01-01,88,TV-14,Chris Smith,Bryan Johnson,Oliver Zolman,Mac Davis,United States,English,6.1,55,4739,42,16,3.7K,,,,https://www.imdb.com/title/tt34977130/,New Movies
Tribanadhari Barbarik,Drama,"Dr. Shyam, a psychiatrist devoted to his granddaughter Nidhi, draws inspiration from Barbarik, a warrior from the Mahabharata. When Nidhi disappears, his hunt for answers with a cop, collides with, Ram &amp; Dev, two men desperate for...",,2025-08-29,128,,Mohan Srivatsa,Resad Ajim,Karthikeya Dev,VTV Ganesh,India,Telugu|Tamil,6.5,,1656,14,,,,,,https://www.imdb.com/title/tt34479177/,New Movies
Enzo,Drama,A 16-year-old boy defies his bourgeois family&apos;s expectations by starting a masonry apprenticeship where he meets a charismatic Ukrainian colleague who shakes up his world.,"gay interest,gay crush,gay,coming of age,crush on older man",2025-06-18,102,Not Rated,Robin Campillo,Eloy Pohu,Pierfrancesco Favino,Élodie Bouchez,France|Italy|Belgium,French|Ukrainian,6.6,71,1343,5,40,3.1K,"$1,784,982","€3,700,000 (estimated)",,https://www.imdb.com/title/tt32646557/,New Movies
The Bad Guys 2,Animation|Action|Adventure,"The Bad Guys are struggling to find trust and acceptance in their newly minted lives as Good Guys, when they are pulled out of retirement and forced to do &quot;one last job&quot; by an all-female squad of criminals.","computer animation,flatulence,animal,human,four word title",2025-08-01,104,PG,Pierre Perifel,Sam Rockwell,Marc Maron,Awkwafina,United States,English,7,64,26678,197,106,40.8K,"$239,631,546","$80,000,000 (estimated)","$21,995,715",https://www.imdb.com/title/tt30017619/,New Movies
The Age of Disclosure,Documentary,"Featuring 34 U.S. Government insiders, this explosive documentary reveals an 80-year global cover-up of non-human intelligent life and a secret war among major nations to reverse engineer advanced technology of non-human origin.",,2025-11-21,109,,Dan Farah,Jay Stratton,Luis Elizondo,Harold Puthoff,United States,English,6.8,45,4377,174,13,22.9K,,,,https://www.imdb.com/title/tt35520315/,New Movies
Mission Muh Dikhayi,Comedy|Drama|Family,"Mission Muh Dikhayi follows Anjana, a modern woman who marries Devesh, an engineer from Delhi. Two days later, the Muh Dikhayi ritual ignites culture clash, emotional conflict, and a struggle between modern values and tradition.",,2025-08-30,53,,Suryansh Thakur,Kushal Dubey,Mugdha Agarwal,Dhananjay Sharma,India,,8.8,,10586,360,,1.7K,,"₹5,000,000 (estimated)",,https://www.imdb.com/title/tt38063392/,New Movies
Apple CUT,,Four friends-including anthropology professor Sathya-search for his missing mother amid a series of attacks on women. Can police catch the killer and help Sathya reunite with his mother?,,2025-03-07,104,,Sindhu Gowda,Amrutha,Appanna,Ashwini,India,Kannada,4.2,,1510,,,,,,,https://www.imdb.com/title/tt32084875/,New Movies
Sumathi Valavu,Horror,"A haunted curve in Kerala, named after Sumathi&apos;s tragic death, draws various people into supernatural encounters. As they experience strange events, the mystery of Sumathi and the road&apos;s dark history unfolds.",,2025-08-01,139,,Vishnu Sasi Shankar,Sshivada,Malavika Manoj,Arjun Ashokan,India,Malayalam|Tamil|Telugu|Kannada|Hindi,5.6,,1836,19,,,"$478,607",,,https://www.imdb.com/title/tt33037773/,New Movies
Cortafuego,Drama|Thriller,A widow whose daughter disappears near their summer home as a wildfire rages nearby.,"psychological thriller,forest,fire,psychological,psychological drama",2026-02-20,107,TV-MA,David Victori,Belén Cuesta,Diana Gómez,Joaquín Furriel,Spain,Spanish,5.7,,3488,42,17,2.6K,,,,https://www.imdb.com/title/tt33474179/,New Movies
Dhumketu,Drama,"A tea estate manager in North Sikkim loses his job, facing limited work options in the hills. He strives to support his family and restore happiness amid financial hardship.",,2025-08-14,131,,Kaushik Ganguly,Dev,Rudranil Ghosh,Arpan Das,India,Bengali,6.5,,1031,41,,1.5K,,,,https://www.imdb.com/title/tt6376792/,New Movies
Maareesan,Comedy|Drama|Thriller,"In an unusual situation , Velayudham sets out on a journey with Dhaya from Nagercoil to Tiruvannamalai-a journey that will alter both their lives in ways they never imagined. What unfolds becomes the heart of the story.",,2025-07-25,150,TV-14,Sudheesh Sankar,Vadivelu,Fahadh Faasil,Sithara,India,Tamil,7.4,,9488,111,5,4.7K,"$130,589",,,https://www.imdb.com/title/tt29383191/,New Movies
Melania,Documentary,"An intimate chronicle offers a rare glimpse into the life of Melania Trump, exploring her role as First Lady and her relationship with the President.","right wing politics,maga movement,slovenia,republican party,pro republican",2026-01-30,104,PG,Brett Ratner,Melania Trump,Hervé Pierre,Adam Lippes,United States,English,1.5,5,65879,98,27,10.3K,"$16,661,439","$40,000,000 (estimated)","$7,161,605",https://www.imdb.com/title/tt35291758/,New Movies
Troll 2,Action|Adventure|Drama,"Nora, Andreas and Captain Kris leap back into action when a dangerous new troll awakes - and this time they&apos;ll need more help to take it down.","sequel,monster,troll,helicopter,tomb",2025-12-01,105,TV-14,Roar Uthaug,Ine Marie Wilmann,Kim Falck,Mads Sjøgård Pettersen,Norway,Norwegian,5.3,,12838,134,62,9.9K,,"NOK 114,000,000 (estimated)",,https://www.imdb.com/title/tt29232158/,New Movies
Magic Farm,Comedy|Drama,"A media crew mistakenly ends up in the wrong country while trying to profile a musician. As they collaborate with locals to create a viral trend, relationships form amid an unfolding health crisis.","female nudity,filmmakers,two word title,r rated,one year later",2025-05-16,93,,Amalia Ulman,Chloë Sevigny,Joe Apollonio,Simon Rex,United States|Argentina|United Kingdom,English|Spanish|French,6,60,1458,10,26,4.3K,"$93,629",,"$18,314",https://www.imdb.com/title/tt34966919/,New Movies
Kaliyugam 2064,Thriller,"Follows an apocalyptic world deprived of food, water and humanity set in 2064, where they must fight to survive.",conspiracy thriller,2025-05-09,111,,Pramodh Sundar,Shraddha Srinath,Kishore Kumar G.,Iniyan Subramani,India,Telugu|Tamil,4.8,,1341,42,,,,,,https://www.imdb.com/title/tt24517610/,New Movies
Gatha Vaibhava,Adventure,"A chance modern meeting between Purathan and Adhunika leads them to discover their past-life connections across Devaloka, da Gama&apos;s era, and coastal Karnataka, revealing an eternal bond transcending time.",,2025-11-14,142,,Suni,Sudha Belawadi,Kishan Bilagali,Krishna Hebbale,India,Kannada|Telugu,8.2,,1088,4,,,,"₹100,000,000 (estimated)",,https://www.imdb.com/title/tt38755084/,New Movies
Game Changer,Action|Drama|Thriller,An honest IAS officer&apos;s fight against a corrupt political system through fair and transparent elections.,"political thriller,one person army action,political drama",2025-01-10,165,,S. Shankar,Ram Charan,Kiara Advani,Sankalpa Banerjee,India,Telugu,5.1,,28883,131,16,7.2K,"$2,849,061",,"$2,100,000",https://www.imdb.com/title/tt14209618/,New Movies
My Mom Jayne,Documentary|Biography|Family,"Explores the life and legacy of Mariska Hargitay&apos;s mother, Hollywood icon Jayne Mansfield, who died tragically in a car accident at age 34 when Mariska was only three years old.","death of mother,interview,old photograph,childhood photo,actress",2025-06-27,105,TV-MA,Mariska Hargitay,Jayne Mansfield,Mariska Hargitay,Zoltán Hargitay,United States,English,8.3,75,4831,80,43,8.9K,,,,https://www.imdb.com/title/tt36464353/,New Movies
She Rides Shotgun,Action|Drama|Thriller,"A girl marked for death must fight and steal to stay alive, learning from the most frightening man she knows: her father. An adaptation of Jordan Harper&apos;s award-winning novel.","new mexico,father,daughter,school,shootout",2025-08-08,120,R,Nick Rowland,Ana Sophia Heger,Jamie Bernadette,Goldie Tom,United States,English,6.5,74,13093,152,57,26.1K,"$76,103",,,https://www.imdb.com/title/tt27986457/,New Movies
Grenfell Uncovered,Documentary,"Reveals decisions by officials and companies before the 2017 Grenfell Tower fire that made it preventable. Survivors, families, and firefighters share their accounts of the tragedy that took 72 lives.","disaster action,grenfell tower fire,social documentary,kensington london,fireman",2025-06-20,100,,Olaide Sadiq,Luana Gomes,Marcio Gomes,David Badillo,United Kingdom,English,7.4,,2832,23,10,2.4K,,,,https://www.imdb.com/title/tt37024060/,New Movies
Page,Family,"JP (John Paul), a well-known motivational speaker, lives a peaceful and fulfilling life with his loving wife Reny and their two children. But beneath this calm exterior lies a story waiting to unfold.",,2025-11-14,101,,Anish Urumbil,Arun Ashok,Anusree,Bibin George,India,Malayalam,8.8,,1088,,,,,,,https://www.imdb.com/title/tt38895566/,New Movies
69,Drama,"Five lives entwine through a chain of fleeting encounters - with each experience a confession, and each climax a mirror to themselves.","male rear nudity,female rear nudity,naked female breasts,simulated cunilingus,doggystyle sex",2025-08-22,74,,Roe Pajemna,Aliya Raymundo,Ashley Lopez,Queenie De Mesa,Philippines,Tagalog|Filipino,5.7,,1092,,,,,,,https://www.imdb.com/title/tt37563330/,New Movies
Falcon Express,Animation|Action|Comedy,"When a crew of animal bandits embark on a routine swindle, they find themselves caught up in a train heist. It&apos;s up to Falcon, a petty thief raccoon, and Rex, a righteous police-dog, to save the animals on this high-speed runaway ...","animal adventure,cg animation,cat,raccoon,news reporter",2025-07-18,87,PG,Benoît Daffis,Damien Ferrette,Hervé Jolly,Kaycie Chase,France|United States,French|Portuguese|English,6.1,,1172,14,20,3.1K,"$13,513,121",,"$821,777",https://www.imdb.com/title/tt36424914/,New Movies
Not All Movies Are the Same: Dual,Horror|Mystery|Sci-Fi,"After losing everything to a personal mistake, a young man stumbles into a parallel world where a family is trapped by zombies. Driven to save them, he must navigate this deadly reality and fight for survival-and redemption",,2025-11-28,97,,Sagiraju Suresh,Roshni Aravindakshan,Raghu Vardhan Kallem,Kushi Pillala,India,Telugu|Hindi|Tamil|Malayalam|Kannada,8.2,,3136,5,,,,,,https://www.imdb.com/title/tt37671707/,New Movies
Bha Bha Ba,Action|Comedy|Thriller,"Three interconnected lives unfold, with one being a successful conman who continuously deceives others without facing consequences.",,2025-12-18,153,,Dhananjay Shankar,Dileep,Vineeth Sreenivasan,Dhyan Sreenivasan,India,Malayalam,4.8,,5766,76,,,"$1,156,519",,,https://www.imdb.com/title/tt28551273/,New Movies
Wunderschöner,Comedy|Drama,"When politician Philipp is filmed with a prostitute, his wife Nadine is devastated. Vicky teaches feminism while longing for her distant partner. Julie is molested by a colleague on the TV show team. Quarreling Sonja and Milan try...","reference to beyonce,school project,berlin,directed by a female,toxic masculinity",2025-02-13,132,,Karoline Herfurth,Anneke Kim Sarnau,Karoline Herfurth,Emilia Schüle,Germany,German|English|Romanian,6.8,,1246,3,21,1.2K,"$14,523,318","€8,000,000 (estimated)",,https://www.imdb.com/title/tt33041296/,New Movies
Trap House,Action|Crime,"A DEA agent and his partner pursue thieves: their own rebellious teens, who began robbing the cartel using their parents&apos; tactics and classified intel.","bound and gagged,tied up,kidnapping,woman bound and gagged,duct tape gag",2025-11-14,101,R,Michael Dowse,Dave Bautista,Jack Champion,Bobby Cannavale,United States,English,5.4,,7209,84,18,12.6K,"$126,039",,,https://www.imdb.com/title/tt10799690/,New Movies
Kalave Mosagara,Drama,"Kalave Mosagara is a Kannada movie starring Bharath Sagar, Yashaswini Ravindra and Shankar Murthy SR in prominent roles. It is an action romance directed by Sanjay S Puranic with Lokesh. K as musician, forming part of the crew.",,2025-06-20,134,,Sanjay S Puranic,Bharath Sagar,Shankar Murthy,Darshan Vernekar,India,Kannada,5.6,,1162,,,,,,,https://www.imdb.com/title/tt37241347/,New Movies
Vinci 2,Comedy|Crime,A former art thief is enjoying retirement on the Andalusian coast when an old acquaintance visits with a tempting proposal: one last heist in Poland.,krakow poland,2025-07-25,119,,Juliusz Machulski,Robert Wieckiewicz,Borys Szyc,Kamilla Baar,Poland,Polish|English|Spanish|Japanese,5.8,,1042,2,,,"$3,947,445",,,https://www.imdb.com/title/tt33294672/,New Movies
Borderline,Comedy|Horror|Thriller,A bodyguard protects a pop superstar and her athlete boyfriend from a determined stalker in 1990s Los Angeles.,"stalker,dark comedy,man kisses a man,man wears a dress,man wears a wedding dress",2025-03-14,94,R,Jimmy Warden,Samara Weaving,Ray Nicholson,Eric Dane,United States,English,5.5,58,9333,116,49,19.3K,"$284,704","$5,000,000 (estimated)","$8,254",https://www.imdb.com/title/tt13650814/,New Movies
La cena,Comedy|Drama|History,"1939. Two weeks after the end of the Spanish Civil War, General Franco orders celebrate a dinner at the Hotel Palace. But the hotel, reconverted as field hospital, isn&apos;t ready for that. And part of the staff is anti-Franquist.","male rear nudity,hotel,spanish comedy,spanish civil war,politics",2025-10-17,106,,Manuel Gómez Pereira,Mario Casas,Alberto San Juan,Asier Etxeandia,Spain|France,Spanish,6.5,,2125,4,3,1.4K,"$4,264,962",,,https://www.imdb.com/title/tt35657504/,New Movies
Madhuram Jeevamruthabindu,Family,"Explores Different Shades Of Human Desire Through Jessie, Ilyas, Samuel, And Bhaskaran - Each Chasing Passion, Longing, Or Curiosity In Their Own Way, Revealing How Desires Shape Life And Lead To Self-Realization.",,2025-10-31,115,,Appu N. Bhattathiri,Punya Elizabeth,Vinay Forrt,Dayyana Hameed,India,Malayalam,6.3,,1799,4,,,,,,https://www.imdb.com/title/tt15554778/,New Movies
Full Meals,Romance,"Full Meals movie touches upon Love, Life, and Passion. In the Film, protagonist is a struggling Wedding Photographer who tries to attain his passion and prove himself. In this process he gets entangled in his personal and love life",,2025-11-21,133,,N. Vinayaka,Likith Shetty,Kushee Ravi,Thejaswini Sharma,India,Kannada,7.1,,2134,41,,,,,,https://www.imdb.com/title/tt32655161/,New Movies
Bugonia,Comedy|Crime|Sci-Fi,"Two conspiracy-obsessed young men kidnap the high-powered CEO of a major company, convinced that she is an alien intent on destroying planet Earth.","ceo,kidnapping,conspiracy,remake,chained in basement",2025-10-31,118,R,Yorgos Lanthimos,Emma Stone,Jesse Plemons,Aidan Delbis,Ireland|United Kingdom|Canada|South Korea|United States,English,7.4,72,171875,870,293,245K,"$43,493,175",,"$709,848",https://www.imdb.com/title/tt12300742/,New Movies
Grihapravesh,Drama|Family|Romance,"In a decaying Calcutta mansion, Titli maintains routines after her husband Shaon disappears. The arrival of Megh during Durga Puja stirs suppressed feelings and memories as grief emerges.",,2025-06-13,156,13+,Indraadip Dasgupta,Subhasree Ganguly,Kaushik Ganguly,Jeetu Kamal,India,Bengali,6.4,,1350,549,4,,,,,https://www.imdb.com/title/tt37137016/,New Movies
Finding Nicole,Crime|Drama|Thriller,Nicole Beverly and her children survive and overcome domestic violence.,,2025-05-06,90,,Harley Wallen,Sean Whalen,Richard Tyson,Debra Lamb,United States,English,6.8,,1259,11,21,,,,,https://www.imdb.com/title/tt11327400/,New Movies
In Your Dreams,Animation|Adventure|Comedy,Stevie and her little brother Elliot journey into the wildly absurd landscape of their own dreams to ask the Sandman to grant them the perfect family.,"parents argue,brother sister relationship,cgi animation,computer animation,3d animation",2025-11-14,90,PG,Erik Benson,Jolie Hoang-Rappaport,Elias Janssen,Craig Robinson,United States,English,6.5,61,7109,55,52,13.8K,,,,https://www.imdb.com/title/tt27604215/,New Movies
Merv,Comedy|Romance,"When their beloved dog Merv loses his spark after their split, Anna and Russ are forced into the world&apos;s most awkward co-parenting arrangement.","romantic comedy,dog,vet,hairy chest,beach",2025-12-10,105,PG,Jessica Swale,Zooey Deschanel,Charlie Cox,Ellyn Jameson,United States,English,5.5,40,4951,40,30,10.6K,,,,https://www.imdb.com/title/tt31281659/,New Movies
Netterekere,Action,"When an old rivalry reignites, four friends are pulled into a brutal gang war. Betrayal, loss, and vengeance leave Guna to fight the final battle - where blood and secrets decide the fate of Netterekere.",,2025-08-29,153,,Swaraj Shetty,Swaraj Shetty,Lanchlal KS,Suman,India,Tulu,5.5,,1062,,,,,,,https://www.imdb.com/title/tt38018909/,New Movies
Nishaanchi,Action|Crime|Drama,"Twin brothers, identical looks but different values, face brotherhood, betrayal, love, and redemption. Their paths weave through crime into a deeper story of human nature and its results.",,2025-09-19,176,,Anurag Kashyap,Monika Panwar,Aaishvary Thackeray,Vedika Pinto,India,Hindi,6.7,,3023,106,11,2.2K,,,,https://www.imdb.com/title/tt34794166/,New Movies
Öldürdügün Seyler,Drama|Thriller,"Haunted by the suspicious death of his ailing mother, a university professor coerces his enigmatic gardener to execute a cold-blooded act of vengeance.","bare chested male,male protagonist,university professor,dog barks,husband wife relationship",2025-11-14,114,,Alireza Khatami,Ekin Koç,Erkan Kolçak Köstendil,Hazar Ergüçlü,France|Poland|Canada|Turkey,Turkish|English,6.5,81,1757,14,54,6.0K,"$159,057",,,https://www.imdb.com/title/tt32367116/,New Movies
Miroirs No. 3,Drama|Music|Mystery,"After a car crash kills her boyfriend, piano student Laura is taken in by Betty, who witnessed the accident. Living with Betty&apos;s family brings comfort, but Laura starts questioning their intentions as time passes.","loss of sister,death of sister,dripping water,loss of daughter,written by director",2026-03-27,86,,Christian Petzold,Paula Beer,Philip Froissant,Barbara Auer,Germany,German|French,6.6,77,1827,5,65,4.0K,"$679,383",,"$35,866",https://www.imdb.com/title/tt32247943/,New Movies
Ek Deewane Ki Deewaniyat,Drama|Romance|Thriller,"When a powerful politician falls for a strong-willed superstar, their passionate romance quickly spirals into a dangerous game of obsession, pride, and heartbreak.","tragic romance,bollywood musical",2025-10-21,140,,Milap Zaveri,Harshvardhan Rane,Sonam Bajwa,Shaad Randhawa,India,Hindi,4.6,,3663,132,9,4.3K,"$756,880",,,https://www.imdb.com/title/tt35727678/,New Movies
Heads of State,Action|Adventure|Comedy,"When the U.K. Prime Minister and U.S. President become the targets of a foreign adversary, they are forced to rely on each other to thwart a global conspiracy.","president of the united states,sniper,montage,shootout,conspiracy",2025-07-02,116,PG-13,Ilya Naishuller,Idris Elba,John Cena,Priyanka Chopra Jonas,United States,English|Belarusian|Polish,6.4,57,67420,438,97,56.3K,,,,https://www.imdb.com/title/tt13357520/,New Movies
Avihitham,,"In a village full of men and gossip about affairs, the narrative reveals how society absurdly judges and monitors women&apos;s identities.",,2025-10-10,105,,Senna Hegde,Unni Raja,Renji Kankol,Dhanesh Koliyat,India,Malayalam|Hindi|Tamil|Telugu|Kannada,6.7,,2060,15,,,"$13,376",,,https://www.imdb.com/title/tt38202962/,New Movies
Vrusshabha,Action|Drama|Fantasy,A wealthy diamond magnate faces a reckoning when his son&apos;s journey to their ancestral village awakens memories of a violent past that refuse to stay buried.,life,2025-12-25,128,,Nanda Kishore,Mohanlal,Samarjit Lankesh,Nayan Sarika,India,Telugu|Malayalam|Kannada|Hindi,8.6,,2252,13,,,"$13,662",,,https://www.imdb.com/title/tt27496044/,New Movies
Chaos: The Manson Murders,Documentary|Crime,"A deep dive into alternative theories surrounding the Manson murders reveals unexpected connections to government agencies, mind-control experiments and key figures from the era, challenging the accepted narrative.","reference to the beatles,helter skelter,reference to beach boys,black panther,reference to jack ruby",2025-03-07,95,TV-MA,Errol Morris,Charles Manson,Stephen Kay,Tom O&apos;Neill,United States,English,5.7,62,3440,43,16,2.8K,,,,https://www.imdb.com/title/tt35628886/,New Movies
2000 Meters to Andriivka,Documentary|War,"A Ukrainian platoon&apos;s mission: traverse a heavily fortified mile of forest to liberate a strategic village from Russian forces. A journalist accompanies them, witnessing the ravages of war and the growing uncertainty about its con...","russia ukraine war,ukraine,modern war,russian invasion of ukraine,russian occupation of ukraine",2025-07-25,107,,Mstyslav Chernov,Mstyslav Chernov,,,United States|Canada,Ukrainian|English|Russian,8.4,88,3886,35,39,10.6K,"$14,863",,,https://www.imdb.com/title/tt34964205/,New Movies
Trainwreck: Mayor of Mayhem,Documentary,"Rob Ford&apos;s 2010 Toronto mayoral run shocked critics with an unexpected win. His tenure spiraled into chaos amid mounting scandals and drug allegations, drawing global media attention.","mayor,death,drug use,politics documentary,media frenzy",2025-06-17,49,TV-MA,Shianne Brown,Rob Ford,Katie Simpson,Dave Rider,United States,English,6.2,,3482,17,15,1.7K,,,,https://www.imdb.com/title/tt36856306/,New Movies
Azaad,Adventure|Drama,"In 1920s India, a young stable boy bonds with a spirited horse. Amid rebellion and tyranny, his quest to ride the majestic animal becomes a journey of courage, awakening him to the country&apos;s fight for freedom.","revolution,item number,older man younger woman relationship,rebellion,sex scene",2025-01-17,147,,Abhishek Kapoor,Rakesh Sharma,Ajay Devgn,Rasha Thadani,India,Hindi,4.9,,4509,67,11,1.4K,"$138,980",,,https://www.imdb.com/title/tt26439870/,New Movies
Thudarum,Action|Drama,"In the quiet hill town of Ranni, humble taxi driver Shanmughan treasures one thing above all - his aging Ambassador car. When fate puts him to the test, he must prove just how far he&apos;ll go for what he holds dear.",one word title,2025-04-25,163,Not Rated,Tharun Moorthy,Mohanlal,Shobana,Bharathiraja,India,Malayalam|Tamil|Hindi|Telugu|Kannada,7.5,,14597,214,7,6.3K,"$6,226,200",,,https://www.imdb.com/title/tt31969600/,New Movies
Eye for an Eye,Horror,"Follows the story of Anna who grieves the death of her parents as she moves from New York to Florida to stay with her grandmother. She falls in with some other teens, but when she sees a grisly act of violence, she finds trapped.","retribution,dream,nightmare,bully,vengeance",2025-06-20,100,Not Rated,Colin Tilley,Whitney Peak,Laken Giles,Finn Bennett,United States,English,4.8,,1021,16,25,2.6K,"$200,545","$5,000,000 (estimated)",,https://www.imdb.com/title/tt28088571/,New Movies
Stille Freundin,Biography|Drama|History,"Set in the botanical garden of a medieval town in Germany. Three epochs, three personalities, three sometimes clumsy but sincere attempts to free themselves and to create links with the plants and the world of the garden. An encou...","garden,botanical garden,tree,male nudity,germany",,147,,Ildikó Enyedi,Tony Leung Chiu-wai,Luna Wedler,Enzo Brumm,Germany|Hungary|France|China,English|German|Cantonese,7.6,89,1208,7,39,7.6K,"$379,373",,,https://www.imdb.com/title/tt27811632/,New Movies
W/O Anirvesh,Drama,A mimicry artist&apos;s perfect life shatters upon discovering his wife&apos;s secret affair and murderous intentions. His desperate plea for police protection leads to unexpected events.,,2025-03-07,98,,Gangadhara Advaitha,Jabardasth Ram Prasad,Gemini Suresh,Kireeti Damaraju,India,Telugu,7.3,,1077,,,,,,,https://www.imdb.com/title/tt35947180/,New Movies
Molt lluny,Drama,"Sergio travels to Utrecht with his family to attend a football match. Before returning to Barcelona, he suffers a panic attack and decides to stay alone in Holland, cutting off all contact with his past.","gay interest,internalized homophobia,gay slur,gay kiss,racist slur",2025-04-11,100,,Gerard Oms,Mario Casas,David Verdaguer,Ilyass El Ouahdani,Spain|Netherlands,Catalan|Spanish|English|Dutch|Arabic,6.7,,1502,2,131,1.5K,"$491,015",,,https://www.imdb.com/title/tt26472958/,New Movies
Bhool Chuk Maaf,Comedy|Fantasy|Romance,"Ranjan, a small-town romantic boy from Banaras, lands a government job to marry Titli but forgets his vow to Lord Shiva-only to be trapped until he fulfills his promise. A hilarious tale of love, fate, and redemption unfolds.","reference to shiva the hindu deity,time loop",2025-05-23,140,,Karan Sharma,Rajkummar Rao,Wamiqa Gabbi,Sanjay Mishra,India,Hindi,5.8,,25756,487,36,5.4K,"$429,454",,,https://www.imdb.com/title/tt32058735/,New Movies
Alzarfa: Escape from Hanhounia Hell,Comedy,"Three friends who are behind bars after a failed robbery, in their attempt to escape from prison, end up in a film financed by a wealthy Saudi magnate about the story of his family, which is set in the same places where they tried...",,2025-07-03,90,,Abdullah Majed,Robert Knepper,Adwa Bader,Ibraheem Alkhairallah,Saudi Arabia,,3.4,,1109,13,,,"$205,639",,,https://www.imdb.com/title/tt32429470/,New Movies
Gyesirok,Crime|Drama|Mystery,"A pastor and a detective, driven by their beliefs, pursue a missing person case, with the pastor seeking retribution after a divine revelation identifies the culprit who abducted his son.","pastor,investigation,case,criminal,murder",2025-03-21,122,TV-14,Yeon Sang-ho,Ryu Jun-yeol,Shin Hyeon-bin,Shin Min-jae,South Korea,Korean,6,,5352,35,39,5.9K,,,,https://www.imdb.com/title/tt32648798/,New Movies
La Tour de glace,Drama|Fantasy,"Jeanne, a 15-year-old orphan, witnesses the shoot for a film adaptation of the fairy tale The Snow Queen, and she becomes fascinated by its star, Cristina, an actress who is just as mysterious and alluring as the Queen she is play...","film within a film,actress playing actress,written and directed by female,reference to the snow queen,title directed by female",2025-10-03,117,,Lucile Hadzihalilovic,Marion Cotillard,Clara Pacini,August Diehl,France|Germany|Italy,French|English,6,80,1388,12,81,5.4K,"$45,713",,"$8,000",https://www.imdb.com/title/tt28171985/,New Movies
Vishnu Priya,Drama|Romance,"A devoted son risks everything to reunite his family, pushing boundaries and confronting challenges with unwavering determination, fueled by an unbreakable bond and boundless love.",,2025-02-21,131,,V.K. Prakash,Achyuth Kumar,Shreyas Manju,Suchendra Prasad,India,Kannada,6,,1181,,,,,,,https://www.imdb.com/title/tt14324896/,New Movies
Fear Below,Action|Adventure|Horror,A rag-tag team of divers attempting to salvage a sunken car from a river are thwarted by a highly aggressive bull shark.,"shark attack,bull shark,underwater,gangster,stolen gold",2025-07-02,85,R,Matthew Holmes,Hermione Corfield,Jake Ryan,Josh McConville,Australia,English,5.1,,2295,26,20,2.6K,"$322,692","$11,000,000 (estimated)",,https://www.imdb.com/title/tt13098590/,New Movies
The Pet Detective,Adventure|Comedy|Thriller,"Motivated to win the hand of his sweetheart, Kaikeyi, Tony Jose Alula joins his father&apos;s detective agency. Starting as a &apos;Pet Detective&apos;, Tony&apos;s cases quickly escalate into a dangerous kidnapping involving international smugglers.",slapstick comedy,2025-10-24,130,,Praneesh Vijayan,Sharafudheen,Anupama Parameswaran,Vinay Forrt,India,Malayalam,6.4,,2650,19,,,"$386,221",,,https://www.imdb.com/title/tt33333712/,New Movies
Maintenance Required,Comedy|Romance,"Charlie, forced to reevaluate her all-female mechanic shop, unknowingly confides in her online confidant Beau, who turns out to be her real-life business rival, their connection blossoms amidst professional rivalry.","dancing in a car,singing in a car,singing along to music on a car radio,all female group of friends,woman wears a tank top",2025-10-08,102,PG-13,Lacey Uhlemeyer,Madelaine Petsch,Jacob Scipio,Madison Bailey,United States|United Kingdom,English,5.3,,4515,61,18,7.6K,,,,https://www.imdb.com/title/tt33335602/,New Movies
Different,,"During a tense night, multiple visitors enter Bob&apos;s home as his fractured psyche spirals into chaos. His personalities clash violently until only one deadly identity remains.",,2025-04-18,90,,Dragann Uday Bhaskar,Nitin Nash,Shanoor Sana,,India,English,7.8,,1063,,,,,,,https://www.imdb.com/title/tt36520012/,New Movies
How to Make a Killing,Comedy|Drama|Thriller,"Disowned at birth by his obscenely wealthy family, a blue-collar will stop at nothing to reclaim his inheritance, no matter how many relatives stand in his way.","family relationships,young,caper crime,satire comedy,dark comedy",2026-02-20,105,R,John Patton Ford,Glen Powell,Margaret Qualley,Jessica Henwick,United Kingdom|France,English,6.5,49,13083,136,100,60.1K,"$14,540,230",,"$3,488,298",https://www.imdb.com/title/tt4357198/,New Movies
Marana Mass,Comedy,"When a serial killer strikes in Kerala, local troublemaker Luke becomes the prime suspect. A fateful night bus journey connects him with a conductor and driver, leading to unexpected developments.",dark comedy,2025-05-15,139,,Binu Narayan,Anishma Anilkumar,Basil Joseph,Tovino Thomas,India,Malayalam|Tamil|Telugu|Kannada|Hindi,6.5,,3949,28,4,1.5K,"$428,759",,,https://www.imdb.com/title/tt32065993/,New Movies
Mere Husband Ki Biwi,Comedy|Romance,"A Delhi professional navigates a complicated love triangle when his old flame returns to his life just as he begins falling for someone new, leading to a series of comedic misunderstandings.",romantic comedy,2025-02-21,142,,Mudassar Aziz,Arjun Kapoor,Bhumi Pednekar,Rakul Preet Singh,India,Hindi,4.2,,9600,83,11,1.6K,"$147,492",,,https://www.imdb.com/title/tt22457506/,New Movies
Anamadheya Ashok Kumar,,"A celebrated lawyer is murdered in town, while a retired cop fights for survival. A determined journalist gets caught up in a suspicious web, as a sharp detective races to unravel the conspiracy before it&apos;s too late.",,2025-02-07,104,,Sagar Kumar,Kishore Kumar G.,Gagana,Veeresh K M,India,Kannada|Tamil,6,,1216,31,,,,,,https://www.imdb.com/title/tt34442671/,New Movies
Kill Me Again,Fantasy|Horror|Thriller,"Charlie, a notorious serial killer known as the Midnight Mangler finds himself trapped, reliving the same violent night over and over. Initially embracing his grisly urges, Charlie soon becomes desperate to escape the endless nigh...","slasher horror,time loop",2026-01-09,108,,Keith Jardine,Majandra Delfino,Raoul Max Trujillo,Brendan Fehr,United States,English,5.7,,1465,36,5,1.9K,,,,https://www.imdb.com/title/tt30332302/,New Movies
Shark Whisperer,Documentary,Marine conservationist and social media activist Ocean Ramsey fearlessly swims with sharks in this documentary about her risky mission to protect them.,shark,2025-06-30,90,PG-13,Harrison Macks,Ocean Ramsey,Mike Bolton,Keoni TeTawa Bowthorpe,United States,English,6.9,,2114,29,15,1.4K,,"$60,000 (estimated)",,https://www.imdb.com/title/tt32307524/,New Movies
Adulthood,Comedy|Crime|Drama,"Siblings Megan and Noah discover a dead body, long buried in their parents&apos; basement, sending them down a rabbit hole of crime and murder.","one word title,falling,watching tv news,man wears glasses,sarcasm",2025-09-23,97,R,Alex Winter,Josh Gad,Kaya Scodelario,Anthony Carrigan,United States,English,5.5,54,2957,34,20,8.2K,"$57,941",,,https://www.imdb.com/title/tt26657977/,New Movies
Christy,Biography|Drama|History,"The life and the incredible career of Christy Martin, the most successful female boxer of the 1990s.","female boxer,fighter,2000s,1990s,1980s",2025-11-07,135,R,David Michôd,Sydney Sweeney,Coleman Pedigo,Merritt Wever,United States,English,6.4,58,14400,115,99,24.3K,"$2,337,208","$15,000,000 (estimated)","$1,310,888",https://www.imdb.com/title/tt32323252/,New Movies
Maruva Tarama,,"At a Goa restaurant, Anvi meets a naval officer for arranged marriage talks. Though beautiful and from a wealthy family, she hides a secret - her heart belongs to another. She declines his proposal.",,2025-11-28,112,,Chaitanya Varma,Avantika,Athulya Chandra,Hariish Dhanunjaya,India,,8.1,,2186,,,,,,,https://www.imdb.com/title/tt27671386/,New Movies
Rekhachithram,Drama|Mystery|Thriller,"Suspended cop Vivek Gopinath rejoins after gambling scandal. Tasked with solving 40-year-old murder case with faceless victim, he seeks redemption by cracking the long-unsolved mystery.",,2025-01-09,147,,Jofin T. Chacko,Asif Ali,Anaswara Rajan,Manoj K. Jayan,India,Malayalam|Telugu,7.8,,17418,103,8,8.0K,"$1,747,519",,,https://www.imdb.com/title/tt32284154/,New Movies
Soul on Fire,Biography|Drama,"In 1987, nine-year-old John O&apos;Leary survives a terrible accident and grows into a man who shows what it means to truly live.",,2025-10-10,112,PG,Sean McNamara,Joel Courtney,William H. Macy,DeVon Franklin,United States,English,6.6,,1339,27,10,6.2K,"$7,448,606","$3,000,000 (estimated)","$2,826,192",https://www.imdb.com/title/tt28078628/,New Movies
Happy Gilmore 2,Comedy|Sport,"To provide for his family, a retired Happy Gilmore must pick up the golf clubs once more and reconnect with the sport he once dominated.","sequel,second part,golf course,golf,sobriety",2025-07-25,114,PG-13,Kyle Newacheck,Adam Sandler,Julie Bowen,Christopher McDonald,United States,English,6.1,52,116440,1.1K,80,69.9K,,"$30,000,000 (estimated)",,https://www.imdb.com/title/tt31868189/,New Movies
Love OTP,Comedy|Drama|Romance,"Akshay loves two girls simultaneously, hiding the truth from them and his strict father, causing chaos.",,2025-11-14,140,,Anish Tejeshwar,Rajeev Kanakala,Jahnvika Kalakeri,Natya Ranga,India,Kannada|Telugu,7.3,,1073,,,,,,,https://www.imdb.com/title/tt35852307/,New Movies
Misdirection,Thriller,"A couple&apos;s trust is tested on their last &quot;big job&quot;, as their victim reveals a hidden agenda resulting in murder.",trust,2026-02-10,84,,Kevin Lewis,Frank Grillo,Olga Kurylenko,Oliver Trevena,United States,English,5,,2031,10,16,1.3K,,,,https://www.imdb.com/title/tt6374142/,New Movies
Zetva,Drama,"Harvest is based on an astonishing true story of a German Baron who is in desperate need of a heart transplant. In spite of astonishing circumstances, he goes on a journey through the Blackmarket underbelly to find hope in the dar...","organ trafficking,deep state,war crime,abduction",2026-03-19,118,,Paul Kampf,Angus Macfadyen,Radoje Cupic,Matthew McNulty,Serbia,Serbian|English|Albanian,9.2,,1126,35,,,"$109,908",,,https://www.imdb.com/title/tt9522946/,New Movies
Court: State vs. A Nobody,Drama,A passionate defense attorney fights against prejudice and corruption in the justice system while representing a teenage client wrongly presumed guilty of a serious crime.,legal drama,2025-03-14,155,,Ram Jagadeesh,Sri Devi,Harsh Roshan,Sai Kumar,India,Telugu,7.9,,12010,128,9,7.5K,"$133,791",,,https://www.imdb.com/title/tt33307144/,New Movies
O Último Azul,Drama|Sci-Fi,"To maximize economic productivity, the Brazilian government orders elderly people to move to remote housing colonies. A 77-year-old woman refuses and embarks on a journey through the Amazon that will change her destiny forever.","dystopian sci fi,cinema pernambucano,nostalgia,emotional trauma,aging",2025-08-28,85,,Gabriel Mascaro,Denise Weinberg,Rodrigo Santoro,Miriam Socarras,Brazil|Mexico|Netherlands|Chile,Portuguese,7.1,83,3440,5,59,6.3K,"$258,392",,,https://www.imdb.com/title/tt35340614/,New Movies
The Conjuring: Last Rites,Horror|Mystery|Thriller,Paranormal investigators Ed and Lorraine Warren take on one last terrifying case involving mysterious entities they must confront.,"sequel,fourth part,the conjuring universe,final,haunting",2025-09-05,135,R,Michael Chaves,Patrick Wilson,Vera Farmiga,Mia Tomlinson,Canada|United States,English|Latin,6.2,54,97018,864,176,104K,"$499,156,445","$55,000,000 (estimated)","$84,006,121",https://www.imdb.com/title/tt22898462/,New Movies
Detective Ujjwalan,Mystery,"In the village of Plaachikkaavu, a local detective, Ujjwalan, must outsmart a mysterious figure in a deadly battle of wits, where his skills are put to the ultimate test.",,2025-05-23,124,,Rahul G.,Dhyan Sreenivasan,Siju Wilson,Rony David,India,Malayalam,6.2,,1583,27,2,,"$110,256",,,https://www.imdb.com/title/tt33319697/,New Movies
The King of Kings,Animation|Biography|Family,"Through a father&apos;s vivid storytelling, a boy journeys through Jesus&apos; life, from humble beginnings to ultimate sacrifice. Along the way, he discovers the transformative power of faith.","cg animation,charles dickens character,epic history,ebenezer scrooge character,scene during end credits",2025-04-11,103,PG,Seong-ho Jang,Mark Hamill,Pierce Brosnan,Roman Griffin Davis,United States|South Korea,English,6.9,42,8105,241,44,18.6K,"$83,529,353","$20,000,000 (estimated)","$19,371,296",https://www.imdb.com/title/tt7967302/,New Movies
Mardaani 3,Action|Crime|Drama,It is a race against time and there will be no mercy. Shivani Shivaji Roy is back to rescue girls who go missing without a trace.,,2026-01-30,129,,Abhiraj Minawala,Rani Mukerji,Janki Bodiwala,Prajesh Kashyap,India,Hindi,6.8,,8893,68,12,3.0K,"$771,239",,,https://www.imdb.com/title/tt27673536/,New Movies
Tang tan 1900,Comedy|Drama|Mystery,"In 1900, a white woman was murdered in Chinatown in San Francisco, and the suspect was a Chinese man. The murder caused social shock, and people demanded the closure of Chinatown.","whodunnit mystery,period drama",2025-01-29,136,,Sicheng Chen,Baoqiang Wang,Haoran Liu,Chow Yun-Fat,China,Mandarin|English|Navajo,6,,1855,25,8,2.0K,"$500,282,092",,"$749,920",https://www.imdb.com/title/tt34463310/,New Movies
Hedda,Drama|Romance,Henrik Ibsen&apos;s renowned stage drama from 1891 is reimagined in an epic and emotional way.,"husband wife relationship,lesbian,bisexual woman,party,woman shouting",2025-10-22,107,R,Nia DaCosta,Tessa Thompson,Nina Hoss,Imogen Poots,United States,English,5.8,70,4654,40,84,17.2K,"$15,358",,"$4,631",https://www.imdb.com/title/tt27953589/,New Movies
The Dutchman,Drama|Thriller,"A successful black businessman, haunted by his crumbling marriage and identity crisis, is drawn into a sexualized game of cat and mouse with a mysterious white woman on a subway that leads to a violent conclusion.","black man white woman sex,african american man,black man,black couple,interracial sex",2026-01-02,88,R,Andre Gaines,André Holland,Kate Mara,Stephen McKinley Henderson,United States,English,5.3,67,5827,23,29,10.0K,,,,https://www.imdb.com/title/tt29214162/,New Movies
Urchin,Drama,"A young addict living on the streets of London is given a shot at redemption, but his road to recovery soon curdles into a strange odyssey from which he may never escape.","male rear nudity,male nudity,poor man,male protagonist,male masturbation",2025-10-17,100,Not Rated,Harris Dickinson,Frank Dillane,Megan Northam,Harris Dickinson,United Kingdom|United States,English,6.8,77,3955,28,61,15.0K,"$1,111,246",,"$43,425",https://www.imdb.com/title/tt35715953/,New Movies
Prorok. Istoriya Aleksandra Pushkina,Biography|Drama|History,The life story of the great Russian poet Aleksandr Sergeevich Pushkin.,period drama,2025-02-14,137,Not Rated,Felix Umarov,Yura Borisov,Alyona Dolgolenko,Kai Aleks Getts,Russia,Russian,6.1,,1064,5,2,,"$21,743,188","RUR 800,000,000 (estimated)",,https://www.imdb.com/title/tt24218224/,New Movies
Hunting Season,Action|Crime|Drama,"When a reclusive survivalist and his daughter rescue a mysterious, wounded woman from a river, they become entangled in a deadly web of violence and revenge, forcing them to confront a brutal criminal to survive.",revenge,2025-12-05,100,,RJ Collins,Mel Gibson,Sofia Hublitz,Shelley Hennig,United States,English,5.8,,5683,80,13,10.4K,"$38,361",,,https://www.imdb.com/title/tt32537226/,New Movies
Hunting Jessica Brok,Action|Thriller,A retired special forces agent must battle a group of vengeful psychopaths and the African wilderness to get back to her daughter.,"group,agent",2025-09-19,134,,Alastair Orr,Danica De La Rey Jones,Clyde Berning,Richard Lukunku,South Africa,English,5.9,,1773,19,6,2.9K,"$42,836",,,https://www.imdb.com/title/tt27865276/,New Movies
The Wrecking Crew,Action|Comedy|Crime,"Estranged half-brothers Jonny and James reunite after their father&apos;s mysterious death. As they search for the truth, buried secrets reveal a conspiracy threatening to tear their family apart.","male rear nudity,buddy comedy,hairy chested male,male nudity,2020s",2026-01-28,124,R,Angel Manuel Soto,Dave Bautista,Jason Momoa,Temuera Morrison,New Zealand|United States,English,6.4,67,43681,351,81,52.3K,,,,https://www.imdb.com/title/tt33046197/,New Movies
Thunderbolts*,Action|Adventure|Crime,"After finding themselves ensnared in a death trap, an unconventional team of antiheroes must go on a dangerous mission that will force them to confront the darkest corners of their pasts.","based on comic,marvel cinematic universe,mental illness,based on comic book,bucky barnes character",2025-05-02,127,PG-13,Jake Schreier,Florence Pugh,Sebastian Stan,Julia Louis-Dreyfus,United States|Australia|Canada,English|Russian|Italian,7.1,68,272098,1.5K,256,237K,"$382,436,917","$180,000,000 (estimated)","$74,300,608",https://www.imdb.com/title/tt20969586/,New Movies
Sky Force,Action|Drama|Thriller,"A gripping tale inspired by true events from one of the deadliest air strikes between India and Pakistan. A hero lost, a comrade&apos;s quest for truth-an epic tribute to bravery, sacrifice, and unbreakable courage.","epic action,period drama,indo pakistani war,indian airforce,airforce",2025-01-24,125,,Abhishek Anil Kapur,Akshay Kumar,Veer Pahariya,Nimrat Kaur,India,Hindi,6.8,,13897,147,15,6.9K,"$313,178",,,https://www.imdb.com/title/tt27056066/,New Movies
Racharikam,Romance,"Siblings Bhargavi and Vivek Reddy pursue political power. Their paths cross with Shiva, a youth leader following mentor Kranthi. Bhargavi&apos;s love for Shiva sparks family conflict, leading to political rivalries.",,2025-02-01,135,,Suresh Lankalapalli,Mahaboob Basha,Vijay Ram Raju,Apsara Rani,India,Telugu,4,,2177,,,,,,,https://www.imdb.com/title/tt33337133/,New Movies
Marshmallow,Horror|Sci-Fi,"When a once-fabled campfire tale becomes real, a group of campers uncover a profound secret that questions their very existence.","secret,group,nightmare,overalls,camp",2025-04-11,93,,Daniel DelPurgatorio,Giorgia Whigham,Corbin Bernsen,Pierson Fode,United States,,5.7,,8094,52,27,8.6K,,,,https://www.imdb.com/title/tt15220066/,New Movies
Mikaela,Action|Adventure|Thriller,"Epiphany Eve. An unprecedented snowstorm ravages Spain. Amidst the chaos of a collapsed highway, a group of robbers takes the opportunity to assault an armored van.","emergency dispatch center,emergency call",2025-01-31,90,,Daniel Calparsoro,Antonio Resines,Natalia Azahara,Roger Casamajor,Spain,Spanish|Russian,5.1,,1087,5,4,,"$1,821,717",,,https://www.imdb.com/title/tt32095441/,New Movies
Dhurandhar,Action|Adventure|Crime,"A mysterious traveler slips into the heart of Karachi&apos;s underbelly and rises through its ranks with lethal precision, only to tear the notorious ISI-Underworld nexus apart from within.","26 11 attack on mumbai,gang violence,karachi pakistan,terrorism,2001 indian parliament attack",2025-12-05,214,Not Rated,Aditya Dhar,Ranveer Singh,Akshaye Khanna,Sanjay Dutt,India,Hindi,8.3,,132381,3K,26,49.5K,"$137,246,897",,"$1,980,000",https://www.imdb.com/title/tt33014583/,New Movies
Dheeram,Crime|Thriller,"A detective investigates pattern killings in Calicut, discovering a vengeful killer&apos;s scheme. As he unravels the truth, he faces a moral dilemma between law and justice for a bereaved parent.",,2026-03-04,151,,Jithin Suresh T,Divya Pillai,Reba Monica John,Varalaxmi Sarathkumar,India,Malayalam,5.3,,2008,13,,,,,,https://www.imdb.com/title/tt33399641/,New Movies
City Rush 4,Action|Crime|Sci-Fi,"Surging crime, a virus and android assassins led by a mysterious gangster boss force special agents Ace and Nea into action.",,2025-01-01,45,,George Tounas,George Tounas,Eric Roberts,Anna Rezan,Greece|Germany|United States|United Kingdom,,5.2,,1146,4,,,,"€350,000 (estimated)",,https://www.imdb.com/title/tt26626085/,New Movies
Dolly,Horror,A young woman is abducted by a monstrous figure intent on raising her as their own child.,"grindhouse film,one word title,creepy doll,retro horror,character name as title",2026-03-06,83,R,Rod Blackhurst,Fabianne Therese,Russ Tiller,Michalina Scorzelli,United States,English,5.3,46,1191,48,80,7.6K,"$793,519",,"$473,909",https://www.imdb.com/title/tt32639175/,New Movies
Bandi,Adventure,"Aditya Varma, a brilliant corporate lawyer, argues for a company&apos;s acquisition of a forest. Activists kidnap him, forcing him to confront the importance of conservation and climate change.",,2025-02-28,95,,Alok Jain,Aditya Om,,,India,Telugu,7.5,,2387,3,,,,,,https://www.imdb.com/title/tt10489780/,New Movies
The Great Pre-Wedding Show,,"A young couple navigates the chaotic world of pre-wedding photography, facing unexpected hurdles and family drama as they try to capture their perfect moments before tying the knot.",stoner comedy,2025-11-07,116,,Rahul Srinivas,Rohan Roy,Tinu Shravya,Thiruveer Reddy,India,Telugu,7.4,,2740,9,,,"$4,890",,,https://www.imdb.com/title/tt33888205/,New Movies
Painkili,Romance,"The tale of Suku, who fakes insanity to escape the law. While faking insanity, he falls in love.",,2025-02-14,136,,Sreejith Babu,Sajin Gopu,Anaswara Rajan,Jisma Vimal,India,Malayalam,5.2,,1572,16,,,"$88,102",,,https://www.imdb.com/title/tt32607369/,New Movies
The Bengal Files,Drama|History|Thriller,A powerful journey through India&apos;s most challenging historical period reveals the universal struggle for human dignity and the fundamental right to exist.,"kolkata,india paritition,west bengal,gandhi,political drama",2025-09-05,200,,Vivek Agnihotri,Darshan Kumaar,Pallavi Joshi,Anupam Kher,India,Hindi,7,,11790,256,6,5.8K,"$60,054",,,https://www.imdb.com/title/tt15416342/,New Movies
Elio,Animation|Adventure|Comedy,"Elio, a space fanatic with an active imagination, finds himself on a cosmic misadventure where he must form new bonds with alien lifeforms, navigate a crisis of intergalactic proportions and somehow discover who he is truly meant ...","child,planet,galaxy,cosmic,child protagonist",2025-06-20,98,PG,Adrian Molina,Yonas Kibreab,Zoe Saldaña,Remy Edgerly,United States,English|Spanish|French|Serbian|Dutch|Hindi|Japanese|Italian,6.6,66,43162,304,160,61.3K,"$154,291,182","$150,000,000 (estimated)","$20,840,667",https://www.imdb.com/title/tt4900148/,New Movies
28 Years Later: The Bone Temple,Horror|Sci-Fi|Thriller,"As Spike is inducted into Jimmy Crystal&apos;s gang on the mainland, Dr. Kelson makes a discovery that could alter the world.","sequel,zombie,fear,post apocalypse,male frontal nudity",2026-01-16,109,R,Nia DaCosta,Jack O&apos;Connell,Alfie Williams,Connor Newall,United Kingdom|United States|Canada,English,7.3,81,76044,632,230,121K,"$58,503,819","$63,000,000 (estimated)","$12,521,327",https://www.imdb.com/title/tt32141377/,New Movies
Weapons,Horror|Mystery,"When all but one child from the same class mysteriously vanish on the same night at exactly the same time, a community is left questioning who or what is behind their disappearance.","witchcraft,evil witch,missing children,female teacher,psychological horror",2025-08-08,128,R,Zach Cregger,Julia Garner,Josh Brolin,Alden Ehrenreich,United States,English,7.4,81,336254,2.4K,331,288K,"$269,972,492","$38,000,000 (estimated)","$43,501,217",https://www.imdb.com/title/tt26581740/,New Movies
Amrum,Drama|History|War,"In 1945 Amrum Island, 12-year-old Nanning hunts seals, fishes at night, and farms to help feed his family. Life feels idyllic on this windswept isle until peace reveals an unexpected danger closer to home.","coming of age drama,1940s,world war two",2026-04-24,93,,Fatih Akin,Jasper Billerbeck,Laura Tonke,Lisa Hagmeister,Germany,German,7.2,78,2436,10,35,7.2K,"$8,791,222",,,https://www.imdb.com/title/tt22507216/,New Movies
Tourist Family,Comedy|Drama,A quirky Sri Lankan family seeking a fresh start in India transforms a disconnected neighborhood into a vibrant community with their infectious love and kindness.,,2025-05-01,127,Not Rated,Abishan Jeevinth,M. Sasikumar,Simran,Mithun Jai Shankar,India,Tamil|Telugu|Malayalam|Kannada|Hindi,8.2,,15184,165,6,8.2K,"$561,441",,,https://www.imdb.com/title/tt34915705/,New Movies
Un fantasma en la batalla,Drama|History|Thriller,"A young Spanish civil guard goes undercover within ETA, the Basque separatist group, spending over a decade locating their hideouts in the South of France.","political thriller,1990s,2000s,20th century,politics",2025-10-17,108,TV-MA,Agustín Díaz Yanes,Susana Abaitua,Andrés Gertrúdix,Iraia Elias,Spain,Spanish|Basque|French,6.6,,3590,12,19,3.4K,,,,https://www.imdb.com/title/tt32129665/,New Movies
I Swear,Biography|Drama,"John Davidson: diagnosed with Tourette&apos;s syndrome at a young age which alienated him from his peers, he struggled with a condition few people had witnessed.","scotland,1980s,tourette&apos;s syndrome,dark comedy,1990s",2026-04-24,120,R,Kirk Jones,Robert Aramayo,Peter Mullan,Maxine Peake,United Kingdom,English,8.4,73,32024,348,57,83.8K,"$9,293,047",,,https://www.imdb.com/title/tt31514146/,New Movies
Bodycam,Horror,"Two police officers investigate a domestic dispute and there is an accidental shooting. Not wanting to be crucified by the public, the officers attempt to cover it up - only to uncover that the cameras aren&apos;t the only things watch...","found footage horror,found footage",2026-03-13,75,,Brandon Christensen,Jaime M. Callica,Sean Rogerson,Catherine Lough Haggquist,Canada,English,5.1,,1881,38,40,3.4K,,,,https://www.imdb.com/title/tt37538172/,New Movies
Artiste,Drama|Thriller,"Murder is an art, and he is its most passionate artiste. This gripping thriller weaves love, revenge, drama, action, and suspense into a chilling masterpiece of crime and obsession",,2025-03-21,142,,Ratan Rishi,Sonia Akula,Santosh Kalwacherla,Krisheka Patel,India,Telugu,8.7,,2061,,,,,,,https://www.imdb.com/title/tt36106718/,New Movies
Keeper,Horror,"A romantic anniversary trip to a secluded cabin turns sinister when a dark presence reveals itself, forcing a couple to confront the property&apos;s haunting past.","folk horror,cabin,psychological horror,suspense mystery,psychological thriller",2025-11-14,99,R,Osgood Perkins,Tatiana Maslany,Rossif Sutherland,Birkett Turton,Canada|United States,English,5.5,54,16761,161,125,46.5K,"$6,223,404","$6,000,000 (estimated)","$2,527,627",https://www.imdb.com/title/tt32332404/,New Movies
French Lover,Comedy|Romance,"When a jaded actor meets a down-on-her-luck waitress in Paris, their unexpected love story begins but will it survive the glare of the spotlight?","love,couple,parent,life,black man white woman romance",2025-09-26,122,TV-MA,Lisa-Nina Rives,Omar Sy,Sara Giraudeau,Alban Ivanov,France,French,6.2,,6396,36,15,4.3K,,,,https://www.imdb.com/title/tt32360696/,New Movies
Valavaara,Drama,"Kundeshi, a young boy from a farming family, navigates love and loss while searching for a missing cow connected to his family&apos;s struggles.","parental favoritism,child psychology,human compassion,upbringing",2025-12-05,113,,Sutan Gowda,Master Vedic Kaushal,Master Sayan,Abhay,India,,9.3,,2175,56,,,,"₹10,000,000 (estimated)",,https://www.imdb.com/title/tt38353198/,New Movies
Trainwreck: P.I. Moms,Documentary,A 2010 Lifetime reality show about soccer mom PIs unravels when investigations fail and sabotage is suspected. The agency head faces accusations of running drugs with a corrupt officer&apos;s help.,tv mini series,2025-07-22,45,TV-MA,Phil Bowman,Lucas Platt,Denise Antoon,Ami Wiltz,United States|United Kingdom,English,4.7,,1688,24,11,,,,,https://www.imdb.com/title/tt36856538/,New Movies
Daaku Maharaaj,Action|Crime|Drama,"A daring robber, striving for survival and establishing his own territory amid conflicts with powerful adversaries, battling to become a &apos;king without a kingdom&apos;.",one person army action,2025-01-12,150,,Bobby Kolli,Nandamuri Balakrishna,Bobby Deol,Pragya Jaiswal,India,Telugu,5.9,,5295,38,4,2.8K,"$157,823",,,https://www.imdb.com/title/tt27957740/,New Movies
Kutsal Damacana 5: Zombi,Comedy,"During a zombie outbreak in Istanbul, Fikret navigates the streets on a journey mixing humor and terror.",,2025-01-17,96,,Kamil Çetin,Safak Sezer,Ersin Korkut,Yildirim Memisoglu,Turkey,Turkish,1.8,,1044,7,,,"$2,696,321",,,https://www.imdb.com/title/tt33362137/,New Movies
A Working Man,Action|Thriller,"Levon Cade left his profession behind to work construction and be a good dad to his daughter. But when a local girl vanishes, he&apos;s asked to return to the skills that made him a mythic figure in the shadowy world of counter-terrorism.","kidnapping,human trafficking,kidnapped daughter,one person army action,2025",2025-03-28,116,R,David Ayer,Jason Statham,Jason Flemyng,Merab Ninidze,United Kingdom|United States,English|Russian|Spanish,5.7,52,75784,597,152,67.3K,"$89,400,711","$40,000,000 (estimated)","$15,510,312",https://www.imdb.com/title/tt9150192/,New Movies
The Accountant 2,Action|Crime|Drama,Christian Wolff applies his brilliant mind and illegal methods to reconstruct the unsolved puzzle of a Treasury chief&apos;s murder.,"accountant,brothers sleeping in the same bed,guanacaste costa rica,bare chested male,black comedy",2025-04-25,132,R,Gavin O&apos;Connor,Ben Affleck,Jon Bernthal,Cynthia Addai-Robinson,United States,English|Spanish|Korean|German|Russian,6.6,58,127163,621,165,139K,"$103,323,366","$80,000,000 (estimated)","$24,533,959",https://www.imdb.com/title/tt7068946/,New Movies
Rüzgara Birak,Drama|Romance,A focused city worker and a laid-back surfer - both heirs to the same company - find they have plenty in common when they join forces in the boardroom.,"beach,woman swimming underwater,seaside villa,falling in love,bar",2025-02-14,96,TV-MA,Engin Erden,Hande Erçel,Baris Arduç,Baris Aytac,Turkey,Turkish,5.9,,26923,134,2,15.3K,"$3,533,057",,,https://www.imdb.com/title/tt32730754/,New Movies
Gurram Paapi Reddy,Comedy|Crime,"A mysterious fraudster hires three people to exchange a corpse from a grave. The team discovers the task isn&apos;t what they were told, leading to conflicts.",,2025-12-19,160,,Murali Manohar Reddy,Faria Abdullah,Naresh Agastya,Rajiv Kumar Aneja,India,Telugu,5.7,,1689,,,,,,,https://www.imdb.com/title/tt36815135/,New Movies
Lesbian Space Princess,Animation|Comedy|Fantasy,A space princess is thrust out of her sheltered life and into a galactic quest to save her bounty hunter ex-girlfriend from the Straight White Maliens.,"space,australia,australian,for grown ups animation,lesbian protagonist",2025-11-18,87,,Emma Hough Hobbs,Shabana Azeez,Bernie Van Tiel,Jordan Raskopoulos,Australia,English,6.2,,1273,16,44,1.8K,"$113,685",,,https://www.imdb.com/title/tt29781139/,New Movies
Costao,Drama,The story of the civil servant who worked unafraid to fix the system&apos;s failures,,2025-05-01,124,,Sejal Shah,Nawazuddin Siddiqui,Priya Bapat,Kishore Kumar G.,India,Hindi,6.4,,1179,23,8,,,,,https://www.imdb.com/title/tt13261550/,New Movies
La grazia,Drama,A widowed Italian president faces moral crises over euthanasia legislation and pardoning killers while grappling with his late wife&apos;s infidelity during his final months in office.,"president,euthanasia,presidential pardon,infidelity,italy",2025-12-25,132,R,Paolo Sorrentino,Toni Servillo,Anna Ferzetti,Orlando Cinque,Italy,Italian,7.4,69,6188,17,87,13.8K,"$10,321,542","€20,839,029 (estimated)","$12,820",https://www.imdb.com/title/tt34886821/,New Movies
J.S.K - Janaki V v/s State of Kerala,Action|Drama|Thriller,"Film tells the story of Janaki who becomes the victim of an inhuman activity, her unexpected encounter with Adv. David Abel Donovan and how she fights for her justice challenging the court and the judiciary system of India.",,2025-07-17,154,,Pravin Narayanan,Suresh Gopi,Anupama Parameswaran,Divya Pillai,India,Malayalam|Kannada|Hindi|Tamil|Telugu,5.8,,2854,16,3,,"$179,205",,,https://www.imdb.com/title/tt23458804/,New Movies
Trikaali,Drama,"A writer&apos;s creations step out of his stories, haunting his reality and demanding justice. As fiction and truth collide, he becomes a prisoner in a terrifying narrative beyond his control.",,2025-09-20,120,,Raghavendran,Sai Dheena,Delhi Ganesh,Nagarajan Kannan,India,Telugu,7.1,,3918,18,,,,"₹30,000,000 (estimated)",,https://www.imdb.com/title/tt38077500/,New Movies
Silent Zone,Action|Horror|Thriller,"In a zombie-ravaged world, a resourceful teen and her protector fight for survival, facing relentless dangers and testing the limits of hope and loyalty.","zombie horror,survival adventure,zombie",2025-03-07,119,R,Peter Deak,Matt Devere,Luca Papp,Nikolett Barabas,Hungary,English,5.9,,11018,74,11,5.1K,"$50,364",,,https://www.imdb.com/title/tt9023964/,New Movies
Afterburn,Action|Comedy|Sci-Fi,"After a massive solar flare destroys the Earth&apos;s eastern hemisphere, an emboldened treasure hunter for hire adventures to Europe to uncover the coveted Mona Lisa, only to learn the world needs a hero more than it needs a painting.","post apocalypse,treasure,montage,scene during end credits,american abroad",2025-10-20,105,R,J.J. Perry,Dave Bautista,Tom Tidiman,Phil Zimmerman,United States,English,4.6,,7364,80,28,15.1K,"$1,319,121","$60,000,000 (estimated)",,https://www.imdb.com/title/tt1210027/,New Movies
Good Fortune,Comedy|Fantasy|Romance,A well-meaning but rather inept angel named Gabriel meddles in the lives of a struggling gig worker and a wealthy venture capitalist.,"angels,angel,guacamole,two men in bed,rich man",2025-10-17,97,R,Aziz Ansari,Seth Rogen,Aziz Ansari,Keke Palmer,United States,English,6.5,61,40070,350,110,81.9K,"$26,343,838","$30,000,000 (estimated)","$6,163,433",https://www.imdb.com/title/tt27543578/,New Movies
Saaraa,,A Thriller Sentimental Story dealing with a son&apos;s love to a single mother. An unimaginable sacrifice done between friendship and love in this decade.,,2025-12-05,130,,Chellakutty,Sakshi Agarwal,Ambika,Yogi Babu,India,Tamil,8.9,,1131,,,,,,,https://www.imdb.com/title/tt39110880/,New Movies
Mension House Mallesh,,"In a village ruled by rumor, a confident newlywed becomes an overnight sensation for all the wrong reasons. Misunderstandings multiply and egos clash in this laugh-filled satire of rural life.",,2026-03-05,130,,Bala Satish,Kamakshi Bhaskarla,Muralidhar Goud,Rajkumar Kasireddy,India,Telugu,8.8,,3019,45,,,,,,https://www.imdb.com/title/tt33610673/,New Movies
"My Father, the BTK Killer",Documentary|Crime,Family man and Scout leader Dennis Rader led a double life as BTK killer. His daughter Kerri Rawson shares her experience with her father&apos;s horrific crimes.,"father daughter relationship,serial killer father,wichita kansas,double life,interview",2025-10-10,93,TV-MA,Skye Borgman,J. Jesse Harley,Harley Tarlitz,Beverly Rose,United States,English,6.2,,4303,33,11,2.5K,,,,https://www.imdb.com/title/tt38466379/,New Movies
Romería,Biography|Drama|Romance,"With her mother&apos;s diary in hand, Marina&apos;s search for official documents for university leads her to her biological family on the Atlantic coast. What starts as an administrative quest reveals long-buried family secrets.","male nudity,male rear nudity,male frontal nudity,female nudity,female rear nudity",2025-09-05,114,,Carla Simón,Llúcia Garcia,Mitch Martín,Tristán Ulloa,Spain|Germany,Spanish|Catalan|French|Galician,6.8,74,2275,11,42,5.5K,"$2,078,721",,,https://www.imdb.com/title/tt32538648/,New Movies
Son of Sardaar 2,Comedy,"After his wife asks for a divorce, Jassi joins a dance troupe and helps a musician&apos;s daughter get married by posing as her war-hero father.","transwoman,transgender character",2025-08-01,145,,Vijay Kumar Arora,Ajay Devgn,Mrunal Thakur,Ravi Kishan,India,Hindi,4,,38442,107,50,2.8K,"$303,356",,,https://www.imdb.com/title/tt29429860/,New Movies
Sarvam Maya,Comedy|Fantasy|Horror,A young Hindu priest&apos;s peaceful life is disrupted when he meets a spirit. What starts as a supernatural challenge evolves into a profound journey that tests his faith and makes him question everything he knows.,,2025-12-25,146,,Akhil Sathyan,Nivin Pauly,Riya Shibu,Preity Mukhundhan,India,Malayalam,7.7,,10735,151,5,2.8K,"$3,706,366",,,https://www.imdb.com/title/tt32362695/,New Movies
The Strangers: Chapter 2,Horror|Mystery,"Left stranded in a small town with no way out, Maya must once again face a night of terror courtesy of three deadly killers whose rampage she must put to an end.","slasher horror,slasher killer,masked killer,home invasion,digit in title",2025-09-26,98,R,Renny Harlin,Madelaine Petsch,Gabriel Basso,Ema Horvath,Spain|United States|Slovakia|Canada|United Kingdom,English,4.7,28,11750,217,83,27.8K,"$21,921,749","$8,500,000 (estimated)","$5,806,192",https://www.imdb.com/title/tt28671344/,New Movies
Together,Horror|Romance,"Years into their relationship, Tim and Millie find themselves at a crossroads as they move to the country. With tensions already flaring, an encounter with an unnatural force threatens to corrupt their lives, their love and their ...","body horror,cult,mentally ill mother,conjoined,hybrid",2025-07-30,102,R,Michael Shanks,Dave Franco,Alison Brie,Damon Herriman,Australia|United States,English,6.7,75,75078,430,218,122K,"$34,747,399","$3,500,000 (estimated)","$6,763,357",https://www.imdb.com/title/tt31184028/,New Movies
Nirvaagam Porupalla,,"A man investigates a cybercrime ring using WhatsApp links and fake APKs to steal money, revealing a sinister web lurking beneath common tech platforms.",,2025-12-05,129,,S. Kaarthieswaran,Aadhavan,S. Kaarthieswaran,Livingston,India,Tamil,6.5,,3058,,,,,,,https://www.imdb.com/title/tt39115096/,New Movies
Eojjeolsuga eobsda,Comedy|Crime|Drama,"After being fired, a man devises a unique plan to secure a new job: eliminate his competition.","unemployment,paper company,south korea,murder,capitalism",2026-01-16,139,R,Park Chan-wook,Lee Byung-hun,Son Ye-jin,Woo Seung Kim,South Korea|France,Korean|English,7.6,86,54832,221,215,144K,"$40,079,562",,"$332,653",https://www.imdb.com/title/tt1527793/,New Movies
Kaadhal Enbadhu Podhu Udamai,Drama,"Sam reveals her love to her mother Lakshmi, who&apos;s initially excited. However, Lakshmi&apos;s enthusiasm wanes when she discovers Sam&apos;s partner is a woman, challenging her traditional Indian expectations.",,2025-02-14,108,,Jayaprakash Radhakrishnan,Lijo Mol Jose,Vineeth,Rohini,India,Tamil,6.1,,1015,2,,,,,,https://www.imdb.com/title/tt26733094/,New Movies
Sore: Istri dari Masa Depan,Drama|Fantasy|Romance,"What would happen if your partner came from the future and wanted to change your life for the better, but you feel like your life is fine?","time loop,photographer,character name as title,couple,based on tv series",2025-12-10,119,TV-14,Yandy Laurens,Sheila Dara Aisha,Dion Wiyoko,Goran Bogdan,Indonesia,Indonesian|English|Croatian,7.6,,4933,107,10,5.7K,,,,https://www.imdb.com/title/tt34548722/,New Movies
Vanangaan,Action|Crime|Drama,A hotheaded vigilante confesses to a grisly crime.,,2025-01-10,150,,Bala,Mahalakshmi Raja,Yohan Chacko,Cheranraj,India,Tamil,5.9,,1581,6,,,"$56,449",,,https://www.imdb.com/title/tt15816398/,New Movies
The Threesome,Comedy|Drama|Romance,"When a young man&apos;s crush leads him into an unexpected threesome, he thinks it&apos;s his ultimate fantasy come true. But when the fantasy ends, all three are left with sobering consequences, forcing them to be responsible for their act...","implied one male two females threesome,first lesbian kiss,playing truth or dare,bisexual kiss,male and female protagonists",2025-09-05,112,R,Chad Hartigan,Zoey Deutch,Jonah Hauer-King,Ruby Cruz,United States,English,6.2,70,5209,56,36,15.5K,"$1,114,287",,"$590,632",https://www.imdb.com/title/tt21187592/,New Movies
Kinda Pregnant,Comedy|Drama,"When Lainy&apos;s plan to settle down and start a family falls apart, she puts on a fake baby bump, tells a lie and accidentally falls for her dream guy.","physical comedy,farce comedy,cringe comedy,crude humor comedy,pregnancy",2025-02-05,97,R,Tyler Spindel,Amy Schumer,Will Forte,Jillian Bell,United States,English,4.9,38,18164,233,47,9.7K,,,,https://www.imdb.com/title/tt30253036/,New Movies
A Cursed Man,Documentary,"Filmmaker Liam Le Guillou embarks on a perilous journey into the occult to discover if magic truly exists, challenging his perceptions of reality and belief through a daring and unprecedented dark social experiment.",,2025-03-25,98,,Liam Le Guillou,Liam Le Guillou,Griffin Ced,Carrie Wolf,United States,English,6,,1312,31,9,2.5K,,,,https://www.imdb.com/title/tt33063586/,New Movies
Thala,Mystery,"A young man determined to reunite his estranged parents, embarking on an emotional journey to mend his family. The film delves into themes of love, sacrifice, and the strength of familial bonds.",,2025-02-14,122,,Amma Rajashekar,Sehrawat Sandeep,Ajay,Mukku Avinash,India,Telugu,4.1,,5122,,,,,,,https://www.imdb.com/title/tt33184067/,New Movies
Osiris,Action|Horror|Sci-Fi,"Special Forces commandos are abducted mid-operation by a mysterious spacecraft and, upon awakening, find themselves prey to a relentless alien race in a fight for survival.","alien invasion sci fi,battlefield,alien monster,eiffel tower paris,shootout",2025-06-27,108,,William Kaufman,Max Martini,Linda Hamilton,Brianna Hildebrand,United States,English|Russian|French,4.7,,4941,132,27,6.3K,"$45,972",,,https://www.imdb.com/title/tt31179712/,New Movies
Love Marriage,Romance,A 33-year-old man navigates his arranged marriage.,,2025-06-27,126,,Shanmuga Priyan,Vikram Prabhu,Sushmitha Bhat,Meenakshi Dinesh,India,Tamil,6.5,,7333,4,,,,,,https://www.imdb.com/title/tt37023881/,New Movies
Ice Road: Vengeance,Action|Adventure|Thriller,"Mike travels to Nepal to scatter his late brother&apos;s ashes on Mt. Everest. When Mike and his mountain guide encounter mercenaries on a tour bus, they are forced to fight to save themselves, the passengers, and the local villagers&apos; ...","brother,villainess,hit on the head with a gun butt,therapy session,himalayas",2025-07-01,112,TV-14,Jonathan Hensleigh,Liam Neeson,Bingbing Fan,Marcus Thomas,Australia|United States,English|French|Nepali,4.8,37,17609,324,37,12.0K,,,,https://www.imdb.com/title/tt27621210/,New Movies
Couple Friendly,Musical|Romance,A Chennai interior designer&apos;s career struggles take an unexpected turn when bike pooling leads to romance with a fellow rider.,,2026-02-14,120,,Ashwin Chandrasekhar,Santosh Sobhan,Manasa Varanasi,Rajeev Kanakala,India,Telugu|Tamil,7.2,,2057,33,,1.4K,"$3,434",,,https://www.imdb.com/title/tt33143854/,New Movies
Rule Breakers,Drama,"In a nation where educating girls is rebellion, a visionary woman sparks hope and opposition. Their courage ignites a movement that could transform their nation forever.","women,young,coming of age drama",2025-03-07,120,PG,Bill Guttentag,Nikohl Boosheri,Ali Fazal,Phoebe Waller-Bridge,United States,English,6.6,55,1209,96,25,3.2K,"$2,997,909","$8,000,000 (estimated)","$1,503,826",https://www.imdb.com/title/tt23398348/,New Movies
Bakasura Restaurant,Comedy,A wish of 5 youngsters leads them to unveil a supernatural force lurking beneath around them,,2025-08-08,158,,SJ Shiva,Praveen,Harsha Chemudu,Ramya,India,Telugu|Tamil,7.7,,5743,14,,,,,,https://www.imdb.com/title/tt36793656/,New Movies
"Love Me, Love Me",Drama|Romance,"New at Milan&apos;s Saint Mary&apos;s, June is swept into secrets and lies: no one is who they seem, and love may hide behind the mask of the last boy she&apos;d fall for.","cuckolded boyfriend,teen romance,deep cleavage,pretending to be asleep,two men one woman love triangle",2026-02-13,99,,Roger Kumble,Mia Jenkins,Pepe Barroso,Luca Melucci,Italy,English,4.2,,3931,72,13,4.9K,,,,https://www.imdb.com/title/tt36331860/,New Movies
Scream 7,Horror|Mystery,"When a new Ghostface killer emerges in the town where Sidney Prescott has built a new life, her darkest fears are realized as her daughter becomes the next target.","serial killer,ghostface,knife,sequel,seventh part",2026-02-27,114,R,Kevin Williamson,Neve Campbell,Courteney Cox,Isabel May,United States|Canada,English,5.6,35,40586,878,158,71.6K,"$204,852,206","$45,000,000 (estimated)","$63,615,172",https://www.imdb.com/title/tt27047903/,New Movies
Lamp,Horror,"The police are holding their heads without knowing why they are committing mass murders in the city, A police officer and a detective are looking for who is doing the murders, They find a lamp as a clue and how they catch the murd...",,2025-03-14,109,,Rajashekar Raj,Avantika,Nagendra Ch,Koti Kiran,India,Telugu,8.3,,1265,,,,,,,https://www.imdb.com/title/tt35929709/,New Movies
Sambhavam Adhyayam Onnu,,"Three Kerala Police officers venture into a mysterious forest on the Kerala-Tamil Nadu border to find a missing officer. They encounter strange time-related phenomena, uncovering the hidden secrets of Velloorkkatt forest.",,2026-03-06,129,,Jithu Satheesan Mangalathu,Askar Ali,Neethu Krishna,Fahad Sidheekh,India,Malayalam,7.2,,1260,11,,,"$159,485",,,https://www.imdb.com/title/tt36628923/,New Movies
The SpongeBob Movie: Search for SquarePants,Animation|Adventure|Comedy,"Desperate to be a big guy, SpongeBob sets out to prove his bravery to Mr. Krabs by following the Flying Dutchman, a mysterious swashbuckling ghost pirate, to the deepest depths of the deep sea.","fourth part,based on tv series,cgi animation,swashbuckler adventure,sea adventure",2026-02-17,88,PG,Derek Drymon,Tom Kenny,Clancy Brown,Rodger Bumpass,United States,English,5.7,65,7770,114,56,16.9K,"$168,425,221","$64,000,000 (estimated)","$15,611,344",https://www.imdb.com/title/tt23572848/,New Movies
Sniper: The Last Stand,Action,"An expert sniper leads a special ops team in Costa Verde to prevent a dangerous arms dealer from deploying a lethal weapon. While mentoring a rookie shooter, he struggles with his new leadership role as the mission grows deadlier.","villainess,b action",2025-01-21,99,R,Danishka Esterhazy,Chad Michael Collins,Ryan Robbins,Sharon Taylor,United States|United Kingdom,English,4.8,,1715,26,8,2.2K,,,,https://www.imdb.com/title/tt34910018/,New Movies
Mother of Flies,Horror,"When a young woman faces a deadly diagnosis, she seeks dark magic from a witch in the woods - but every cure has costs.","terminal illness,father daughter relationship,dark magic,folk horror,uterine cancer",2026-01-23,92,,John Adams,Zelda Adams,Toby Poser,John Adams,United States,English,5.5,70,2018,40,51,8.8K,,,,https://www.imdb.com/title/tt36871027/,New Movies
Fall for Me,Thriller,"Lilli visits her sister Valeria, surprised to learn she&apos;s engaged to a Frenchman, Manu. She spontaneously meets nightclub manager Tom, sparking an instant connection. A dark secret lurks behind the island&apos;s events.","sex scene,island of mallorca,simulated cunilingus,male rear nudity,womanizer",2025-08-21,103,TV-MA,Sherry Hormann,Svenja Jung,Theo Trebs,Thomas Kretschmann,Germany,German|English,4.8,,5574,46,14,6.8K,,,,https://www.imdb.com/title/tt32543884/,New Movies
John Candy: I Like Me,Documentary|Biography|Comedy,"Explores the life and legacy of iconic funnyman John Candy, who died of a heart attack in 1994, at age 43.","entertainment documentary,actor,year 1994,comedian,loss of parent",2025-10-10,113,PG-13,Colin Hanks,John Candy,Bill Murray,Chris Candy,United States,English,8,69,11546,103,38,18.2K,,,,https://www.imdb.com/title/tt26683420/,New Movies
Hridayapoorvam,Drama|Romance,"Sandeep, a heart-transplant survivor, attends his donor&apos;s daughter Haritha&apos;s engagement, but an unplanned stay draws him closer to the family.",,2025-08-28,152,Not Rated,Sathyan Anthikad,Mohanlal,Malavika Mohanan,Sangeetha,India,Malayalam|Hindi|Telugu|Tamil|Kannada,6.7,,3403,65,7,1.3K,"$1,746,522",,,https://www.imdb.com/title/tt30818546/,New Movies
Vidhrohi,Crime|Thriller,A strict Intelligent and brave police officer Karthik knows about clue less series of rapes going on girls in their own houses without their notice by unknown person. He sneaks in to investigate and kick starts a dangerous series ...,,2025-10-24,134,,Venkata Subramanyam Vijjana,Madhunandan,Ravi Prakash,Anish Ram,India,Telugu,9.4,,2092,,,,,,,https://www.imdb.com/title/tt37937823/,New Movies
A Business Proposal,Comedy|Drama|Romance,"Faced with financial difficulties, Sari agrees to be a blind date stand-in for Yasmin, her best friend unaware that her date turns out to be none other than Utama, the owner of the company where Sari works, whom she dislikes.","office,work,business,dating,remake",2025-06-13,117,TV-14,Rako Prijanto,Ariel Tatum,Caitlin Halderman,Abidzar Al Ghifari,Indonesia,Indonesian|English,1.9,,22950,204,2,,,,,https://www.imdb.com/title/tt35295730/,New Movies
Marked Men: Rule + Shaw,Romance,"Shaw has loved Rule since she saw him, but Rule doesn&apos;t see her as a suitable match, but a night of drinking and secrets leads them to question if they can be together without ruining their relationship...or each other.","male nudity,bare chested male,male rear nudity,night,love",2025-07-08,93,R,Nick Cassavetes,Sydney Taylor,Alexander Ludwig,Natalie Alyn Lind,United States,English,5.2,,4088,50,14,12.9K,"$1,012,378",,,https://www.imdb.com/title/tt26452781/,New Movies
Kannappa,Action|Drama|Fantasy,An atheist hunter Kannappa becomes a devotee of Lord Shiva and plucked out his eyes in an act of devotion.,reference to shiva the hindu deity,2025-06-27,183,,Mukesh Kumar Singh,Vishnu Manchu,Mohanlal,Prabhas,India,Telugu|Malayalam|Kannada|Tamil,4.7,,27710,80,2,3.7K,"$147,428",,,https://www.imdb.com/title/tt5306972/,New Movies
DJ Ahmet,Comedy|Drama,"A 15-year-old Yuruk boy from a remote Macedonian village escapes into music amidst parental expectations, societal conservatism, and forbidden love for a promised girl.","village,forbidden love,15 year old,macedonia,teenage boy",2025-10-01,99,Not Rated,Georgi M. Unkovski,Arif Jakup,Agush Agushev,Dora Akan Zlatanova,North Macedonia|Czech Republic|Serbia|Croatia,Turkish|Macedonian|English,7.3,72,1697,13,55,3.6K,"$125,464",,,https://www.imdb.com/title/tt34964187/,New Movies
Hamnet,Biography|Drama|History,"In late 16th-century England, Agnes, a healer sensitive to the world around her, builds a home with William, a local tutor and aspiring playwright. As their lives fracture, they are tested by distance, silence, and grief.","william shakespeare character,male rear nudity,bare chested male,wife,one word title",2025-12-05,125,PG-13,Chloé Zhao,Jessie Buckley,Paul Mescal,Zac Wishart,United Kingdom|United States,English,7.8,84,100329,760,257,210K,"$105,387,282","$30,000,000 (estimated)","$932,278",https://www.imdb.com/title/tt14905854/,New Movies
O Filho de Mil Homens,Drama,"In a small village, a lonely fisherman yearning for a son is drawn to an ethereal light that links him to others and their long-buried secrets.","pubic hair,male nudity,outdoor nudity,male frontal nudity,public nudity",2025-11-19,126,TV-MA,Daniel Rezende,Rodrigo Santoro,Rebeca Jamir,Miguel Martines,Brazil,Portuguese,7.4,,2266,10,10,3.0K,,,,https://www.imdb.com/title/tt33402908/,New Movies
Bromance,Drama,"Binto teams up with his brother&apos;s friends for a thrilling adventure to find him, leading to unexpected twists, discoveries, and unforgettable moments.",portmanteau in title,2025-02-14,150,,Arun D. Jose,Arjun Ashokan,Bharat Bopanna,Shyam Mohan,India,Malayalam,5.4,,1685,18,4,,"$416,993",,,https://www.imdb.com/title/tt32135710/,New Movies
Breakdown: 1975,Documentary,"An essay on the year 1975, looking at the classic movies all released in that year.",history documentary,2025-12-19,92,TV-MA,Morgan Neville,Jodie Foster,Patton Oswalt,Josh Brolin,United States,English,6.8,49,1799,24,11,1.6K,,,,https://www.imdb.com/title/tt38985973/,New Movies
Subham,Comedy|Horror,A group of married men band together after their wives become transfixed by a cable TV soap opera serial.,,2025-05-09,125,,Praveen Kandregula,Samantha Ruth Prabhu,Shriya Kontham,Shravani Lakshmi,India,Telugu|Tamil,7.1,,4355,25,,1.6K,"$18,479",,,https://www.imdb.com/title/tt34376523/,New Movies
The Parenting,Comedy|Horror,A couple rents a countryside house for a weekend with their parents and then discover it&apos;s inhabited by a 400-year-old poltergeist.,"gay,gay couple,gay interest,lgbt,parents",2025-03-13,94,R,Craig Johnson,Nik Dodani,Brandon Flynn,Brian Cox,United States,English|Latin,5.7,45,8972,63,33,11.6K,,,,https://www.imdb.com/title/tt14041896/,New Movies
Rebel Royals: An Unlikely Love Story,Documentary|Biography,Follows Märtha Louise and Shaman Durek Verrett as they prepare for their controversial Norwegian wedding.,,2025-09-16,95,,Rebecca Chaiklin,Edward Alava,Natalia Alava,Prinsesse Astrid,United States,English,2.8,,1457,53,8,,,,,https://www.imdb.com/title/tt37996139/,New Movies
In the Lost Lands,Action|Adventure|Fantasy,"A queen sends the powerful and feared sorceress Gray Alys to the ghostly wilderness of the Lost Lands in search of a magical power, where the sorceress and her guide, the drifter Boyce, must outwit and outfight man and demon.","post apocalypse,search,werewolf horror,dark fantasy,witch horror",2025-03-07,101,R,Paul W.S. Anderson,Milla Jovovich,Dave Bautista,Arly Jover,Germany|United States|Switzerland|Poland|Canada,English,4.7,41,16650,190,92,34.0K,"$6,531,841","$55,000,000 (estimated)","$1,072,019",https://www.imdb.com/title/tt4419684/,New Movies
Queens of the Dead,Comedy|Horror,"Drag queens and club kids battle zombies craving brains during a zombie outbreak at their drag show in Brooklyn, putting personal conflicts aside to utilize their distinct abilities against the undead threat.","zombie,drag queen,brooklyn new york city,undead,drag show",2025-10-24,101,TV-MA,Tina Romero,Jaquel Spivey,Katy O&apos;Brian,Quincy Dunn-Baker,United States,English,5.3,68,1597,18,43,6.1K,"$113,123",,"$69,877",https://www.imdb.com/title/tt32986431/,New Movies
Pelli Kaani Prasad,Drama,"A son&apos;s marriage aspirations collide with his father&apos;s traditional dowry expectations, leading to a journey of spiritual guidance and family reconciliation.",,2025-03-21,118,,Abhilash Reddy Gopidi,Sapthagiri,Annapurnamma,Mahaboob Basha,India,Telugu,9,,3424,,,,"$3,720",,,https://www.imdb.com/title/tt35918041/,New Movies
Kothalavadi,,"In a poor village, a corrupt dealer exploits locals for illegal mining. When violence erupts, three powerful figures battle for control while villagers face a choice between freedom and greed.",,2025-08-01,144,,G Sri Raju,Pruthvi Ambaar,Avinash,Gopalkrishna Deshpande,India,Kannada,4.8,,1160,,,,,,,https://www.imdb.com/title/tt36997822/,New Movies
Do Deewane Seher Mein,Drama|Romance,"Two socially awkward millennials in Mumbai find love while struggling with self-acceptance. As they battle insecurities and societal pressure, their journey takes them from city chaos to mountain serenity.",,2026-02-20,138,,Ravi Udyawar,Siddhant Chaturvedi,Mrunal Thakur,Ila Arun,India,Hindi|English,8.6,,2485,26,15,1.3K,"$72,698",,,https://www.imdb.com/title/tt31226272/,New Movies
Vicious,Horror,A woman spends the night fighting for her existence as she slips down a rabbit hole contained inside a gift from a late-night visitor.,"supernatural horror,christmas,gift",2025-10-10,103,R,Bryan Bertino,Dakota Fanning,Kathryn Hunter,Mary McCormack,United States,English,4.9,56,10296,139,43,22.3K,,,,https://www.imdb.com/title/tt31511689/,New Movies
Allly baqi mink,Drama|Romance,"After a Palestinian teen gets swept up into a West Bank protest, his mother recounts the family story of hope, courage and relentless struggle that led to this fateful moment.","generational,mass displacement,family relationships,palestine,nakba",2025-11-20,146,Not Rated,Cherien Dabis,Cherien Dabis,Mohammad Bakri,Saleh Bakri,Germany|Cyprus|Occupied Palestinian Territory|Jordan|Greece|Qatar|Saudi Arabia|United States|Egypt,Arabic|English|Hebrew,8,78,2073,7,60,8.9K,"$854,714",,"$51,847",https://www.imdb.com/title/tt29344894/,New Movies
Ella McCay,Comedy|Drama,An idealistic young woman juggles her family and work life in a comedy about the people you love and how to survive them.,"year 2008,38 year old woman,two word title,rocking chair,family relationships",2025-12-12,115,PG-13,James L. Brooks,Emma Mackey,Jamie Lee Curtis,Albert Brooks,United States,English,5.2,39,5636,99,72,26.2K,"$4,568,645","$35,000,000 (estimated)","$2,020,541",https://www.imdb.com/title/tt30096221/,New Movies
Saiyaara,Drama|Musical|Romance,"Vaani and Krish will have to navigate life, their problems, their insecurities to hopefully realise that only love can be the answer to everything.","tearjerker romance,bollywood musical,pop musical,alzheimer&apos;s disease,musician",2025-07-18,150,TV-14,Mohit Suri,Ahaan Panday,Aneet Padda,Rajesh Kumar,India,Hindi,6.3,,58144,529,24,80.1K,"$12,903,760",,"$159,024",https://www.imdb.com/title/tt28037987/,New Movies
Alma and the Wolf,Horror|Mystery,"Set on the Oregon coast, troubled police officer Ren Accord investigates a mysterious wolf attack. Matters escalate when his estranged son vanishes during the case.",,2025-06-20,89,R,Michael Patrick Jann,Ethan Embry,Li Jun Li,Jeremie Harris,United States,English,4.7,,1024,18,15,2.4K,,,,https://www.imdb.com/title/tt31849867/,New Movies
Dhadak 2,Drama|Mystery|Romance,"Targeted for his caste, a first-year student at an elite college fights off vicious bullies and lethal threats to protect his dignity and forbidden love.",,2025-08-01,142,,Shazia Iqbal,Siddhant Chaturvedi,Triptii Dimri,Aditya Thakare,India|United States,Hindi,6.8,,20271,237,,4.9K,"$195,070","$5,000,000 (estimated)",,https://www.imdb.com/title/tt13451410/,New Movies
Lune de miel avec ma mère,Comedy,"When his fiancée dumps him at the altar for her ex, a young man is left with no alternative but to go on his romantic honeymoon with his mother.",,2025-02-12,93,,Nicolas Cuche,Michèle Laroque,Julien Frison,Rossy de Palma,France,French,5.6,,3658,19,12,1.9K,,,,https://www.imdb.com/title/tt35300972/,New Movies
Diabolic,Horror,"A woman&apos;s hope for a miracle cure turns into a nightmare when she confronts the vengeful spirit of a cursed witch, determined to claim her as a vessel for her evil power.","evil,hope,witch horror,supernatural horror,slowburn",2026-02-20,95,,Daniel J. Phillips,John Kim,Elizabeth Cullen,Mia Challis,Australia,English,5.6,,4324,65,44,4.0K,"$987,422",,,https://www.imdb.com/title/tt17348060/,New Movies
Mission Santa: Yoyo to the Rescue,Animation|Family,"An underdog elf, driven by his unwavering passion for the holidays, becomes the North Pole&apos;s only hope of saving Christmas from a vengeful hacker.","cg animation,christmas,christmas spirit,north pole,reindeer",2025-11-06,91,,Ricard Cussó,Gabriel Castro,Oliver Kalkofe,Michael Mendl,United States|Germany|India,,5.8,,1342,198,13,,"$1,960,415",,,https://www.imdb.com/title/tt35820129/,New Movies
Dead of Winter,Action|Thriller,"A woman, travelling alone through snowbound northern Minnesota, interrupts the kidnapping of a teenage girl. Hours from the nearest town and with no phone service, she realizes that she is the young girl&apos;s only hope.","kidnapping,bound and gagged,frozen lake,abduction,bare chested male",2025-10-21,98,R,Brian Kirk,Emma Thompson,Judy Greer,Marc Menchaca,Germany|Canada|United States,English,6.1,69,18427,215,81,34.5K,"$2,496,872",,"$1,030,111",https://www.imdb.com/title/tt7574556/,New Movies
Al Sada Al Afadel,Comedy,"After their father&apos;s death, the Abu AL-Fadl family faces debts and chaos. Brothers Tarek and Hejazi try to fix things, but a mysterious man&apos;s demands turn their efforts into disaster.",,2025-10-22,125,,Karim El-Shinnawi,Ashraf Abdel Baky,Yahya Azzam,Michel Milad Beshay,Egypt,Arabic,7.5,,1152,5,,,"$683,078",,,https://www.imdb.com/title/tt38731975/,New Movies
Kapkapiii,Comedy|Horror,"A clique of friends, seeking for a thrill, use an ouija board to connect a ghost for fun. But they soon realized that their house has become haunted by an advent of a female spirit.",,2025-05-23,138,,Sangeeth Sivan,Dibyendu Bhattacharya,Raghav Binani,Shyam Gopal,India,Hindi,6,,3165,10,6,,"$20,152",,,https://www.imdb.com/title/tt29625386/,New Movies
Delicious,Crime|Drama|Thriller,"A German family vacationing in a French villa encounters a mysterious injured woman and takes her in, leading to unforeseen consequences.","psychological horror,vacation,villa,female protagonist,sinister",2025-03-07,102,TV-MA,Nele Mueller-Stöfen,Fahri Yardim,Valerie Pachner,Carla Díaz,Germany,English|German,4.4,,6299,83,30,4.0K,,,,https://www.imdb.com/title/tt32047217/,New Movies
Kadaisi Thotta,Crime,"A honeymoon at an idyllic resort becomes a fight for survival when Rakshan stumbles upon a brutal crime. With his new wife Shruthi by his side, he must navigate through a web of dangerous revelations.",,2025-02-28,106,,Navin Kumar,Radha Ravi,Sreeja Ravi,Shreekumar,India,Tamil,7.3,,1147,,,,,,,https://www.imdb.com/title/tt29084914/,New Movies
The Moment,Comedy|Drama|Thriller,A rising pop star navigates the complexities of fame and industry pressure while preparing for her arena tour debut.,"mockumentary comedy,psychological thriller,pop star,fame,2024",2026-02-06,103,R,Aidan Zamiri,Charli XCX,Francesca Faridany,Errol Barnett,United Kingdom|United States,English,6.2,53,3674,42,67,13.6K,"$5,127,436",,"$427,960",https://www.imdb.com/title/tt35524793/,New Movies
A Normal Woman,Drama|Horror|Thriller,"Believing she&apos;s contracted a mysterious illness, a socialite begins sabotaging her own life in the face of rejection from her own body and her family.","psychological,psychological drama,dark,psychological thriller,female protagonist",2025-07-24,110,TV-MA,Lucky Kuswandi,Marissa Anita,Dion Wiyoko,Gisella Anastasia,Indonesia,Indonesian|English,4.4,,1286,21,16,1.0K,,,,https://www.imdb.com/title/tt35668683/,New Movies
"Oh, Hi!",Comedy,Iris and Isaac&apos;s first romantic weekend getaway goes awry in a most unexpected way.,"dark comedy,romantic comedy,psychological thriller,weekend trip,handcuffed to a bed",2025-07-25,95,R,Sophie Brooks,Molly Gordon,Logan Lerman,Geraldine Viswanathan,United States,English,6.2,62,9031,76,67,25.0K,"$2,087,693",,"$1,151,572",https://www.imdb.com/title/tt33292655/,New Movies
Naadaniyaan,Drama|Romance,A privileged Delhi socialite hires a middle-class student to pose as her boyfriend to maintain her social status. Their pretense becomes complicated when genuine feelings develop between them.,romantic comedy,2025-03-07,119,TV-14,Shauna Gautam,Ibrahim Ali Khan,Khushi Kapoor,Suniel Shetty,India,Hindi,3,,16033,347,13,1.3K,,,,https://www.imdb.com/title/tt30422937/,New Movies
Highest 2 Lowest,Crime|Drama|Mystery,"When a titan music mogul is targeted with a ransom plot, he is jammed up in a life-or-death moral dilemma.","adaptation,remake,remake of japanese film,kidnapping,police",2025-09-05,133,R,Spike Lee,Denzel Washington,Jeffrey Wright,Ilfenesh Hadera,United States|Japan,English,5.5,74,32810,870,128,57.8K,"$1,500,000",,,https://www.imdb.com/title/tt31194612/,New Movies
People We Meet on Vacation,Romance,"Poppy wants to explore the world and Alex prefers to stay home with a good book, but somehow they are the very best of friends. They live far apart, but for a decade they have spent one week of summer vacation together.","male rear nudity,male nudity,female nudity,travel,romantic comedy",2026-01-09,117,PG-13,Brett Haley,Emily Bader,Tom Blyth,Sarah Catherine Hook,United States,English,6.6,50,39926,295,63,37.8K,,,,https://www.imdb.com/title/tt22740896/,New Movies
Maaman,Action|Comedy|Drama,An uncle and nephew navigate their strained bond and family dynamics through challenging circumstances that test their connection.,"father emotion,family drama,emotional,family entertainer,entertainer",2025-05-16,150,,Prasanth Pandiyaraj,Aishwarya Lekshmi,Swasika Vijay,Soori,India,Tamil,6,,1209,28,,,"$92,430",,,https://www.imdb.com/title/tt33240591/,New Movies
Kudumbasthan,Comedy|Drama,"A lower-middle-class man faces mounting debts and family tensions after losing his job. With a pregnant wife and disapproving in-laws, he must overcome financial struggles and personal conflicts while trying to rebuild his life.",dark comedy,2025-01-24,154,,Rajeshwar Kaliswamy,Manikandan K.,Saanve Megghana,R. Sundarajan,India,Tamil,7.3,,3251,23,2,2.0K,"$68,233",,,https://www.imdb.com/title/tt31958285/,New Movies
Nouvelle Vague,Biography|Comedy|Drama,"The behind the scenes of the filming of Jean-Luc Godard&apos;s Breathless (1960), a landmark of the French New Wave film movement.","paris france,year 1959,film director,actress,actor",2025-11-14,106,R,Richard Linklater,Guillaume Marbeck,Zoey Deutch,Aubry Dullin,France|United States,French|English|Italian,7.3,76,9775,49,155,31.3K,"$2,457,303",,,https://www.imdb.com/title/tt31688586/,New Movies
Taandob,Action|Thriller,"A jobless villager moves to Dhaka for work but gets entangled in a conspiracy. After being wrongly accused in a TV station attack, he must clear his name and expose corruption, while a dangerous impersonator plots in the shadows.",,2025-06-07,130,,Raihan Rafi,Shakib Khan,Jaya Ahsan,Sabila Nur,Bangladesh,Bengali,7.7,,3510,80,,2.2K,,,,https://www.imdb.com/title/tt36293840/,New Movies
Sirai,Thriller,"A cop escorts a prisoner during a transfer from Vellore prison to Sivagangai court, leading to unexpected interactions between them.","cop drama,based on true story",2025-12-31,124,,Suresh-Rajakumari,Vikram Prabhu,LK Akshay Kumar,Anishma Anilkumar,India,Tamil,7.8,,4632,93,3,2.1K,"$96,994",,,https://www.imdb.com/title/tt35684868/,New Movies
The Fantastic Four: First Steps,Action|Adventure|Sci-Fi,"Forced to balance their roles as heroes with the strength of their family bond, the Fantastic Four must defend Earth from a ravenous space god called Galactus and his enigmatic herald, the Silver Surfer.","marvel cinematic universe,1960s,fantastic four,superhero,baby",2025-07-25,115,PG-13,Matt Shakman,Pedro Pascal,Vanessa Kirby,Ebon Moss-Bachrach,United Kingdom|United States|Canada|New Zealand,English,6.8,65,256011,2.1K,297,224K,"$521,858,728","$200,000,000 (estimated)","$117,644,828",https://www.imdb.com/title/tt10676052/,New Movies
The Unbreakable Boy,Drama,"A young boy with both a rare brittle-bone disease and autism transforms everyone around him with his joyous, funny, and life-affirming world view.","boy wears underwear,boy rear nudity,father son relationship,shirtless preteen boy,bare chested boy",2025-02-21,109,PG,Jon Gunn,Zachary Levi,Meghann Fahy,Jacob Laval,United States,English,6.1,35,2760,67,30,11.0K,"$7,529,033",,"$2,386,041",https://www.imdb.com/title/tt5181260/,New Movies
Marutham,Drama,"Kanniyappan&apos;s tranquil farming life is disrupted when his ancestral land is auctioned due to a mysterious debt, leading him to uncover the shocking truth and fight back.",,2025-10-10,103,,V Gajendran,Aruldoss,Lollu Sabha Maaran,Rakshana,India,Tamil,7.3,,1017,,,,,,,https://www.imdb.com/title/tt38573838/,New Movies
Rosario,Horror,"Rosario spends the night with her grandmother&apos;s body while she waits for the ambulance to arrive, during a severe snowfall, Rosario is attacked by otherworldly entities that have taken control of her grandmother&apos;s body.","body horror,one word title,folk horror,supernatural horror,death of grandmother",2025-05-02,88,R,Felipe Vargas,Emeraude Toubia,José Zúñiga,David Dastmalchian,Colombia|United States,English|Spanish,4.4,50,2320,35,28,5.4K,"$1,459,284",,"$513,232",https://www.imdb.com/title/tt27674700/,New Movies
Mark,Action|Thriller,"A suspended police officer confronts criminals and corrupt politicians terrorizing the state. As violence erupts, he returns to duty to defeat the villains and restore justice.",,2025-12-25,144,,Vijay Karthikeyan,Sudeep,Naveen Chandra,Deepshika,India,Kannada|Tamil|Telugu|Malayalam,5.3,,1252,46,,,,,,https://www.imdb.com/title/tt28961625/,New Movies
I Know What You Did Last Summer,Horror|Mystery,A group of friends are terrorised by a mysterious killer who knows about a gruesome incident from their past.,"fourth part,slasher horror,slasher,bisexual woman,reboot",2025-07-18,111,R,Jennifer Kaytin Robinson,Madelyn Cline,Chase Sui Wonders,Jonah Hauer-King,Canada|Australia|United States,English,5.1,42,45985,565,184,62.0K,"$64,808,120","$18,000,000 (estimated)","$12,755,359",https://www.imdb.com/title/tt4045450/,New Movies
Spider &amp; Jessie,Drama|Mystery|Thriller,"After their mother suffers a fatal overdose, two sisters fear that the foster system will separate them and decide to hide the body. But their lie may be discovered and they must decide how far they are willing to go to keep their...","sister sister relationship,psychological thriller,necklace,crying girl,two girls",2025-08-29,102,,Dan Kay,Mckenna Grace,Jojo Regina,Jesse Williams,United States,English,6.1,,2016,37,16,8.8K,,,,https://www.imdb.com/title/tt22475426/,New Movies
Yek tasadof-e sadeh,Crime|Drama|Mystery,"An unassuming mechanic is reminded of his time in an Iranian prison when he encounters a man he suspects to be his sadistic jailhouse captor. Panicked, he rounds up a few of his fellow ex-prisoners to confirm the man&apos;s identity.","written by director,iran,gas station,wedding photographer,car accident",2025-10-15,103,PG-13,Jafar Panahi,Vahid Mobasseri,Mariam Afshari,Ebrahim Azizi,Iran|France|Luxembourg|United States,Persian|Azerbaijani,7.5,91,31606,154,184,87.3K,"$10,468,575",,"$68,294",https://www.imdb.com/title/tt36491653/,New Movies
Irudhi Muyarchi,,,,2025-10-10,121,,Janaa Venkat,Meghali,Ranjith,Vittal,India,Tamil,9.2,,1056,,,,,,,https://www.imdb.com/title/tt33505969/,New Movies
Match,Horror,"After Paola is matched with a handsome online suitor, she arrives for a first date to discover a house full of dark and terrifying secrets.","disfigurement,female protagonist,male nudity,big penis,large penis",2025-10-03,99,TV-MA,Danishka Esterhazy,Humberly González,Shaeane Jimenez,Dianne Simpson,South Africa,English,5.3,,1718,40,16,4.2K,,,,https://www.imdb.com/title/tt37436190/,New Movies
Kesari Veer,Action|Drama|History,"The movie narrates the tale of Hamirji Gohil, a brave warrior who fought against the Tughlaq Empire to protect the Somnath Temple and the Hindu faith.",,2025-05-23,161,,Prince Dhiman,Sooraj Pancholi,Suniel Shetty,Vivek Oberoi,India,Hindi,4.7,,5699,25,4,,"$2,120","$7,001,179 (estimated)",,https://www.imdb.com/title/tt32106176/,New Movies
Private,,"When an old man and a teenager from different walks of life are brought together by chance, they form an unlikely connection that transforms them both in unexpected ways.",,2025-10-10,137,,Deepak Deon,Indrans,Meenakshi,Annu Antony,India,Malayalam,6.9,,1133,6,,,,,,https://www.imdb.com/title/tt37682350/,New Movies
Interval,Comedy,"The journey of three village boys who accidentally pass their degrees. Facing unexpected challenges, they leave their hamlet and venture into the city, searching for jobs and a purpose in life.",,2025-03-07,142,,Bharatvarsh,Sahana Aaradhya,Prajwal Kumar Gowda,Shashi Raj,India,Kannada,6.1,,2174,,3,,,,,https://www.imdb.com/title/tt35313020/,New Movies
Middle Class Ramayana,Comedy|Drama|Family,"After his father dies, Nandi Krishna leaves his job to open a gym but fails. In need of money, he marries a rich woman. His life changes when his former girlfriend comes back.",,2025-09-12,134,,Dhanush Gowda V,Vinu Gowda,Mokshitha Pai,S. Narayan,India,Kannada,7.4,,1034,,,,,,,https://www.imdb.com/title/tt38162716/,New Movies
Mana Iddari Prema Katha,Drama,"A viral video from a beach outing threatens to destroy the lives of two couples in a conservative town, as they struggle against public judgment.",,2025-04-25,106,,Iqbal,Babu Bunny,Iqbal,Priya Jasper,India,Telugu,6.9,,2158,3,,,,,,https://www.imdb.com/title/tt36363838/,New Movies
De De Pyaar De 2,Comedy|Romance,"Love faces its toughest test yet as Ashish visits Ayesha&apos;s family home. Will the age-gap romance win hearts or stir things up? This Pyaar vs Parivaar clash promises a relatable, riotous ride for every kind of audience.",,2025-11-14,146,,Anshul Sharma,Ajay Devgn,Rakul Preet Singh,Madhavan,India,Hindi,6.4,,13457,316,9,3.8K,"$547,196",,,https://www.imdb.com/title/tt28802657/,New Movies
Den svenska länken,Biography|Drama|History,"Swedish Foreign Ministry bureaucrat Gösta Engzell, overlooked during WWII, rescued thousands Jews while turning supposedly neutral Sweden into a moral force. His efforts challenged the status quo and left a lasting humanitarian le...","based on real people,20th century,based on true story,world war,world war two",2026-02-19,102,PG-13,Thérèse Ahlbeck,Henrik Dorsin,Sissela Benn,Jonas Karlsson,Sweden,Swedish,6.9,,3831,24,17,3.9K,,,,https://www.imdb.com/title/tt28793125/,New Movies
One More Shot,Comedy|Drama,"New Year&apos;s Eve 1999. Minnie discovers a bottle of Time Traveling Tequila. Each shot takes her back to the start of the night, giving her a bottle&apos;s worth of shots to change the course of her millennium.","time machine,old flame,man snorts cocaine,drunk,changing the past",2025-10-12,88,,Nicholas Clifford,Emily Browning,Olivia Piplios,Fiona Harris,Australia,English,5.6,,1189,11,14,2.5K,,,,https://www.imdb.com/title/tt9425856/,New Movies
Pagwa,Action|Crime|Thriller,"An aging assassin with a knack for taking out society&apos;s worst encounters a young protégé eager to learn the trade. As they form an unlikely bond, the veteran killer discovers fresh purpose in her twilight years of violence and rou...",,2025-11-25,133,,Kyu-dong Min,Lee Hye-yeong,Kim Sung-cheol,Yeon Woo-jin,South Korea,Korean,6.1,,1418,7,35,2.9K,"$50,306",,,https://www.imdb.com/title/tt34509472/,New Movies
Mercy,Action|Crime|Drama,"Set in the near future, a detective accused of murdering his wife has 90 minutes to prove his innocence to an advanced AI judge.","artificial intelligence,investigation,cyber thriller,3 dimensional,3d",2026-01-23,99,PG-13,Timur Bekmambetov,Chris Pratt,Rebecca Ferguson,Kali Reis,United States,English,6.2,34,46897,467,155,80.8K,"$54,694,674","$60,000,000 (estimated)","$10,809,178",https://www.imdb.com/title/tt31050594/,New Movies
Frankenstein,Drama|Fantasy|Horror,"Dr. Victor Frankenstein, a brilliant but egotistical scientist, brings a creature to life in a monstrous experiment that ultimately leads to the undoing of both the creator and his tragic creation.","based on novel,doctor victor frankenstein character,19th century,mad scientist,one word title",2025-11-07,149,R,Guillermo del Toro,Oscar Isaac,Jacob Elordi,Christoph Waltz,Mexico|United States|Canada,English|Danish|French,7.4,78,298958,1.8K,291,280K,"$144,496","$120,000,000 (estimated)",,https://www.imdb.com/title/tt1312221/,New Movies
Anomie: The Equation of Death,Action|Thriller,"Zaara, a relentless sister seeking answers in her brother&apos;s unresolved case, confronts a police officer after days of failed investigation. As faith in the system erodes, pursue the truth on parallel paths leading to a haunting re...",,2026-02-06,135,,Riyas Marath,Shebin Benson,Drishya Raghunath,Vishnu Agasthya,India,Malayalam|Tamil,7.3,,1149,10,,,"$76,461",,,https://www.imdb.com/title/tt27541778/,New Movies
Deva,Action|Crime|Drama,"Dev Ambre, a ruthless cop, loses his memory in an accident just after he has finished solving a murder case and now has to reinvestigate it while keeping his memory loss a secret from everyone except DCP Farhan Khan.","police,cop drama,whodunnit mystery,suspense mystery,one person army action",2025-01-31,156,,Rosshan Andrrews,Shahid Kapoor,Pooja Hegde,Pavail Gulati,India,Hindi,6.6,,29831,429,21,12.8K,"$1,091,296","₹500,000,000 (estimated)",,https://www.imdb.com/title/tt27852049/,New Movies
Dashavatar,Drama|Thriller,"When evil rises, divinity manifests to defeat it. An aging Dashavatar folk theater performer faces life&apos;s storms, guided by the wisdom of this traditional Konkan art form blending myth, music, and dance.",,2025-09-12,155,,Subodh Khanolkar,Dilip Prabhawalkar,Mahesh Manjrekar,Siddharth Menon,India,Marathi,7.6,,1456,77,2,1.4K,"$8,457",,,https://www.imdb.com/title/tt35661996/,New Movies
Mountainhead,Comedy|Drama,Four friends reunite during worldwide economic turmoil.,"one word title,four men,plane,helicopter,watching the news",2025-05-31,108,TV-MA,Jesse Armstrong,Steve Carell,Jason Schwartzman,Cory Michael Smith,United States,English,5.4,66,21309,212,47,31.5K,,,,https://www.imdb.com/title/tt35396529/,New Movies
K-Pop Demon Hunters,Animation|Action|Adventure,A world-renowned K-Pop girl group balance their lives in the spotlight with their secret identities as demon hunters.,"k pop,pop music,demon,hunter,female protagonist",2025-06-20,95,PG,Chris Appelhans,Arden Cho,May Hong,Ji-young Yoo,United States|Canada,English|Korean,7.4,77,128821,1.1K,107,67.8K,"$24,619,953","$100,000,000 (estimated)","$18,000,000",https://www.imdb.com/title/tt14205554/,New Movies
This Is the Tom Green Documentary,Documentary,"Comedian Tom Green&apos;s journey takes unexpected turns as he shifts from wild MTV stunts to confronting serious health challenges, ultimately finding peace away from Hollywood on his Canadian farm.",,2025-01-24,97,Not Rated,Tom Green,Tom Green,Mary Jane Green,Phil Giroux,Canada,,7.4,,1529,15,5,1.3K,,,,https://www.imdb.com/title/tt32832554/,New Movies
Bhavani Ward 1997,Drama|Horror,"In Bhavani Ward 1997 , we Delve into the world of a Musical horror drama , where Ajay and Diya&apos;s love life turns into a miserable never ending nightmare when Diya gets possessed by an Evil Spirit .",,2025-02-07,126,,GD Narasimmha,Ganesh Reddy Budupu,Gayatri Gupta,Vijayesh Jalem,India,Telugu,5.6,,2158,11,,,,,,https://www.imdb.com/title/tt35624453/,New Movies
Trainwreck: The Real Project X,Documentary,"A Dutch teen&apos;s accidental public Facebook party invite goes viral, inspired by Project X movie. Thousands RSVP. Officials ignore warnings. With no entertainment planned, arriving crowds in Haren turn to rioting.",tv mini series,2025-07-08,48,TV-MA,Alex Wood,Merthe Marije Weusthuis,Iloe Degen,Fenna Degen,United Kingdom|United States,English|Dutch,5.8,,3489,18,11,1.8K,,,,https://www.imdb.com/title/tt36856496/,New Movies
Bhabiji Ghar Par Hain: Fun on the Run,Comedy|Horror,"Two rival neighbors and their wives embark on a chaotic road trip, encountering two eccentric brothers who transform their journey into a hilarious adventure full of mishaps and unexpected twists.",,2026-02-06,135,,Shashank Bali,Aashif Sheikh,Rohitash Gaud,Shubhangi Atre Poorey,India,Hindi,7.5,,3187,10,3,,"$10,784",,,https://www.imdb.com/title/tt39045215/,New Movies
The Baltimorons,Comedy|Drama|Romance,A newly sober man&apos;s Christmas Eve dental emergency leads to an unexpected romance with his older dentist as they explore Baltimore together.,"wedding reception,christmas,car towed,newlywed couple,sobriety",2025-09-05,101,R,Jay Duplass,Michael Strassner,Liz Larsen,Olivia Luccardi,United States,English,6.9,75,4079,41,52,12.8K,"$833,587",,"$36,001",https://www.imdb.com/title/tt35520290/,New Movies
Stans,Documentary,Reveals a superfan&apos;s intensely personal connection to iconic rapper Eminem and that artist&apos;s profound influence. Explores fandom&apos;s power to forge identity and community.,music documentary,2025-08-26,102,TV-MA,Steven Leckart,Devon Sawa,Adam Sandler,LL Cool J,United States,English,6.8,,3003,53,15,6.0K,"$687,112",,,https://www.imdb.com/title/tt31313835/,New Movies
Under stjernerne på himlen,Biography|Drama|Music,"The undisputed king of Danish Eurovision, Tommy Seebach, is suddenly left out in the cold. Struggling to compose one last song he finds inspiration in his family, but is torn by ambition as the song offers him a final shot at grea...","alcoholic husband,family relationships,1990s,song contest,showbiz drama",2025-03-20,106,,Kasper Gaardsøe,Anders Matthesen,Neel Rønholt,Caspar Phillipson,Denmark,Danish|English,6.8,,1020,5,,,,,,https://www.imdb.com/title/tt30023796/,New Movies
Star Trek: Section 31,Action|Adventure|Drama,"In Star Trek: Section 31, Emperor Philippa Georgiou joins a secret division of Starfleet tasked with protecting the United Federation of Planets, and must face the sins of her past.","shared universe,spin off,space opera,space,galaxy",2025-01-24,95,PG-13,Olatunde Osunsanmi,Michelle Yeoh,Omari Hardwick,Sam Richardson,United States,English,3.8,37,18663,799,46,20.6K,,,,https://www.imdb.com/title/tt9603060/,New Movies
American Sweatshop,Drama|Mystery|Thriller,"A look at the toll of social media through the eyes of Daisy Moriarty, who while dealing with a chaotic personal life, finds herself sucked into the underbelly of the internet.","reflection in eye,psychological drama",2025-09-19,94,Not Rated,Uta Briesewitz,Lili Reinhart,Daniela Melchior,Jeremy Ang Jones,Germany|United States,English,5.3,58,2909,42,22,12.0K,,,,https://www.imdb.com/title/tt32387554/,New Movies
Raghu Dakat,Action,"A mystical tale of Bengal&apos;s defining era, where an unlikely hero transforms into a legendary figure through extraordinary deeds and becomes forever woven into the fabric of cultural memory.",,2025-09-25,152,,Dhrubo Banerjee,Dev,Anirban Bhattacharya,Sohini Sarkar,India,Bengali,5.7,,4539,74,,1.2K,,,,https://www.imdb.com/title/tt15891690/,New Movies
Reloaded 3,Action|Crime|Romance,"In a world of crime, a journalist investigates a deadly new drug of a ruthless cartel and becomes their target. Jimmy Cloud is tasked the same, leading to a dangerous clash of fates.",,2025-06-21,50,,George Tounas,George Tounas,Philippine De Castilla,Francisca Rivas,Greece|Germany|United States|United Kingdom|France,English,5.2,,1048,3,,,,"€350,000 (estimated)",,https://www.imdb.com/title/tt32549557/,New Movies
Raghu Dakat,Action,"A mystical tale of Bengal&apos;s defining era, where an unlikely hero transforms into a legendary figure through extraordinary deeds and becomes forever woven into the fabric of cultural memory.",,2025-09-25,152,,Dhrubo Banerjee,Dev,Anirban Bhattacharya,Sohini Sarkar,India,Bengali,5.7,,4539,74,,1.2K,,,,https://www.imdb.com/title/tt15891690/,New Movies
Reloaded 3,Action|Crime|Romance,"In a world of crime, a journalist investigates a deadly new drug of a ruthless cartel and becomes their target. Jimmy Cloud is tasked the same, leading to a dangerous clash of fates.",,2025-06-21,50,,George Tounas,George Tounas,Philippine De Castilla,Francisca Rivas,Greece|Germany|United States|United Kingdom|France,English,5.2,,1048,3,,,,"€350,000 (estimated)",,https://www.imdb.com/title/tt32549557/,New Movies
A Woman Scorned,Action,"A woman takes revenge on the men that murdered her sister in cold blood, hunting them down one by one in a bloody massacre.",revenge,2025-07-16,84,,Becca Hirani,Megan Purvis,Hannah Pauley,Aaron-Jon North,United Kingdom,English,4.8,,1060,25,2,,,,,https://www.imdb.com/title/tt32516287/,New Movies
The North,Adventure|Drama,"Two old friends are walking 600 kilometers through the Scottish highlands, to reconnect with each other, nature and parts of themselves they lost.","camping,hiking",2025-07-31,130,,Bart Schrijver,Bart Harder,Carles Pulido,Olly Bassi,Netherlands,English|Spanish|Dutch,6.9,,1136,30,8,2.2K,,"€75,000 (estimated)",,https://www.imdb.com/title/tt35331003/,New Movies
Thug Life,Action|Crime|Drama,"Gang leader Sakthivel adopts Amaran after saving him during a gang war. Years later, Sakthivel survives an assassination attempt and suspects Amaran&apos;s involvement, leading to a conflict of loyalty and revenge.",gangster crime,2025-07-03,165,,Mani Ratnam,Kamal Haasan,Silambarasan TR,Trisha Krishnan,India,Tamil|Telugu|Kannada|Malayalam|Hindi,4.2,,6753,150,14,2.5K,"$1,315,074",,,https://www.imdb.com/title/tt23398540/,New Movies
A House of Dynamite,Drama|Thriller,"When a single, unattributed missile is launched at the United States, a race begins to determine who is responsible and how to respond.","defcon 1,missile launch,reference to a nuclear weapon,white house,white house situation room",2025-10-24,112,R,Kathryn Bigelow,Idris Elba,Rebecca Ferguson,Gabriel Basso,United States,English,6.4,75,114512,2.5K,196,99.3K,"$13,567",,,https://www.imdb.com/title/tt32376165/,New Movies
Blue Moon,Biography|Comedy|Drama,Tells the story of Lorenz Hart&apos;s struggles with alcoholism and mental health as he tries to save face during the opening of &quot;Oklahoma!&quot;.,"gay,gay protagonist,gay interest,lorenz hart character,alcoholism",2025-10-24,100,R,Richard Linklater,Ethan Hawke,Bobby Cannavale,Andrew Scott,Ireland|United States,English|Hebrew,6.8,78,21508,172,172,69.9K,"$3,406,088",,"$65,593",https://www.imdb.com/title/tt32536315/,New Movies
The Bhootnii,Action|Comedy|Horror,"A ghost at St. Vincent&apos;s College manifests yearly at the Virgin Tree on Valentine&apos;s Day, turning a symbol of yearning into terror and compelling a para-physicist to investigate its sinister origins.",,2025-05-01,130,,Sidhaant Sachdev,Sanjay Dutt,Sunny Singh,Mouni Roy,India,Hindi,3.7,,11979,31,4,2.3K,"$73,543",,,https://www.imdb.com/title/tt27162102/,New Movies
Saipan,Biography|Drama|History,"On the eve of the 2002 FIFA World Cup, the Irish captain Roy Keane forfeits his place in the squad at the team&apos;s preparation base in Saipan, following a heated disagreement with the Irish manager Mick McCarthy.","docudrama drama,dark comedy,soccer sport,reference to saipan,reference to the 2002 fifa world cup",2026-03-13,91,,Lisa Barros D&apos;Sa,Éanna Hardwicke,Steve Coogan,Peter McDonald,Ireland|United Kingdom,English,6.7,68,1479,19,25,4.6K,"$1,332,284",,,https://www.imdb.com/title/tt33093531/,New Movies
Mass Jathara,Action,"After being transferred to a small town, an honest railway cop fights to bring down a smuggling network ruled by a powerful drug lord.",,2025-10-31,150,,Bhanu Bhogavarapu,Ravi Teja,Rajendra Prasad,Sreeleela,India,Telugu|Tamil|Kannada|Malayalam,4.6,,1165,22,2,,"$34,327",,,https://www.imdb.com/title/tt32135720/,New Movies
Maargan,Crime|Thriller,"Cop Dhruv from Mumbai police hunts a serial killer targeting young girls with a burning drug. While investigating their suspect, the police discover they&apos;re facing someone far more dangerous than expected.",,2025-06-27,132,,Leo John Paul,Vijay Antony,SeshvithaKanimozhi,Samuthirakani,India,Tamil|Telugu|Hindi|Malayalam|Kannada,6.8,,4110,50,,3.5K,"$42,931",,,https://www.imdb.com/title/tt33949346/,New Movies
Kapodistrias,Biography|Drama|History,"A historical drama about Ioannis Kapodistrias, Greece&apos;s first Governor, whose life of service, sacrifice, and devotion to freedom becomes a timeless symbol of moral strength and national duty.",,2025-12-25,140,,Yannis Smaragdis,Antonis Myriagos,Finbar Lynch,Nikorestis Chaniotakis,Greece,Greek|English,6.3,,2083,68,2,,,"€4,000,000 (estimated)",,https://www.imdb.com/title/tt38747537/,New Movies
Bad Man,Action|Comedy|Crime,"In Colt Lake Tennessee, Sam Evans tackles a meth epidemic. He is sidelined on arrival of Bobby Gaines an undercover agent. Despite Evans local ties, Gaines is hailed as hero. Suspicions arise on Gaines which unravels a complex nar...","bare chested male,drinking,howling wolf,march,2008",2025-09-15,98,,Michael Diliberti,Johnny Simmons,Seann William Scott,Lovi Poe,United States,English,4.8,,1614,18,10,4.2K,,,,https://www.imdb.com/title/tt30057173/,New Movies
Rebuilding,Drama,"After wildfires take his ranch, a cowboy named Dusty winds up in a FEMA camp. He finds community with others who lost homes, while reconnecting with his daughter and ex-wife.","domestic drama,cowboy,ranch,father daughter relationship,wildfire",2025-12-17,96,PG,Max Walker-Silverman,Josh O&apos;Connor,Lily LaTorre,Meghann Fahy,United States,English,6.8,77,1780,15,54,9.6K,"$389,659",,"$27,292",https://www.imdb.com/title/tt29361963/,New Movies
Do Not Enter,Horror,"A group of explorers investigate an old abandoned hotel, encountering a strange supernatural being and a competing group searching for a legendary hidden treasure.",supernatural horror,2026-03-20,91,R,Marc Klasfeld,Adeline Rudolph,Nicholas Hamilton,Jake Manley,United States,English,4.3,,1544,33,4,6.2K,,,,https://www.imdb.com/title/tt3515878/,New Movies
Vie privée,Crime|Drama|Mystery,"The renowned psychiatrist Lilian Steiner mounts a private investigation into the death of one of her patients, whom she is convinced has been murdered.","psychiatrist,male nudity,male frontal nudity,female rear nudity,female nudity",2026-01-16,107,R,Rebecca Zlotowski,Jodie Foster,Daniel Auteuil,Virginie Efira,France,French|English|German|Yiddish,6.1,67,3474,35,78,27.1K,"$8,609,994",,"$66,912",https://www.imdb.com/title/tt33852162/,New Movies
Other,Drama|Horror|Thriller,"Alice returns to her childhood home after her mother&apos;s death, only to find the house is rigged with surveillance tracking her every move, as a sinister presence lurks, driving her towards a terrifying revelation.","childhood home,male nudity,male rear nudity,female pedal pumping,audio flashback",2025-11-18,95,Not Rated,David Moreau,Olga Kurylenko,Jean Schatz,Lola Bonaventure,France|Belgium,English,5.1,,1556,24,27,3.9K,"$64,687",,,https://www.imdb.com/title/tt34207924/,New Movies
Dust Bunny,Action|Drama|Horror,An eight-year-old girl asks her scheming neighbor for help in killing the monster under her bed that she thinks ate her family.,"apartment,underground tunnel,monster,monster horror,rabbit",2025-12-12,106,R,Bryan Fuller,Mads Mikkelsen,Sophie Sloan,Sheila Atim,United States,English,6.5,73,12178,124,95,46.7K,"$988,290",,,https://www.imdb.com/title/tt23172090/,New Movies
La venue de l&apos;avenir,Comedy|Drama|Romance,Follows the lives of the cousins who inherit an old house in rural Normandy and retrace their steps of their ancestors in 19th century Paris.,"year 1895,paris france,nonlinear timeline,painting,cell phone",2025-05-22,124,,Cédric Klapisch,Suzanne Lindon,Abraham Wapler,Vincent Macaigne,France|Belgium,French,7.2,,3616,14,35,5.3K,"$8,983,019",,,https://www.imdb.com/title/tt31411349/,New Movies
F Valentines Day,Comedy|Drama|Romance,"Gina hates her Valentine&apos;s Day birthday and travels to Greece to prevent her boyfriend&apos;s proposal. With help from vacationers Johnny and his sister Mickey, she schemes to delay it - while questioning her relationship.",,2026-02-05,95,,Mark Gantt,Jake Cannavale,Marisa Tomei,Virginia Gardner,United States,English,5.4,,2699,28,8,3.3K,"$175,284",,,https://www.imdb.com/title/tt34622232/,New Movies
Vini Jr.,Documentary|Biography|Sport,"Vini Jr. has it all: talent, resilience and boldness. Follow his dancing, unpredictable feet on his inspiring journey to becoming a global soccer star.","soccer,soccer player,football,soccer sport,black man",2025-05-15,106,TV-MA,Emílio Domingos,Vinícius Júnior,,,Brazil,Portuguese,4,,29573,217,3,,,,,https://www.imdb.com/title/tt34682248/,New Movies
Xiang yang: Hua,Crime|Drama,"A mother risks prison to buy her daughter a cochlear implant. In jail, she meets four women who refuse to surrender to fate. Despite different personalities, they support each other through adversity and face challenges together.",prison drama,2025-04-04,124,,Xiaogang Feng,Liying Zhao,Xiya Lan,Ni Chuai,China,Chinese|Mandarin,8,,3971,46,3,1.4K,"$17,387",,,https://www.imdb.com/title/tt33014921/,New Movies
#Single,Romance,"A charming bachelor who, despite being adored by two women, is resolute in his decision to remain single.",,2025-05-09,129,,Caarthick Raju,Sree Vishnu,Ketika Sharma,Ivana,India,Telugu,6.2,,3117,10,,,"$235,507",,"$188,000",https://www.imdb.com/title/tt35694565/,New Movies
V/H/S/Halloween,Horror,"A collection of Halloween-themed videotapes unleashes a series of twisted, blood-soaked tales, turning trick-or-treat into a struggle for survival.","halloween,found footage,found footage horror,pov,splatter horror",2025-10-03,115,Not Rated,Bryan M. Ferguson,David Haydn,Anna McKelvie,Adam James Johnston,United States,English,5.7,67,9708,133,70,14.2K,,,,https://www.imdb.com/title/tt37676033/,New Movies
Haipaibeu,Action|Adventure|Comedy,"The five ordinary people, who developed their superpowers after receiving organ transplants from a previously superpowered being, fighting against another psychic, who also gained the power through transplant and covets their powers.",power,2025-05-30,119,,Kang Hyoung-chul,Lee Jae-in,Yoo Ah-in,Ahn Jae-hong,South Korea,Korean,6.5,,1569,9,21,4.9K,"$14,125,640",,"$44,388",https://www.imdb.com/title/tt14044924/,New Movies
Becoming Led Zeppelin,Documentary|Music,"The film traces the journeys of the four members of the Stairway To Heaven rockers through the music scene of the 1960s and their meeting in the summer of 1968, culminating in 1970.","recording an album,1960s,1950s,1970s,1940s",2025-02-14,122,PG-13,Bernard MacMahon,Led Zeppelin,Jimmy Page,John Paul Jones,United Kingdom|United States,English,7.5,64,8497,107,36,16.0K,"$14,673,369",,"$2,578,510",https://www.imdb.com/title/tt10365912/,New Movies
Bu feng zhui ying,Action|Crime|Drama,Macau Police brings the tracking expert police officer out of retirement to help catch a dangerous group of professional thieves.,"cyber thriller,gun fu action,team action,cop drama",2025-08-16,141,TV-MA,Larry Yang,Jackie Chan,Zifeng Zhang,Tony Ka Fai Leung,Hong Kong|China,Mandarin,7.1,,10038,112,28,40.1K,"$2,402,054",,,https://www.imdb.com/title/tt34610311/,New Movies
Culpa nuestra,Drama|Romance,"Nick and Noah&apos;s relationship peaks before facing events testing if they&apos;re meant to be together or should part ways. Can they overcome their past despite strong feelings, or are love and forgiveness not enough?","butt ass naked woman,nipple piercing,female topless nudity,nipple pierced,female nudity",2025-10-16,112,,Domingo González,Nicole Wallace,Gabriel Guevara,Marta Hazas,Spain,Spanish|English,5.3,,7833,53,14,15.4K,,,,https://www.imdb.com/title/tt33311244/,New Movies
Shiva Shambho,Fantasy|Horror|Thriller,"In tranquil village of Durgam Cheruvu, a family peaceful life disrupted when dark forces and old secrets resurface threatening their harmony. As sinister plans unfold the adopted daughter Shambhavis devotion to Lord Shiva becomes ...",,2025-04-25,113,,Renigunta Narsing,Tanikella Bharani,Doraveti Chennayya,Ch Venu Gopal,India,Telugu,8.3,,1557,,,,,,,https://www.imdb.com/title/tt36461708/,New Movies
Ari: My Name Is Nobody,Sci-Fi|Thriller,"A man puts up an advertisement on social media claiming &apos;any wish is fulfilled&apos; . Six people, each embodying Anger, Lust, Pride, Greed, Jealousy, and Attachment seek his help. Explores whether their desires will be realized.",first person title,2025-10-10,138,,Jayashankarr,Viva Harsha,Srinivasa Reddy,Vinod Varma,India,Telugu,8.6,,1026,,,,,"₹100,000,000 (estimated)",,https://www.imdb.com/title/tt27117828/,New Movies
The Diplomat,Drama|Thriller,"Follows an Indian diplomat who tries to repatriate an Indian girl from Pakistan, where she was presumably forced and deceived into marrying against her will.","diplomatic,political thriller,political drama,legal drama,two word title",2025-03-14,130,,Shivam Nair,John Abraham,Sadia Khateeb,Kumud Mishra,India,Hindi,7,,16678,145,13,10.3K,"$85,823",,,https://www.imdb.com/title/tt26229612/,New Movies
Cherasaala,Drama,The comedy is really gripping. Fresh faces introduced and everyone had their own screen presence. A new and fresh concept with fun and horror well established together.,,2025-04-11,127,,Ram Prakash Gunnam,Srijith KN,Yashvika Nishkala,Ram Prakash Gunnam,India,Telugu,8.4,,1075,,,,,,,https://www.imdb.com/title/tt36594277/,New Movies
Det andet offer,Drama,"A skilled neurologist&apos;s confidence is shaken when a routine case turns tragic, leading to blame and guilt rippling through the hospital, forcing her to confront her fallibility and the profound consequences of medical errors.",medical drama,2025-04-10,92,,Zinnini Elkington,Özlem Saglanmak,Trine Dyrholm,Mathilde Arcel F.,Denmark,Danish|Norwegian,7.5,,1655,11,31,1.7K,"$30,454",,,https://www.imdb.com/title/tt32210485/,New Movies
Spasmeni fleva,Crime|Drama|Thriller,"To keep his home out of a loan shark&apos;s clutches, a businessman sets a seemingly flawless plan in motion - and a sequence of events with unthinkable consequences.",,2025-11-27,127,,Yannis Economides,Vassilis Bisbikis,Maria Kehayioglou,Betty Arvaniti,Greece|Cyprus,Greek,7.6,,1507,11,,,,,,https://www.imdb.com/title/tt32919616/,New Movies
The Actor,Crime|Drama|Mystery,"When New York actor Paul Cole is beaten and left for dead in 1950s Ohio, he loses his memory and finds himself stranded in a mysterious small town where he struggles to get back home and reclaim what he&apos;s lost.","music record,two word title,love affair,male protagonist,knocked unconscious",2025-06-30,98,R,Duke Johnson,André Holland,Gemma Chan,May Calamawy,United States|Hungary,English,5.4,62,1079,7,14,7.4K,"$42,753",,"$20,941",https://www.imdb.com/title/tt14127944/,New Movies
Pengepungan di Bukit Duri,Action|Crime|Drama,"At a special school for troubled youths, a brave teacher tries to discipline violent students. The job becomes a fight for survival as the class turns into a deadly threat.","chronicle,student,school,class,21st century",2025-08-15,118,TV-MA,Joko Anwar,Morgan Oey,Omara N. Esteghlal,Hana Malasan,Indonesia|United States,Indonesian,6.5,,2623,28,11,2.6K,,,,https://www.imdb.com/title/tt33479839/,New Movies
Primate,Horror,"A group of friends&apos; tropical vacation turns into a terrifying, primal tale of horror and survival.","chimpanzee,survival horror,pool party,gore,animal horror",2026-01-09,92,R,Johannes Roberts,Johnny Sequoyah,Jess Alexander,Troy Kotsur,United States|United Kingdom|Canada|Australia,English|American Sign Language,5.8,58,23955,376,174,39.3K,"$41,562,111","$21,000,000 (estimated)","$11,155,908",https://www.imdb.com/title/tt33028778/,New Movies
Reminders of Him,Drama|Romance,"After prison, a woman attempts to reconnect with her young daughter but faces resistance from everyone except a bar owner with ties to her child. As they grow closer, she must confront her past mistakes to build a hopeful future.","contemporary romance,2020s movie,contemporary,male rear nudity,male nudity",2026-03-13,114,PG-13,Vanessa Caswill,Maika Monroe,Tyriq Withers,Zoe Kosovic,United States,English,6.4,49,4132,62,71,29.4K,"$72,848,044",,"$17,979,940",https://www.imdb.com/title/tt33714084/,New Movies
Mario,,"A rootless young man grappling with his past faces a pivotal moment where goals, memories, and relationships intersect. New encounters challenge his perspective, pushing him to examine his identity and future path.",,2025-12-19,140,,Kalyanji Gogana,Hebah Patel,Rakendu Mouli,Kalpika Ganesh,India,Telugu,8.6,,1052,,,,,,,https://www.imdb.com/title/tt39127591/,New Movies
Pikku Siperia,Comedy|Drama|Thriller,"A pastor&apos;s faith turns upside down when a meteorite lands in his small Finnish town, its impact stirring up chaos and criminal intentions.","pregnancy,infertile,small village,village,priest",2025-03-21,105,TV-MA,Dome Karukoski,Eero Ritala,Malla Malmivaara,Tommi Korpela,Finland,Finnish,5.2,,1871,15,11,1.0K,,,,https://www.imdb.com/title/tt31828346/,New Movies
After the Hunt,Crime|Drama|Thriller,A college professor finds herself at a personal and professional crossroads when a star pupil levels an accusation against one of her colleagues and a dark secret from her own past threatens to come to light.,"secret,yale university,philosophy professor,drinking,teacher student relationship",2025-10-17,138,R,Luca Guadagnino,Julia Roberts,Ayo Edebiri,Andrew Garfield,United States|Italy,English|German,5.7,52,22698,278,166,58.3K,"$9,438,040",,"$158,679",https://www.imdb.com/title/tt32159989/,New Movies
Gopi Galla Goa Trip (3GT),Adventure|Comedy|Drama,"Two Gopis from a remote village called Gopalapuram plan a trip to Goa in the hopes of landing some Gopikas. What they didn&apos;t expect was that Krishna would also join. This film is a rooted fairy tale, with an element of divine magi...",,2025-11-14,104,,Sasi Camp,Ajith Mohan,Raju Shivaratri,Raasta Sai,India,Telugu,9.6,,1996,,,,,,,https://www.imdb.com/title/tt36835726/,New Movies
Tehran,Action|Thriller,"After a 2012 Delhi bombing, officer RK&apos;s Tehran mission turns deadly when Iran targets him and India abandons him in his quest to expose the truth.",,2025-08-28,115,TV-MA,Arun Gopalan,John Abraham,Neeru Bajwa,Manushi Chhillar,India,Hindi|English|Persian,5.8,,29081,129,11,5.1K,,,,https://www.imdb.com/title/tt21818782/,New Movies
Maalik,Action|Crime|Drama,A gangster with political ambitions rises to power through the criminal underworld.,gangster crime,2025-07-11,149,Not Rated,Pulkit,Rajkummar Rao,Huma Qureshi,Saurabh Shukla,India,Hindi,5.8,,10789,40,14,4.8K,"$191,561",,,https://www.imdb.com/title/tt32832266/,New Movies
The Kerala Story 2 Goes Beyond,Drama,"Three young Indian women across different states choose love over tradition, only to become trapped. Their parallel lives show how romance and rebellion transform into control and silence, turning love into a weapon that destroys ...",,2026-02-27,131,,Kamakhya Narayan Singh,Ulka Gupta,Aishwarya Ojha,Aditi Bhatia,India,Hindi|Kannada|Telugu,5.2,,5430,197,3,2.1K,"$38,051",,,https://www.imdb.com/title/tt39310158/,New Movies
Kishkindhapuri,Horror|Mystery,"During a ghost tour, visitors enter an old radio station where they disturb a dormant spirit. Now trapped inside, they must find a way to escape as supernatural forces threaten their lives.",supernatural horror,2025-09-12,125,,Koushik Pegallapati,Sai Srinivas Bellamkonda,Anupama Parameswaran,Sandy Master,India,Telugu,6.9,,3916,24,2,3.1K,"$28,089",,,https://www.imdb.com/title/tt32175880/,New Movies
Praavinkoodu Shappu,Thriller,Follows a murder that happened inside the toddy shop and the hilarious events surrounding the investigation.,,2025-01-16,146,,Sreeraj Sreenivasan,Soubin Shahir,Basil Joseph,Chandini Sreedharan,India,Malayalam,6.6,,3455,18,3,1.7K,"$197,118",,,https://www.imdb.com/title/tt32539176/,New Movies
Escobank,Action,"Criminals desperate for cash follow Miami crime boss Avi Haddad to Colombia, seeking Escobar&apos;s buried fortune near Heirs Village. His lawyer Sandy Ross joins after a murder forces her hand, carrying secrets that could endanger the...",,2025-11-14,96,Not Rated,Orit Sher,Zohar Liba,Dana Frider,Antoni Corone,United States,Spanish|Hebrew|English,6.2,,1752,3,,,,"$1,600,000 (estimated)",,https://www.imdb.com/title/tt22202450/,New Movies
Jumbo,Animation|Adventure|Comedy,"Don, a chubby boy bullied as &quot;Jumbo&quot;, encounters Meri, a spirit seeking help to reunite with her troubled family&apos;s spirits. Their journey unfolds.","fairytale,bullying,magic,father son relationship,kids family",2025-12-25,102,TV-PG,Ryan Adriandhy,Prince Poetiray,Quinn Salman,Yusuf Ozkan,Indonesia,Indonesian|English|German,7.9,,3665,53,6,4.7K,"$545,554","IDR 22,000,000,000 (estimated)",,https://www.imdb.com/title/tt27433995/,New Movies
Zhen Er Yu Long,Drama,"Lawyer Li Qi, driven by greed, becomes embroiled in a fraud case against deaf individuals, abandoning his deaf family background in pursuit of fame and fortune.",,2025-10-04,120,,Li Wan,Jianci Tan,Xiya Lan,Binlong Pan,China,Chinese|Sign Languages,6.9,,1320,111,2,,"$6,427",,,https://www.imdb.com/title/tt36690044/,New Movies
Raktabeej 2,Thriller,An elite counter-terrorism unit races against time to stop mysterious leader Munir Alam from orchestrating chaos between India and Bangladesh. Their investigation leads them through dangerous territory from New Delhi to Bangkok.,,2025-09-25,151,,Shiboprosad Mukherjee,Ananya Banerjee,Victor Banerjee,Satyam Bhattacharya,India,Bengali,6,,1691,33,,,,,,https://www.imdb.com/title/tt36132462/,New Movies
Father Mother Sister Brother,Comedy|Drama,"Estranged siblings reunite after years apart, forced to confront unresolved tensions and reevaluate their strained relationships with their emotionally distant parents","aquarius the astrological sign,2020s,pink hair,character says &apos;bob&apos;s your uncle&apos;,anthology",2025-12-24,110,R,Jim Jarmusch,Tom Waits,Adam Driver,Mayim Bialik,United States|United Kingdom|Italy|France|Ireland|Germany,English|French|Italian,6.5,76,8719,47,111,32.9K,"$7,619,456",,"$44,251",https://www.imdb.com/title/tt31189315/,New Movies
The Investigation of Lucy Letby,Documentary|Crime,"Unseen footage and unheard insider accounts reveal the harrowing and divisive Case of Lucy Letby, the neonatal nurse convicted of fatally harming infants.","crime documentary,true crime,hospital,arrest,police",2026-02-04,92,TV-14,Dominic Sivyer,Lucy Letby,Danielle Stonier,Sarah,United Kingdom,English,5.5,,3232,96,8,1.8K,,,,https://www.imdb.com/title/tt39389929/,New Movies
Coyotes,Comedy|Drama|Thriller,"Trapped in their Hollywood Hills home, a family fights for survival when caught between a raging wildfire and a pack of savage coyotes.",,2025-10-03,91,R,Colin Minihan,Justin Long,Mila Harris,Brittany Allen,United States,English,4.8,,2460,45,69,8.1K,"$7,282",,,https://www.imdb.com/title/tt34581826/,New Movies
Shakthi Thirumagan,Action|Drama|Thriller,"A bold fighter of the people challenges a merciless titan, sparking a wave of justice, uprising, and vengeance.",,2025-09-19,158,,Arun Prabhu Purushothaman,Vinod Anand,Vijay Antony,Kannan Arunachalam,India,Tamil|Hindi|Telugu|Kannada|Malayalam,6.6,,1501,78,,,"$21,840",,,https://www.imdb.com/title/tt35624287/,New Movies
Vellapanti,Comedy|Crime|Romance,Vellapanti story revolves around four childhood friends who struggle to fulfill their ambitions but each time find themselves in a soup.,"childhood,friend",2025-05-30,139,,Amarpreet G.S. Chhabra,Siddharth Sagar,Ansh Bagri,Bhavin Bhanushali,India,Hindi,6.8,,2149,,,,,,,https://www.imdb.com/title/tt11204286/,New Movies
Alpha,Drama|Horror,"Alpha, a troubled 13-year-old lives with her single mom. Their world collapses the day she returns from school with a tattoo on her arm.","tattoo,character name as title,female protagonist,blood test,bus",2026-03-27,128,R,Julia Ducournau,Tahar Rahim,Golshifteh Farahani,Mélissa Boros,France|Belgium,French|English|Berber languages,5.9,56,3259,25,99,18.4K,"$990,215",,"$121,466",https://www.imdb.com/title/tt32275943/,New Movies
The Pickup,Action|Comedy,A routine cash pickup turns into a deadly pursuit when two mismatched armored truck drivers are ambushed by ruthless criminals with plans beyond the cash.,"armored truck,armored truck robbery,heist crime,buddy comedy,car chase",2025-08-06,94,R,Tim Story,Eddie Murphy,Pete Davidson,Keke Palmer,United States,English,5.5,38,17864,154,60,22.7K,,,,https://www.imdb.com/title/tt30445556/,New Movies
Nuestros Tiempos,Drama|Sci-Fi,"In 1966, physicists Nora and Héctor time travel to 2025. As Nora thrives, Héctor struggles, leaving her torn between love and a world that empowers women.","woman wears lingerie,reference to the internet,physicist,20th century,time travel",2025-06-11,90,TV-14,Chava Cartas,Lucero,Benny Ibarra,Renata Vaca,Mexico,Spanish,5.4,,3029,36,17,2.1K,,"MX$46,000,000 (estimated)",,https://www.imdb.com/title/tt35630700/,New Movies
HIT: The 3rd Case,Action|Crime|Thriller,The Homicide Intervention Team (HIT) sends ruthless police officer Arjun Sarkaar to find a group of killers and stop their grisly murder spree.,"investigation,one person army action,serial killer crime,cop drama,cult",2025-05-01,154,TV-MA,Sailesh Kolanu,Nani,Karthi,Adivi Sesh,India,,6.9,,13951,137,6,7.8K,"$1,420,344","₹600,000,000 (estimated)","$955,000",https://www.imdb.com/title/tt23804696/,New Movies
4 Girls,Action|Crime|Romance,"Disha Swapna Latest Bollywood Entertainment Movie in various languages in Telugu, Hindi, Kannada, Tamil, etc. Hero Ankur Heroine Shruthika is a soon to be released movie in five language",,2025-09-19,101,,Shiva,Shrutika Gaokkar,Akansha Verma,Ditipriya Roy,India,Hindi|Kannada|Tamil|Malayalam|Telugu,9.2,,1522,,,,,"₹30,000,000 (estimated)",,https://www.imdb.com/title/tt29436151/,New Movies
916 Kunjuttan,,"A man with a small frame but a massive presence leads a double life as a beloved villager and a sharp city tycoon. As love and secrets collide, he must prove that true worth comes from the mind, not the size.",,2025-05-23,116,,Aaryan Vijay,Binu Adimali,Sinoj Angamali,Idavela Babu,India,Malayalam,5.1,,5064,,,,,,,https://www.imdb.com/title/tt36329718/,New Movies
Balle perdue 3,Action|Crime|Drama,"In southern France, Lino is a getaway driver, ex-convict and burglar who builds cars for criminal purposes.","sequel,third part,number 3 in title,criminal,police",2025-05-07,111,TV-MA,Guillaume Pierret,Alban Lenoir,Nicolas Duvauchelle,Stéfi Celma,France,French,6.3,,3962,22,13,3.1K,,,,https://www.imdb.com/title/tt29768333/,New Movies
The Monster,Horror|Thriller,Follows two millennials who flip NY apartments they don&apos;t own to new buyers who don&apos;t know they are being scammed. The con works brilliantly until they run into an apartment owner with a dark secret who flips the game on them.,secret,2026-02-06,93,R,Darren Lynn Bousman,Djimon Hounsou,Lauren LaVera,Mia Healey,United States,English,4.5,,1199,27,16,3.6K,,,,https://www.imdb.com/title/tt14201728/,New Movies
Thanal,Action|Drama|Thriller,A painful situation that makes one person a hero and another one a villain.,,2025-09-12,126,Not Rated,Ravindra Madhava,Bhaarath,Bharani,Lakshmi Priyaa Chandramouli,India,Tamil,5.3,,2441,8,,,"$2,436",,,https://www.imdb.com/title/tt11923962/,New Movies
Jingle Bell Heist,Comedy|Crime|Romance,"At the height of the holiday season, two strangers team up to rob one of London&apos;s most famous department stores while accidentally falling in love.","dark comedy,romantic comedy,christmas time,christmas,heist crime",2025-11-26,96,TV-14,Michael Fimognari,Olivia Holt,Connor Swindells,Lucy Punch,United States|United Kingdom,English,5.8,58,14254,91,41,9.5K,,,,https://www.imdb.com/title/tt24852126/,New Movies
Loveyapa,Comedy|Drama,The madness after a couple exchanges their mobile phones and begins to unearth bitter truth about each other.,"couple,truth,romantic comedy",2025-02-07,137,,Advait Chandan,Khushi Kapoor,Junaid Khan,Ashutosh Rana,India,Hindi,5.2,,2300,37,14,,"$110,780",,,https://www.imdb.com/title/tt25504468/,New Movies
Metro... In Dino,Drama|Musical|Romance,"Follows stories of bittersweet relationships in a contemporary setting, exploring various aspects, hues, and moods of love.","love,mother daughter relationship,voice over narration,montage,marital separation",2025-07-04,162,,Anurag Basu,Anupam Kher,Neena Gupta,Saswata Chatterjee,India,Hindi,6.6,,22970,227,16,6.5K,"$621,166",,,https://www.imdb.com/title/tt24225606/,New Movies
Man Finds Tape,Horror|Mystery|Thriller,"After finding mysterious video clips, siblings investigate the strange recordings and uncover a disturbing secret spreading through their Texas town.","found footage horror,found footage",2025-12-05,84,,Paul Gandersman,John Gholson,Christine V. Hall,Nell Kessler,United States,English,5.2,70,1515,28,41,4.5K,"$11,139",,"$9,361",https://www.imdb.com/title/tt36591419/,New Movies
Jaws @ 50: The Definitive Inside Story,Documentary,"A tribute to Jaws (1975), the movie that sparked a lasting fascination with the ocean&apos;s most misunderstood predator.","great white shark,filmmaker,author,film outtake,archive footage",2025-07-11,88,TV-14,Laurent Bouzereau,Steven Spielberg,Janet Maslin,Cameron Crowe,United States,English,7.6,,2889,12,15,4.0K,,,,https://www.imdb.com/title/tt32743685/,New Movies
Sahasam,Drama,"Deep in Kerala&apos;s heartland, a simple man&apos;s decision to pursue an ancient secret sets off a chain of thrilling events that will test his limits and transform his world.",,2025-08-08,146,Not Rated,Bibin Krishna,Babu Antony,Vijay Bhargav,Sajin Cherukayil,India,Malayalam,5.4,,1365,6,,,"$29,071",,,https://www.imdb.com/title/tt35613198/,New Movies
Amélie et la métaphysique des tubes,Animation|Family,"Amélie, a Belgian child in Japan, explores life with her companion Nishio-san. Her third birthday becomes a turning point, marking the beginning of life-altering events that shape her understanding of the world.","french animation,2d animation,female protagonist,title directed by female,hand drawn animation",2025-11-07,77,PG,Liane-Cho Han Jin Kuang,Loïse Charpentier,Victoria Grosbois,Yumi Fujimori,France|Belgium,French|Japanese,7.6,82,4742,35,82,11.8K,"$2,336,991","€9,500,000 (estimated)","$3,794",https://www.imdb.com/title/tt29313285/,New Movies
Andhra King Taluka,Drama,"A heartfelt tribute to fan culture, the story follows Sagar, an ardent fan whose life, relationships, and identity revolve around his admiration for his cinematic idol, &apos;Andhra King&apos; Surya Kumar.",,2025-11-27,163,,Mahesh Babu P.,Ram Pothineni,Bhagyashri Borse,Upendra,India,Telugu|Hindi|Tamil|Kannada|Malayalam,6.5,,2527,33,4,,"$77,790",,,https://www.imdb.com/title/tt32553651/,New Movies
Deep Cover,Action|Comedy|Crime,Three improv actors are asked to go undercover by the police in London&apos;s criminal underworld.,"friendship,buddy comedy,undercover operation,london england,hitman",2025-06-12,100,R,Tom Kingsley,Bryce Dallas Howard,Orlando Bloom,Nick Mohammed,United Kingdom,English,6.7,67,44129,213,65,47.3K,,,,https://www.imdb.com/title/tt31121295/,New Movies
Jockey,Action|Adventure|Drama,"Rural action rooted in Madurai culture goat fighting tradition it blends fierce rivalries, raw emotions, trained animals, and authentic performances to capture the vibrant pulse of Tamil culture.",,2026-01-23,147,,Pragabhal,Yuvan Krishna,Ridhaan Krishnas,Ammu Abhirami,India,Tamil|Kannada|Malayalam|Hindi,8.7,,14604,20,,1.2K,,,,https://www.imdb.com/title/tt39122441/,New Movies
Ad Vitam,Action|Crime|Drama,"After escaping an attempted murder, Franck Lazareff must find his wife Leo, who has been kidnapped by a mysterious group of armed men. He is caught up by his past and plunged into a state affair that is beyond him.","manhunt,criminal,kidnapping,fight,secret",2025-01-10,98,TV-MA,Rodolphe Lauga,Guillaume Canet,Stéphane Caillard,Nassim Lyes,France|Belgium,French,5.9,40,11200,51,29,8.0K,,,,https://www.imdb.com/title/tt32138452/,New Movies
Bad Girl,Drama|Romance,"From her journey through high school and college, then out into the wider world, Ramya&apos;s dream of finding the perfect guy is obstructed by societal mores, strict parents, unrequited love and the untrammelled chaos of her own mind.",,2025-09-05,112,Not Rated,Varsha Bharath,Anjali Sivaraman,Shanti Priya,Hridhu Haroon,India,Tamil|Telugu|Hindi|Malayalam|Kannada,6.2,,1450,39,5,1.1K,"$2,898",,,https://www.imdb.com/title/tt35144943/,New Movies
De Xian Jin Zhi,Drama|War,"The craftsman Mo Dexian settled down in the peaceful Gezhi town with his family, but the sudden arrival of an uninvited guest plunged their once peaceful and harmonious home into crisis.",chinese drama,2025-12-06,121,,Sheng Kong,Zhan Xiao,Yuchang Peng,Yiran Zhou,China,Chinese|Mandarin,7.2,,3459,191,5,1.1K,"$48,957",,,https://www.imdb.com/title/tt33014233/,New Movies
War Machine,Action|Sci-Fi|Thriller,Follow the final recruits of a grueling special ops boot camp who encounter a mysterious deadly force.,"u.s. army rangers,team action,army rangers,loss of brother,american soldier",2026-03-06,106,R,Patrick Hughes,Alan Ritchson,Stephan James,Blake Richardson,United Kingdom|Australia|New Zealand|United States,English,6.3,54,78240,836,78,68.1K,"$56,984",,,https://www.imdb.com/title/tt15940132/,New Movies
Jeunes Mères,Drama,Five young mothers living in a shelter strive for a better future for themselves and kids amidst challenging upbringings.,"shelter,young mother,belgium,baby,teenage mother",2025-05-23,105,Not Rated,Jean-Pierre Dardenne,Babette Verbeek,Elsa Houben,Janaina Halloy,Belgium|France,French|English|Italian,7,80,1781,5,62,4.4K,"$1,346,748",,"$2,184",https://www.imdb.com/title/tt32909489/,New Movies
Kontinental &apos;25,Comedy|Drama,"In the capital of Transylvania, Cluj-Napoca, Orsolya serves as a bailiff. She has to evict a homeless guy from a cellar one day, which has disastrous results and sets off a moral problem that Orsolya must try to resolve.","public urination,urination,suicide,chairlift,singing",2026-04-03,109,,Radu Jude,Eszter Tompa,Gabriel Spahiu,Adonis Tanta,Romania|Switzerland|Luxembourg|Brazil|United Kingdom,Romanian|Hungarian|German|Latin|English,6.7,78,1987,18,59,4.0K,"$78,407",,"$5,441",https://www.imdb.com/title/tt35492581/,New Movies
Geomeun sunyeodeul,Horror|Mystery|Thriller,"A young boy Hee-Joon is possessed by an evil spirit. Nun Yunia tries to save him, assisted by Nun Mikaela. Priest Paul attempts medical treatment, while Priest Andrew performs an exorcism to rid Hee-Joon of the spirit.","nun female lead,exorcism,supernatural power,spirit possession,occult",2025-01-24,114,,Kwon Hyeok-jae,Song Hye-kyo,Jeon Yeo-been,Lee Jin-wook,South Korea,Korean,5.2,,2296,31,30,2.6K,"$12,140,335",,"$54,923",https://www.imdb.com/title/tt32491690/,New Movies
Kalender Pide,Comedy,"Kalender Pide is about the events that happen to two men who accidentally enter each other&apos;s lives. Kalender, together with Öcü, who unexpectedly enters his life, tries various ways to prevent the sale of his restaurant.",,2025-05-02,105,,Ömer Sinir,Tolga Çevik,Ibrahim Büyükak,Esra Rusan,Turkey,Turkish,5.1,,1570,5,,,,,,https://www.imdb.com/title/tt35825882/,New Movies
Fighter Shiva,Action|Thriller,"Village dreamer Shiva comes to Hyderabad to become a director.Rejected and desperate, he joins the drug mafia to fund his film. As he rises, violence consumes him. With cops chasing and gangsters betraying him, Shiva chooses to fi...",,2025-12-19,132,,Prabhas Nimmala,Kota Manikanth,Ayra Bansal,Kajal Tiwari,India,Telugu,9,,2051,,,,,,,https://www.imdb.com/title/tt39172356/,New Movies
10 Dance,Drama|Music|Romance,"Two expert dancers, Shinya Sugiki and Shinya Suzuki, aim to master each other&apos;s styles for a prestigious competition, but old rivalries and potential romance complicate their partnership.","gay interest,gay,yaoi,boys love,dance",2025-12-18,126,TV-MA,Keishi Otomo,Ryoma Takeuchi,Keita Machida,Shiori Doi,Japan,Japanese,7,,3659,63,22,2.9K,,,,https://www.imdb.com/title/tt34762360/,New Movies
Bring Her Back,Horror|Mystery,A brother and sister uncover a terrifying ritual at the secluded home of their new foster mother.,"foster care,loss of a parent,blind girl,loss of a child,gore",2025-05-30,104,R,Danny Philippou,Billy Barratt,Sally Hawkins,Mischa Heywood,Australia,English|Russian,7.1,75,120415,814,230,142K,"$39,410,222","$15,000,000 (estimated)","$7,194,666",https://www.imdb.com/title/tt32246771/,New Movies
Mission: Impossible - The Final Reckoning,Action|Adventure|Thriller,"Hunt and the IMF pursue a dangerous AI called the Entity that&apos;s infiltrated global intelligence. With governments and a figure from his past in pursuit, Hunt races to stop it from forever changing the world.","sequel,mission impossible,artificial intelligence,eighth part,based on tv show",2025-05-23,169,PG-13,Christopher McQuarrie,Tom Cruise,Hayley Atwell,Ving Rhames,United States|Norway,English|French|Russian|Inuktitut,7.1,67,224111,1.8K,325,222K,"$598,767,057","$400,000,000 (estimated)","$64,036,428",https://www.imdb.com/title/tt9603208/,New Movies
One Mile: Chapter Two,Action|Drama|Thriller,"A former special forces operative is forced back onto a remote island when a violent, secretive community takes revenge by abducting his daughter, launching a relentless hunt against enemies prepared for his every move.",,2026-02-20,80,R,Adam Davidson,Ryan Phillippe,Amélie Hoeferle,Sara Canning,United States,English,4.9,,1379,24,4,2.5K,,,,https://www.imdb.com/title/tt24326462/,New Movies
Mayasabha,Fantasy|Thriller,"In a Mumbai theater, a producer, his son, and two intruders clash during one night over hidden treasure. As they search for gold, deception grows, secrets emerge, and past wounds resurface.",,2026-01-30,99,,Rahi Anil Barve,Jaaved Jaaferi,Mohammad Samad,Veena Jamkar,India,Hindi,7,,2365,20,4,1.4K,,,,https://www.imdb.com/title/tt15671624/,New Movies
Rippan Swamy,Action,"Rippan Swamy is a rural thriller set in the fictional Malnad village of Snana Kopa. The story unfolds after the mysterious suicide of Rippan Swamy, leading to a trail of secrets, drama, and suspense.",,2025-08-29,150,,Kishor Moodbidri,Vijay Raghavendra,Ashwini Chandrashekar,Prakash Thuminad,India,,5.3,,1167,32,2,,,,,https://www.imdb.com/title/tt32085559/,New Movies
Turbulence,Action|Adventure|Drama,"A married couple embarks on a hot-air balloon adventure, but unforeseen circumstances lead to life-threatening situations that test their love and resilience as they fight for survival.","psychological thriller,bound and gagged,over the mouth gag,fight for survival,bartender",2025-11-27,91,R,Claudio Fäh,Hera Hilmar,Jeremy Irvine,Kelsey Grammer,United Kingdom|United States,English,4.8,,1673,37,11,2.1K,"$62,621",,,https://www.imdb.com/title/tt33009027/,New Movies
Ocean with David Attenborough,Documentary,"Attenborough explores the planet&apos;s undersea habitats, revealing the greatest age of ocean discovery and emphasizing the ocean&apos;s vital importance while exposing its problems and highlighting opportunities for marine life recovery.","oceans,habitat loss,marine life,ocean,fishing",2025-06-08,95,,Colin Butfield,David Attenborough,,,United Kingdom,English,8.4,93,5105,51,19,8.8K,"$4,247,419",,,https://www.imdb.com/title/tt33022710/,New Movies
Odum Kuthira Chadum Kuthira,Comedy|Romance,"When his fiancée&apos;s dream leads to an accident on his wedding day, Aby wakes up from a coma to find himself torn between the past and present.",romantic comedy,2025-08-29,153,Not Rated,Althaf Salim,Fahadh Faasil,Kalyani Priyadarshan,Revathi Pillai,India,Malayalam,5.2,,4028,44,2,,"$72,778",,,https://www.imdb.com/title/tt22001978/,New Movies
Always Smile,Crime|Drama|Thriller,Two homeless brothers find themselves at the heart of an unexpected and dangerous journey when they witness a crime that shakes the foundations of the city&apos;s corrupt underbelly. These resilient siblings discover the true meaning o...,"asian film,asian thriller,bond between brothers,new asian film,journey",2025-03-22,85,,Jason Park,Jason Park,Min Keon Kim,Christopher Deon,United States,English,6.6,,1282,7,,,,"$1,000,000 (estimated)",,https://www.imdb.com/title/tt27614892/,New Movies
Maadeva,Thriller,"A stoic villager named Maadeva falls for Parvathi, discovering emotions and human bonds. As he opens his heart to life and relationships, conflicts with rival families test his newfound understanding.",,2025-05-30,135,,Naveen Reddy B,Chaitra,Srinagar Kitty,Achyuth Kumar,India,Kannada,6.2,,2360,2,,,,"₹3,000,000 (estimated)",,https://www.imdb.com/title/tt28789314/,New Movies
Ghich Pich,Drama,"A coming-of-age story about middle-class Indian fathers and their relationships with their sons - entangled in rebellion, insecurities and bound by tradition. Set in &apos;90s Chandigarh.","friendship,father son relationship",2025-08-08,89,,Ankur Singla,Nitesh Pandey,Satyajit Sharma,Geeta Agrawal Sharma,India,Hindi|Punjabi,8.4,,2140,81,9,,,"$500,000 (estimated)",,https://www.imdb.com/title/tt36014845/,New Movies
Exterritorial,Action|Mystery|Thriller,"When a soldier&apos;s son vanishes at a US consulate, she illegally remains on the premises to search for him, unknowingly entangling herself in a dangerous conspiracy.","female protagonist,son,weapon,gun,consulate",2025-04-30,109,TV-MA,Christian Zübert,Jeanne Goursaud,Dougray Scott,Lera Abova,Germany,German|English,5.8,,18089,117,36,14.1K,,,,https://www.imdb.com/title/tt30876483/,New Movies
High Rollers,Thriller,"A master thief must pull off a dangerous casino heist when his nemesis kidnaps his lover. Caught between rival criminals and FBI pursuit, he risks all to save her and score big.",car action,2025-03-14,101,R,Randall Emmett,John Travolta,Gina Gershon,Lukas Haas,United States,English,3.9,,2095,33,15,2.6K,"$72,805",,,https://www.imdb.com/title/tt27829510/,New Movies
Single Salma,Comedy,"A woman who is based in Lucknow (A small town in India). She has worked all her life to support her family, however her identity is still single as she is unmarried and not settled.","identity,woman",2025-12-25,141,,Nachiket Samant,Huma Qureshi,Sunny Singh,Shreyas Talpade,India|United Kingdom,Hindi,4.7,,3043,38,4,,,,,https://www.imdb.com/title/tt27826850/,New Movies
Beast of War,Action|Biography|Drama,"A group of young soldiers, fresh out of boot camp, find themselves stranded on a raft in the middle of the ocean after their ship is sunk by the enemy and must battle for their lives against a giant hungry great white shark.","great white shark,world war two,1940s,monster horror,natural horror",2025-10-10,87,R,Kiah Roache-Turner,Mark Coles Smith,Joel Nankervis,Sam Delich,Australia,English,5.4,61,3757,53,34,6.0K,"$336,834",,,https://www.imdb.com/title/tt29468874/,New Movies
Ballerina,Action|Thriller,An assassin trained in the traditions of the Ruska Roma organization sets out to seek revenge after her father&apos;s death.,"assassin,woman tied up,secret society,teacher student relationship,female assassin",2025-06-06,124,R,Len Wiseman,Ana de Armas,Keanu Reeves,Ian McShane,United States|Hungary,English|Russian|Spanish|German,6.8,59,145651,831,226,183K,"$140,016,005","$90,000,000 (estimated)","$24,501,663",https://www.imdb.com/title/tt7181546/,New Movies
Mithde,Comedy,"Through four generations, a family battles with failed relationships and broken hearts. When the youngest meets an enigmatic mentor, they face a choice between embracing love or abandoning it forever.",,2025-03-14,126,,Amberdeep Singh,Samreet Bajwa,Gurpreet Bhangu,Sukhi Chahal,India,Punjabi,5.9,,1302,9,,1.4K,"$21,545",,,https://www.imdb.com/title/tt34930723/,New Movies
In die Sonne schauen,Drama|War,"A remote German farm harbors generations of secrets. Four women, separated by decades but united by trauma, uncover the truth behind its weathered walls.","penis,rural setting,female topless nudity,male nudity,male full frontal nudity",2026-01-16,155,Not Rated,Mascha Schilinski,Hanna Heckt,Lena Urzendowsky,Susanne Wuest,Germany,German,7.1,90,4439,38,90,21.7K,"$4,775,416",,"$11,910",https://www.imdb.com/title/tt28690468/,New Movies
Le jardinier,Action|Comedy,"Serge holds a state secret. He, his family and gardener Leo appear on a government death list. They attempt to devise a plan to stay alive.",,2025-01-10,110,PG-13,David Charhon,Jean-Claude Van Damme,Michaël Youn,Nawell Madani,France,French,4.2,,1840,26,12,1.8K,"$4,772","€10,000,000 (estimated)",,https://www.imdb.com/title/tt30973842/,New Movies
Paanch Minar,Comedy|Thriller,"After Chotu&apos;s surprise party for his Don father turns tragic, he inherits the crime empire and discovers uncle Murthy&apos;s betrayal. Meanwhile, Kittu, a cab driver pretending to be deaf, lands in peril after unknowingly helping twin ...",,2025-11-21,134,,Ramesh Kadumula,Nithin Prasanna,Raj Tarun,Rashi Singh,India,Telugu,8.7,,2310,5,,,,,,https://www.imdb.com/title/tt36188425/,New Movies
Shadow Force,Action|Drama|Thriller,"An estranged couple with a bounty on their heads must go on the run with their son to avoid their former employer, a unit of shadow ops that has been sent to kill them.","singing along to music on a car radio,husband wife relationship,singing in a car,reference to lionel richie,couple",2025-05-09,104,R,Joe Carnahan,Kerry Washington,Omar Sy,Jahleel Kamara,United States,English|French|Spanish|German,4.7,27,5513,57,48,11.5K,"$5,416,976","$40,000,000 (estimated)","$2,151,852",https://www.imdb.com/title/tt11092020/,New Movies
The Death of Snow White,Action|Fantasy|Horror,"Pursued by her stepmother for eternal beauty, Snow White flees into a terrifying forest and aligns with seven bloodthirsty dwarves - cold-blooded assassins with a knack for brutal killings. Her spirit is tested in this grim fairy ...","dark fantasy,b horror,female nudity,folk horror,female frontal nudity",2025-07-01,110,R,Jason Brooks,Sanae Loutsis,Chelsea Edmundson,Tristan Nokes,United States,English,4.2,,1507,31,14,1.7K,"$108,752","$1,200,000 (estimated)","$4,907",https://www.imdb.com/title/tt31022851/,New Movies
Bad Boa&apos;s,Action|Comedy|Crime,A dedicated special investigator is forced to team up with a reckless demoted ex-detective to hunt down a killer in this buddy cop comedy.,"buddy comedy,police,case,police officer,neighbor",2025-07-11,95,TV-MA,Gonzalo Fernandez Carmona,Jandino Asporaat,Werner Kolf,Florence Vos Weeda,Netherlands,Dutch,5,,3373,16,17,2.0K,,,,https://www.imdb.com/title/tt27675583/,New Movies
Soy Frankelda,Animation|Family|Fantasy,"Frankelda, a determined 19th-century Mexican writer, journeys into her subconscious to face the monsters she&apos;s written about. Guided by a tormented prince, she must restore the balance between fiction and reality before it&apos;s too l...","writer,dream,kingdom,monster,stop motion animation",,114,,Arturo Ambriz,Assira Abbate,Anahí Allué,Arturo Ambriz,Mexico,Spanish,7.3,,1106,14,14,1.4K,"$883,107",,,https://www.imdb.com/title/tt36639986/,New Movies
Ziam,Action|Horror|Sci-Fi,"In a world succumbing to hunger, a Muay Thai fighter fights off zombies to save his beloved.","zombie,zombie horror,muay thai",2025-07-09,95,TV-MA,Kulp Kaljareuk,Mark Prin Suparat,Nuttanicha Dungwattanawanich,Vayla Wanvayla Boonnithipaisit,Thailand,Thai,4.9,,4734,69,41,3.2K,,,,https://www.imdb.com/title/tt35669009/,New Movies
Chiranjeeva,,"A man suddenly sees everyone&apos;s future, sparking a wild and funny adventure full of mayhem, warmth, and unexpected turns.",,2025-11-07,111,,Abhinaya Krishna,Emanuel Jabardast,Kushita Kallapu,Balagam Sanjay Krishna,India,Telugu,4.9,,3162,155,,,,,,https://www.imdb.com/title/tt38589147/,New Movies
Hellfire,Action|Thriller,"A drifter, who arrives in a small town, finds residents in the grip of a ruthless boss and tries to free them.",,2026-02-17,95,R,Isaac Florentine,Stephen Lang,Scottie Thompson,Michael Sirow,United States,English,4.6,,1529,34,18,2.7K,,,,https://www.imdb.com/title/tt14507394/,New Movies
The Bluff,Action|Adventure|Drama,A Caribbean woman gets her secret past revealed when her island is invaded by vicious buccaneers.,"bare chested male,secret,woman,past,swashbuckler adventure",2026-02-25,103,R,Frank E. Flowers,Priyanka Chopra Jonas,Karl Urban,Safia Oakley-Green,United States,English,5.8,61,15226,213,54,25.4K,,,,https://www.imdb.com/title/tt14181714/,New Movies
Alarum,Action|Crime|Thriller,"Two rogue spies go off-grid, marry, and come under attack at their remote cabin hideaway by various intel agencies seeking a stolen hard drive.",spy thriller,2025-01-16,95,R,Michael Polish,Scott Eastwood,Sylvester Stallone,Willa Fitzgerald,United States,English,3.3,23,4712,86,26,6.6K,"$254,370","$20,000,000 (estimated)",,https://www.imdb.com/title/tt31456973/,New Movies
Paatashaala,,"Set against the nostalgic backdrop of the 80s and 90s, the comedy-drama Paatashaala beautifully captures the bond between students and teachers and the deep love for their village and forest in the Malnad region.",,2025-11-28,147,,Heddur Manjunath Shetty,Master Ayush,Samruddi Kumar,Balaji Manohar,India,Kannada,7.3,,1034,,,,,,,https://www.imdb.com/title/tt39013858/,New Movies
Louis Theroux: Inside the Manosphere,Documentary,"The acclaimed documentarian gains rare, unrestricted access to explore a rising ultra-masculine network and its polarizing influencers.","toxic masculinity,online community,young men as subject,influencers,online content",2026-03-11,91,TV-MA,Adrian Choa,Louis Theroux,Harrison Sullivan,Kacey May,United States,English,6.9,71,12688,106,10,10.6K,,,,https://www.imdb.com/title/tt39792948/,New Movies
Oka Pathakam Prakaaram,Drama|Thriller,"After losing everything and his wife&apos;s disappearance, Siddharth faces arrest. While investigating, he uncovers widespread societal crimes and vulnerabilities.",,2025-02-07,134,,Vinod Vijayan,Bhanushree,Pallavi Gowda,Kalpalatha,India,Telugu,7.4,,2090,,,,,,,https://www.imdb.com/title/tt27845205/,New Movies
I byeole pilyohan,Animation|Comedy|Drama,"When an astronaut leaves Earth for Mars, the vast infinite space divides star-crossed lovers.","korean animation,space sci fi,space,planet,mars",2025-05-30,96,PG,Han Ji-won,Kim Tae-ri,Hong Kyung,Sharon Kwon,South Korea,Korean,7,,5660,49,31,8.6K,,,,https://www.imdb.com/title/tt28664733/,New Movies
Locked,Thriller,A thief breaking into a luxury SUV realizes that he has slipped into a sophisticated game of psychological horror.,"car,thief,father daughter relationship,psychological horror,survival",2025-03-21,95,R,David Yarovesky,Bill Skarsgård,Anthony Hopkins,Ashley Cartwright,United States|Canada,English,5.7,45,25058,162,96,34.8K,"$4,647,059",,"$924,054",https://www.imdb.com/title/tt26671996/,New Movies
O&apos;Dessa,Drama|Music|Musical,"A farm girl in search to recover a cherished family heirloom. She travels to a strange and dangerous city where she meets her one true love. To save his soul, she must put the power of destiny to the ultimate test.","female protagonist,guitar,interracial couple,pop musical,power",2025-03-20,106,PG-13,Geremy Jasper,Sadie Sink,Kelvin Harrison Jr.,Murray Bartlett,Brazil|United States,English,5,41,4112,49,43,7.0K,,,,https://www.imdb.com/title/tt26304178/,New Movies
The Carpenter&apos;s Son,Horror,"Family hiding in Roman Egypt. Son known as &apos;the Boy&apos; doubts guardian &apos;the Carpenter&apos;, rebelling with mysterious powers. As he uses abilities, they face natural and divine horrors.","religious fantasy,crying baby,goat,praying,four years later",2025-11-14,94,R,Lotfy Nathan,Nicolas Cage,Noah Jupe,FKA twigs,United Kingdom|France|United States,English,4.5,40,6260,60,47,13.7K,"$146,356",,"$96,081",https://www.imdb.com/title/tt32304349/,New Movies
Kannagi Nagar,,"After losing parents in a tsunami, Kutty believes his sister Meena was killed. He murders five people in revenge. Finding her alive in Thailand, she rejects him, leading to his suicide.",,2025-12-05,107,,R Dheena,A Gautham,Sarika Pathi,A Muthu Raj,India,Tamil,9.8,,1070,,,,,,,https://www.imdb.com/title/tt39018917/,New Movies
Shambhala,Action,"When a meteor crashes into the highly superstitious village of Shambhala in the 1980s, strange supernatural events unfold, forcing an atheist scientist to face an ancient horror-one that science can&apos;t explain or escape.",,2025-12-25,143,,Ugandhar Muni,Swasika Vijay,Aadi,Archana Iyer,India,Telugu|Hindi,6.7,,5233,13,,,"$14,052",,,https://www.imdb.com/title/tt34159694/,New Movies
Madraskaaran,Drama,"A minor argument between two strangers escalates into a life-altering conflict, exploring how a seemingly insignificant event can drastically alter a person&apos;s perception and circumstances.",,2025-01-10,121,,Vaali Mohan Das,Rupinder Bhangu,Aishwarya Dutta,Gopi Gpr,India,Tamil,4.4,,1494,6,,,"$2,909",,,https://www.imdb.com/title/tt30985064/,New Movies
Honey Bunch,Comedy|Fantasy|Horror,"When Diana wakes from a coma with memory loss, she and her husband seek experimental treatments at a remote facility. As the procedures intensify, their marriage is put to the test and Diana begins to question her husband&apos;s true m...","trimmed pubic hair,public nudity,male full frontal nudity,male nudity,male frontal nudity",2026-02-13,113,,Dusty Mancinelli,Grace Glowicki,Ben Petrie,Jason Isaacs,Canada|Finland,English|French,5.8,71,1577,25,45,7.0K,,,,https://www.imdb.com/title/tt33270103/,New Movies
Premistunnaa,,"A boy struggles to express his love to a girl he loves deeply, but she fails to understand his mental state. The burning flame in a loving heart seeks solitude and comfort, making it difficult to express emotions through words.",,2025-11-07,178,,Bhanu,Viji Chandrashekhar,Preeti Neha,Subbu Panchu,India,Telugu,6.3,,2513,,,,,,,https://www.imdb.com/title/tt36812691/,New Movies
Padakkalam,Comedy,Four nerdy comic book enthusiasts find themselves in an unexpected adventure when their school&apos;s charming new professor turns their academic world upside down with supernatural events.,,2025-05-08,124,,Manu Swaraj,Suraj Venjaramoodu,Sharafudheen,Sandeep Pradeep,India,Malayalam,7.2,,7728,51,3,2.8K,"$354,997",,,https://www.imdb.com/title/tt32919734/,New Movies
Vaamana,Action,"Explores the emotions and lifestyles of ordinary people, with a compelling hero Guna pursuing vengeance against antagonists. His actions are driven by his past life, which influences his present and future.",past,2025-04-10,134,,Shankar Raman S.,Dhanveerrah,Reeshma Nanaiah,Sampath Raj,India,Kannada,3,,1239,2,,,,,,https://www.imdb.com/title/tt21810074/,New Movies
Oru Jaathi Jaathakam,Comedy,Revolves around the life of a young man in North Malabar.,"young,man",2025-01-31,125,,M. Mohanan,Vineeth Sreenivasan,Isha Talwar,Babu Antony,India,Malayalam,5.7,,1332,12,,,"$45,841",,,https://www.imdb.com/title/tt27525298/,New Movies
The Strangers: Chapter 3,Horror,"In the series&apos; most brutal chapter, Maya collides with the masked killers and finds the only way out of the nightmare...is in.","slasher horror,masked killer,slasher killer,sequel,number 3 in title",2026-02-06,91,R,Renny Harlin,Hannah Galway,Ema Horvath,Krystal Ellsworth,Spain|United States,English,4.1,19,4488,84,55,18.3K,"$9,747,847",,"$3,472,554",https://www.imdb.com/title/tt28682323/,New Movies
La viuda negra,Crime|Drama|Mystery,A murder mystery about a young widow who is the prime suspect in her husband&apos;s stabbing death.,"victim,true crime,criminal,2010s,case",2025-05-30,122,TV-MA,Carlos Sedes,Carmen Machi,Ivana Baquero,Tristán Ulloa,Spain,Spanish|Catalan,6.2,,8748,42,24,8.0K,,,,https://www.imdb.com/title/tt33474172/,New Movies
You&apos;re Cordially Invited,Comedy|Romance,"When two weddings are double-booked at the same venue, the father of one bride and the sister of the other bride try to preserve the wedding weekend.","father,f word,mother,alligator,wedding",2025-01-30,109,R,Nicholas Stoller,Will Ferrell,Reese Witherspoon,Geraldine Viswanathan,United States,English,5.5,51,30204,297,73,31.5K,,,,https://www.imdb.com/title/tt21227864/,New Movies
Fackham Hall,Comedy,"A new porter forms an odd bond with the youngest daughter of a well-known UK family. As the Davenport family, headed by Lord and Lady Davenport, deals with the epic disaster of the wedding of their eldest daughter to her caddish c...","erection,reference to penis size,brief male nudity,nonsexual male rear nudity,male nudity",2025-12-05,97,R,Jim O&apos;Hanlon,Thomasin McKenzie,Ben Radcliffe,Damian Lewis,United Kingdom|United States,English,6.4,54,11137,171,41,33.6K,"$4,701,319",,"$625,311",https://www.imdb.com/title/tt29008225/,New Movies
The RajaSaab,Action|Fantasy|Horror,"A young heir embraces both his royal heritage and rebellious spirit as he rises to power, establishing unprecedented rules during his reign as Raja Saab.","treasure,supernatural horror,epic fantasy,supernatural fantasy,one person army action",2026-01-09,190,,Maruthi Dasari,Prabhas,Sanjay Dutt,Nidhhi Agerwal,India,Telugu|Tamil|Hindi|Kannada|Malayalam,3.1,,11342,407,9,5.8K,"$1,016,035",,,https://www.imdb.com/title/tt23790696/,New Movies
Superman,Action|Adventure|Sci-Fi,"Superman must reconcile his alien Kryptonian heritage with his human upbringing as reporter Clark Kent. As the embodiment of truth, justice and the American way he soon finds himself in a world that views these as old-fashioned.","superhero,hero,dc universe,alien,comicbook movie",2025-07-11,129,PG-13,James Gunn,David Corenswet,Rachel Brosnahan,Nicholas Hoult,United States,English,7,68,401450,4.8K,388,268K,"$618,723,803","$225,000,000 (estimated)","$125,021,735",https://www.imdb.com/title/tt5950044/,New Movies
The Mastermind,Crime,"In 1970, failed architect James Blaine Mooney and cohorts wander into a museum in broad daylight and steal four paintings. When holding onto the art proves more difficult than stealing them, Mooney is relegated to a life on the run.","pantyhose,1970s,painting,man in a bathtub,heist gone wrong",2025-10-17,110,R,Kelly Reichardt,Josh O&apos;Connor,Sterling Thompson,Alana Haim,United States|United Kingdom,English|French,6.3,80,12195,146,111,39.1K,"$2,141,519",,"$104,101",https://www.imdb.com/title/tt33455099/,New Movies
Swiped,Biography|Drama|History,"Whitney Wolfe Herd rises from recent graduate to pioneering entrepreneur, overcoming sexism and industry resistance as she creates Bumble, a dating app that reimagines how people connect.","year 2014,hulu,docudrama drama,2010s,business",2025-09-19,110,TV-MA,Rachel Lee Goldenberg,Lily James,Ben Schnetzer,Dan Stevens,United States,English,6.5,42,8383,47,44,15.1K,,,,https://www.imdb.com/title/tt31909270/,New Movies
The Family McMullen,Comedy|Drama|Romance,"A close-knit family navigates life&apos;s ups and downs, confronting personal struggles and evolving bonds. As they face unexpected hurdles, their connections are tested, revealing the complexities of love, loyalty, and growth within a...","plumber,shaved chest,bare chested male,ass crack,crack",2025-10-15,110,R,Edward Burns,Halston Sage,Connie Britton,Edward Burns,United States,English,6,,1587,19,11,5.6K,,,,https://www.imdb.com/title/tt35495052/,New Movies
Heldin,Drama|Thriller,"Floria, a dedicated nurse, tirelessly serves in an understaffed hospital ward. However, today her shift becomes a tense and urgent race against the clock.","nurse,hospital,nurse patient relationship,f rated,triple f rated",2025-02-27,92,,Petra Biondina Volpe,Leonie Benesch,Sonja Riesen,Alireza Bayram,Switzerland|Germany,German|Turkish|French,7.7,69,9173,56,90,15.1K,"$4,021,923","CHF 3,700,000 (estimated)","$14,196",https://www.imdb.com/title/tt32204858/,New Movies
Godday Godday Chaa 2,Comedy,"In a lively Punjabi village, women seize control of traditional wedding ceremonies from men, sparking a playful battle of wits as both sides try to outmaneuver each other through increasingly elaborate schemes.",,2025-10-22,150,,Vijay Kumar Arora,Amrit Amby,Gurpreet Bhangu,Gitaj Bindrakhia,India,Punjabi,7.4,,2944,92,,,"$101,731",,,https://www.imdb.com/title/tt38504130/,New Movies
Pillion,Comedy|Drama|Romance,"A directionless man is swept off his feet when an enigmatic, impossibly handsome biker takes him on as his submissive.","gay,homosexuality,gay protagonist,gay sex,gay interest",2026-02-27,106,,Harry Lighton,Harry Melling,Alexander Skarsgård,Douglas Hodge,Ireland|United Kingdom,English,6.9,85,14100,127,124,53.2K,"$6,424,282",,"$241,769",https://www.imdb.com/title/tt32321317/,New Movies
See Saw,Crime|Drama|Thriller,"Inspector Mugilan investigates the disappearance of a prominent Coimbatore businessman, Aadhavan, and his wife Malavika after their servant is found murdered in their home.",,2025-01-03,145,,Guna Subramaniam,Natarajan Subramaniam,Nishanth Russo,Padine Kumar,India,Tamil,3.9,,1159,4,,,,"₹30,000,000 (estimated)",,https://www.imdb.com/title/tt35034152/,New Movies
Smurfs,Animation|Adventure|Comedy,"When Papa Smurf is taken by evil wizards Razamel and Gargamel, Smurfette leads the Smurfs on a mission to the real world to save him.","cgi animation,shrekcore,painted cgi,smurfette character,gargamel character",2025-07-18,89,PG,Chris Miller,Rihanna,James Corden,Nick Offerman,Italy|Belgium|United States,English,4.3,31,7199,142,72,20.3K,"$124,157,356","$58,000,000 (estimated)","$11,075,090",https://www.imdb.com/title/tt18069420/,New Movies
The Drama,Comedy|Drama|Romance,A happily engaged couple is put to the test when an unexpected turn sends their wedding week off the rails.,"romantic comedy,dark comedy",2026-04-03,105,,Kristoffer Borgli,Zendaya,Robert Pattinson,Alana Haim,United States,English,7.4,60,1636,15,60,75.0K,,,,https://www.imdb.com/title/tt33071426/,New Movies
The Bride!,Drama|Horror|Romance,"In 1930s Chicago, Frankenstein asks Dr. Euphronius to help create a companion. They give life to a murdered woman as the Bride, sparking romance, police interest, and radical social change.","1930s,mary shelley character,creature,scientist,reanimation",2026-03-06,126,R,Maggie Gyllenhaal,Jessie Buckley,Christian Bale,Annette Bening,France|United States,English,5.8,55,15806,347,202,106K,"$23,242,734","$80,000,000 (estimated)","$7,051,476",https://www.imdb.com/title/tt30851137/,New Movies
Baaghi 4,Action|Drama|Thriller,"After surviving an accident, a grief-stricken man descends into chaos as reality blurs. His loved ones question what&apos;s real while a hidden truth draws him into a web of obsession and enduring love.","blood,one person army action",2025-09-05,157,Not Rated,Harsha,Tiger Shroff,Sanjay Dutt,Harnaaz Sandhu,India,Hindi,2.5,,9339,160,16,7.2K,"$735,925",,,https://www.imdb.com/title/tt6203702/,New Movies
8 Vasanthalu,Drama,"After losing her army father, writer/martial artist Shuddhi grows up in Ooty with her mother. She channels grief through writing, then experiences love and heartbreak with Varun, leading to personal transformation.",,2025-06-20,135,,Phanindra Narsetti,Ananthika Sanilkumar,Ravi Theja Duggirala,Sanjana Hardageri,India,Telugu|Tamil|Malayalam|Kannada,6.9,,1530,52,2,2.3K,"$4,837",,,https://www.imdb.com/title/tt31316162/,New Movies
Mala influencia,Romance|Thriller,An orphan boy and a pampered rich-kid girl are trying to uncover secrets of the past to save their romance and their skin.,"bare chested male,male nudity,male rear nudity,erotic thriller,orphan",2025-05-09,106,TV-MA,Chloé Wallace,Alberto Olmo,Eléa Rochera,Enrique Arce,Spain,Spanish,4.2,,4926,36,17,7.8K,"$671,463",,,https://www.imdb.com/title/tt23558084/,New Movies
MST - Terra Prometida,Documentary,"Filmed across Brazil, the documentary features testimonials from former &quot;Sem Terra&quot; movement members, experts, farmers and local leaders.",,2025-05-22,92,,Elton Mesquita,Ronaldo Caiado,Caroline De Toni,Geraldo Melo,Brazil,Portuguese,8.6,,6111,17,,,,,,https://www.imdb.com/title/tt36934451/,New Movies
Murder at the Embassy,Action|Adventure|Mystery,"1934. A private detective, Miranda Green investigates a murder perpetrated in the British Embassy in Cairo, where a top secret document was stolen, risking to jeopardize both Buckingham Palace and the peace of the world.","secret,murder,peace,whodunnit mystery",2025-11-14,83,R,Stephen Shimek,Mischa Barton,Richard Dillane,Antonia Bernath,United Kingdom,English,5.1,,1309,20,6,2.2K,,,,https://www.imdb.com/title/tt22772712/,New Movies
Predator: Killer of Killers,Animation|Action|Adventure,Three of the fiercest warriors in human history become prey to the ultimate killer of killers.,"anthology,viking,samurai,adult animation,japan",2025-06-06,85,R,Dan Trachtenberg,Michael Biehn,Doug Cockle,Rick Gonzalez,United States,English,7.4,78,59413,387,121,48.4K,,,,https://www.imdb.com/title/tt36463894/,New Movies
Slanted,Comedy|Drama|Horror,"An insecure Chinese-American teenager undergoes experimental surgery to appear white, hoping to secure the prom queen title and peer acceptance.","body horror,racist,inferiority complex,racism,f rated",2026-03-13,104,R,Amy Wang,Shirley Chen,Mckenna Grace,Amelie Zilber,United States,English|Mandarin,6.1,55,1085,33,50,9.1K,"$906,216",,"$625,667",https://www.imdb.com/title/tt32490110/,New Movies
Sirât,Action|Adventure|Drama,"A father, accompanied by his son, goes looking for his missing daughter in North Africa.","desert,rave party,techno music,morocco,father searches for missing daughter",,114,R,Oliver Laxe,Sergi López,Bruno Núñez Arjona,Stefania Gadda,Spain|France,Spanish|French|English|Arabic,7,84,28531,154,181,64.0K,"$13,016,854",,"$34,057",https://www.imdb.com/title/tt32298285/,New Movies
Bramhanda,,"A folk artist&apos;s murder in Telangana village sparks a series of mysterious deaths. As villagers hear anklet bells and lapwing cries before each death, they blame a goddess&apos;s wrath. But a darker truth lurks behind these supernatural...",,2025-08-29,133,,Rambabu,Bunny Raaju,Kanika Wadhwa,Aamani,India,Telugu,8.8,,2025,,,,,,,https://www.imdb.com/title/tt35498472/,New Movies
Raju Gaani Savaal,Action|Drama,"In the heart of old Hyderabad, Raju balances family responsibilities with his repair shop. The annual Ganesh festival becomes a turning point as neighborhood tensions escalate.","festival,annual festival",2025-08-08,113,,Ravinder Lelijala,Ravinder Lelijala,Rittika Chakraborty,Sandya Rathod,India,Telugu,9.2,,1089,3,,,,,,https://www.imdb.com/title/tt37561269/,New Movies
Bison: Kaalamaadan,Action|Biography|Drama,A young man fights to overcome violence plaguing his village and succeed as a professional kabaddi player.,coming of age drama,2025-11-21,150,TV-MA,Mari Selvaraj,Dhruv Vikram,Anupama Parameswaran,Anurag Arora,India,Tamil|Hindi|Telugu|Kannada|Malayalam,7.7,,7478,99,3,3.9K,"$215,953",,,https://www.imdb.com/title/tt15097358/,New Movies
The Super Mario Galaxy Movie,Animation|Adventure|Comedy,"Mario ventures into space, exploring cosmic worlds and tackling galactic challenges far from the familiar Mushroom Kingdom.","3d,cgi animation,second part,kids family,based on video game",2026-04-01,98,PG,Aaron Horvath,Glen Powell,Anya Taylor-Joy,Chris Pratt,Japan|United States,English,6.6,35,6864,158,98,60.2K,"$34,502,313",,,https://www.imdb.com/title/tt28650488/,New Movies
The Naked Gun,Action|Comedy|Crime,"Following in his father&apos;s footsteps, a detective works to solve a murder case and save his police department from closure.","sequel,fourth part,legacy sequel,requel,4th installment",2025-08-01,85,PG-13,Akiva Schaffer,Liam Neeson,Pamela Anderson,Paul Walter Hauser,United States|Canada,English,6.3,75,122683,966,241,125K,"$102,147,396","$42,000,000 (estimated)","$16,805,560",https://www.imdb.com/title/tt3402138/,New Movies
Splitsville,Comedy,"When Ashley asks for a divorce, the good-natured Carey runs to his friends, Julie and Paul, for support. Their secret to happiness is an open marriage; that is, until Carey crosses the line and throws all of their relationships in...","male full frontal nudity,male nudity,male pubic hair,male rear nudity,open marriage",2025-09-05,104,R,Michael Angelo Covino,Dakota Johnson,Adria Arjona,Kyle Marvin,United States,English,6.4,73,15151,66,81,43.8K,"$3,487,610",,"$108,315",https://www.imdb.com/title/tt33247023/,New Movies
Dong Ji Dao,Action|Drama|Thriller,"In 1942, Japanese ship Lisbon Maru with British POWs was torpedoed. Dongji fishermen saved 300+ British soldiers and protected 3 during Japanese searches.",,2025-08-22,133,Not Rated,Zhenxiang Fei,Yilong Zhu,Lei Wu,Ni Ni,China,Chinese|Mandarin|English|Japanese,6.2,,1319,38,19,1.6K,"$476,409","$80,000,000 (estimated)","$70,151",https://www.imdb.com/title/tt32634271/,New Movies
Raa Raja,Horror,,,2025-03-07,90,,B. Shivaprasad,Mounika,Sugi Vijay,,India,Telugu,6.6,,1036,,,,,,,https://www.imdb.com/title/tt32624117/,New Movies
Truth &amp; Treason,Drama|History|Thriller,"When loyalty to country becomes loyalty to a lie, one teen risks everything to expose the truth. With the Gestapo closing in, he must decide what it really means to be a good German.","teenage boy,bare chested male,male friendship,mormon,hitler youth",2025-10-17,121,PG-13,Matt Whitaker,Ewan Horrocks,Rupert Evans,Ferdinand McKay,Lithuania|United States,English,7.1,,3130,52,21,14.6K,"$6,091,213",,"$2,627,740",https://www.imdb.com/title/tt21825416/,New Movies
Vitória,Crime|Drama,"Based on a true story, the movie tells the story of an 80-year-old woman who single-handedly dismantled a drug trafficking scheme in Copacabana.","docudrama drama,drug trafficking,older female protagonist,rio de janeiro brazil,older protagonist",2025-03-13,112,,Andrucha Waddington,Fernanda Montenegro,Alan Rocha,Linn da Quebrada,Brazil,Portuguese,7.5,,2714,8,4,2.5K,"$2,895,265",,,https://www.imdb.com/title/tt26675379/,New Movies
Sankrathiki Vasthunam,Action|Comedy,An ex-cop&apos;s attempt to rescue a key figure becomes a hilarious juggling act between his wife and former lover.,slapstick comedy,2025-01-14,160,,Anil Ravipudi,Meenaakshi Chaudhary,Venkatesh Daggubati,Aishwarya Rajesh,India,Telugu,6.1,,4128,34,3,9.7K,"$651,053",,,https://www.imdb.com/title/tt31226981/,New Movies
L&apos;amour c&apos;est surcoté,Comedy|Romance,"Shy and clumsy Anis seems too afraid to commit to a relationship, that is until he meets Madeleine.",,2025-04-23,98,,Mourad Winter,Hakim Jemili,Laura Felpin,Benjamin Tranié,France,French,6.6,,1032,2,2,,"$3,880,898",,,https://www.imdb.com/title/tt35420252/,New Movies
Springsteen: Deliver Me from Nowhere,Biography|Drama|Music,"Bruce Springsteen&apos;s journey crafting his 1982 album Nebraska, which emerged as he recorded Born in the USA with the E Street Band. Based on Warren Zanes&apos; book.","new jersey,1980s,recording studio,abusive father,manager",2025-10-24,119,PG-13,Scott Cooper,Jeremy Allen White,Jeremy Strong,Paul Walter Hauser,United States,English,6.6,59,25174,303,163,51.4K,"$45,240,624","$55,000,000 (estimated)","$8,887,255",https://www.imdb.com/title/tt31923069/,New Movies
Den of Thieves: Pantera,Action|Crime|Drama,"Big Nick is back on the hunt in Europe and closing in on Donnie, who is embroiled in the treacherous world of diamond thieves and the infamous Panther mafia, as they plot a massive heist of the world&apos;s largest diamond exchange.","diamond heist,undercover cop,diamond thieves,sequel,antwerp international airport",2025-01-10,144,R,Christian Gudegast,Gerard Butler,O&apos;Shea Jackson Jr.,Evin Ahmad,United States|Canada|Spain,English|French|Serbian|Sardinian,6.3,60,43451,250,107,53.4K,"$58,371,508","$40,000,000 (estimated)","$15,022,909",https://www.imdb.com/title/tt8008948/,New Movies
Bigfoot: Blood on the Farm,Horror,"Two sisters, alone on their rural farm, face an unimaginable terror. &quot; Bigfoot .&quot; With the farm isolated and no one else around to help, the sisters must quickly shift from surviving farm life to surviving the fight of their lives.",,2025-01-07,62,,Ashley Hays Wright,Kyle Crary,Cadence Wright,David Owen Wright,United States,English,5,,1946,30,,,,"$250,000 (estimated)",,https://www.imdb.com/title/tt36673871/,New Movies
Sunday Best,Documentary|Biography|History,Ed Sullivan broke barriers by booking Black artists on his Sunday night variety show. This documentary spotlights the TV pioneer&apos;s legacy of equality.,"racial equality,civil rights,ed sullivan,independent film",2025-07-07,90,TV-14,Sacha Jenkins,Ed Sullivan,Smokey Robinson,Berry Gordy,United States,English,7.8,83,1265,23,13,1.8K,,,,https://www.imdb.com/title/tt7264336/,New Movies
Rona,Drama|Thriller,"At a revived village festival after a massacre, Shivu weaponizes faith and ritual to expose killers who masked themselves in devotion, turning the celebration into a showdown of justice.",festival,2025-11-07,126,,Satish Kumar,Sangeetha Anil,Hitesh Abhishek Arya,Avinash,India,Kannada,7.2,,1040,,,,,,,https://www.imdb.com/title/tt38707440/,New Movies
Wildcat,Action|Thriller,Follows an ex-black ops team that reunites to pull off a desperate heist and save the life of an eight-year-old girl.,villainess,2025-11-25,99,R,James Nunn,Kate Beckinsale,Lewis Tan,Rasmus Hardiker,United Kingdom,English,3.9,,1913,31,19,4.7K,"$82,028",,,https://www.imdb.com/title/tt36153493/,New Movies
Cold Storage,Comedy|Horror|Sci-Fi,"When a highly dangerous fungus escapes from a secret laboratory, a former bioterrorism agent is called back into action. Alongside two young employees, he must confront an invisible and out-of-control threat.","fungus infection,storage facility,fungus,military,splatter horror",2026-02-13,99,R,Jonny Campbell,Rob Collins,Sosie Bacon,Liam Neeson,United States|France|United Kingdom|Italy|Morocco,English,6.1,64,14098,143,104,45.8K,"$3,919,590",,"$936,170",https://www.imdb.com/title/tt8879928/,New Movies
iHostage,Crime|Drama|Thriller,"When a gunman enters an Apple Store in the heart of Amsterdam, the police face a delicate challenge to resolve the standoff. Based on true events.","hostage,situation,criminal,gripping,secret",2025-04-18,100,TV-MA,Bobby Boermans,Soufiane Moussouli,Admir Sehovic,Emmanuel Ohene Boafo,Netherlands|Belgium,Dutch|English,5.7,,13270,111,13,7.6K,,,,https://www.imdb.com/title/tt31181421/,New Movies
How to Train Your Dragon,Action|Adventure|Comedy,"As an ancient threat endangers both Vikings and dragons alike on the isle of Berk, the friendship between Hiccup, an inventive Viking, and Toothless, a Night Fury dragon, becomes the key to both species forging a new future together.","dragon,viking,interspecies friendship,warrior,island",2025-06-13,125,PG,Dean DeBlois,Mason Thames,Nico Parker,Gerard Butler,United States|United Kingdom|Ireland|Iceland|Canada,English,7.7,61,130195,1K,200,182K,"$636,596,299","$150,000,000 (estimated)","$84,633,315",https://www.imdb.com/title/tt26743210/,New Movies
Stromberg: Wieder alles wie immer,Comedy,&quot;Stromberg - der neue Film&quot; is a comedy feature film. It&apos;s a spin-off from Stromberg (2004) and Stromberg - Der Film (2014).,,2025-12-04,100,,Arne Feldhusen,Christoph Maria Herbst,Bjarne Mädel,Oliver Wnuk,Germany,German,5.6,,1752,15,14,1.0K,"$9,651,864",,,https://www.imdb.com/title/tt34991535/,New Movies
Sal-in-ja Ri-po-teu,Drama|Horror|Thriller,"The story of a serial killer, Yeong Hoon, who murdered 11 people, offering a special interview with Seon Joo, a veteran reporter who is desperate for a scoop.","psychological drama,psychological thriller",2025-09-05,107,,Young-Jun Cho,Jung Sung-il,Cho Yeo-jeong,Hwang Ji-ah,South Korea,Korean,6.5,,1325,18,6,2.2K,"$2,719,447",,,https://www.imdb.com/title/tt37718411/,New Movies
Send Help,Adventure|Horror|Thriller,"When an employee and her insufferable boss become stranded on a deserted island, the only survivors of a plane crash, they must overcome past grievances and work together to make it out alive.","island,airplane crash,male nudity,male rear nudity,killing an animal",2026-01-30,113,R,Sam Raimi,Rachel McAdams,Dylan O&apos;Brien,Edyll Ismail,United States|Canada|United Kingdom|Australia|Thailand,English,6.9,75,59012,566,214,161K,"$94,016,191","$40,000,000 (estimated)","$19,102,299",https://www.imdb.com/title/tt8036976/,New Movies
Picture This,Comedy|Romance,"Struggling photographer Pia receives a prediction: true love awaits in her next five dates. With her sister&apos;s wedding looming and her family playing matchmaker, her ex re-appears, throwing her love life into chaos.","indian,wedding,yoga,british asian,reference to pisces the astrological sign",2025-03-06,101,,Prarthana Mohan,Simone Ashley,Hero Fiennes Tiffin,Sindhu Vee,United Kingdom,English,5.3,55,6384,70,25,9.0K,,,,https://www.imdb.com/title/tt29471733/,New Movies
Eternity,Comedy|Drama|Fantasy,"In an afterlife where souls have one week to decide where to spend eternity, Joan is faced with the impossible choice between the man she spent her life with and her first love, who died young and has waited decades for her to arr...","former husband meets current husband,feel good romance,afterlife,male rear nudity,husband wife relationship",2025-11-26,114,PG-13,David Freyne,Miles Teller,Elizabeth Olsen,Callum Turner,United States|Canada,English,6.9,58,52790,282,133,98.5K,"$35,858,277","$12,000,000 (estimated)","$3,175,809",https://www.imdb.com/title/tt24950660/,New Movies
Iki Dünya Bir Dilek,Drama|Romance,"A world-renowned archaeologist and a pragmatic lawyer reconnect years after their childhood bond, when their innocent friendship turned into something unbreakable.",,2025-11-25,118,,Ketche,Hande Erçel,Metin Akdülger,Serkan Tinmaz,Turkey,Turkish,6.1,,4231,58,6,1.8K,"$368,187",,,https://www.imdb.com/title/tt36499994/,New Movies
Carjackers,Action|Crime|Thriller,"Nora is a valet driver; with Zoé, Steve and Prestance, her colleagues and friends, she has set up the Carjackers team. By day, they serve wealthy clients in palaces, but when they&apos;re not working, they rob those whose evil deeds th...","female pedal pumping,car action,portmanteau in title,fight,action heroine",2025-03-27,97,,Kamel Guemra,Zoé Marchal,Franck Gastambide,Bosh,France,French,5,,1588,17,5,1.1K,,,,https://www.imdb.com/title/tt35683795/,New Movies
Baramulla,Crime|Horror|Mystery,A police officer investigating missing children cases discovers disturbing truths while supernatural occurrences threaten his family and Baramulla&apos;s tranquility.,"fundamentalist,terrorism,supernatural power,disappearance,one word title",2025-11-07,136,TV-MA,Aditya Suhas Jambhale,Manav Kaul,Bhasha Sumbli,Arista Mehta,India,Hindi,7,,11813,354,22,6.6K,,,,https://www.imdb.com/title/tt29247040/,New Movies
Taylor Swift: The Official Release Party of a Showgirl,Music,"Taylor Swift gives a look at her creative process during the production of her twelfth album, The Life of a Showgirl, revealing moments in the studio and her artistic vision.","pop music,lyrics,music video,taylor swift,dancers",2025-10-03,89,,Taylor Swift,Taylor Swift,Fletcher Alliston,Colin Anderson,United States,English,6.8,47,1285,16,9,1.1K,"$50,062,774","$15,000,000 (estimated)","$34,062,774",https://www.imdb.com/title/tt38367304/,New Movies
Revolver Rita,Action|Comedy|Crime,Rita&apos;s peaceful Pondicherry existence shatters when her family gets caught in gang violence. She must use her wits and bravery to protect them from dangerous criminals.,"gun fu action,team action,dark comedy,female pedal pumping",2025-11-28,143,,JK Chandru,Keerthy Suresh,Radhika Sarathkumar,Super Subbarayan,India,Tamil|Telugu|Kannada|Malayalam,5.7,,1270,13,,,"$8,057",,,https://www.imdb.com/title/tt26319590/,New Movies
Itt érzem magam otthon,Thriller,"Trapped by a delusional family convinced she&apos;s their lost daughter, a woman plays along with their dangerous fantasy while desperately seeking escape.","psychological thriller,dark comedy,psychological drama",2026-02-19,124,,Gábor Holtai,Rozi Lovas,Áron Molnár,Tibor Szervét,Hungary,Hungarian,8.1,,2146,24,5,1.6K,"$1,850,431",,,https://www.imdb.com/title/tt35303515/,New Movies
Kidnapped: Elizabeth Smart,Documentary|Crime,Elizabeth Smart recounts her kidnapping at age 14 from her Utah home through personal testimony and exclusive footage.,"police sketch,utah,year 2002,2000s,interview",2026-01-21,91,TV-MA,Benedict Sanderson,Elizabeth Smart,Mary Katherine Smart,Ed Smart,United States,English,6.7,,5022,29,15,3.7K,,,,https://www.imdb.com/title/tt39140662/,New Movies
The Wrong Paris,Comedy|Drama|Romance,"A woman joins a dating show for an art opportunity, thinking that it&apos;s in Paris, France, but it&apos;s actually in Paris, Texas. She tries to get eliminated until falling for the bachelor complicates her plans.","paris france,bar,bare midriff,cowboy hat,texas",2025-09-12,105,TV-14,Janeen Damian,Miranda Cosgrove,Pierson Fode,Madison Pettis,United States,English,6.1,,13863,108,29,12.2K,,,,https://www.imdb.com/title/tt33039440/,New Movies
Bhalare Sitram,,"A mute man named Krishna pursues his dream of becoming a film director, overcoming obstacles to transform his silent vision into reality.",,2025-08-08,116,,Lakshma Reddy Tumma,Panddu Chelimi,Divya Dicholkar,Vinjarapu Krishna,India,Telugu,8.3,,1058,,,,,,,https://www.imdb.com/title/tt37768271/,New Movies
Downton Abbey: The Grand Finale,Drama,"When Mary finds herself in a public scandal and the family faces financial trouble, the household grapples with the threat of social disgrace. The Crawleys must embrace change with the next generation leading Downton Abbey into th...","class differences,year 1930,gay,gay character,gay interest",2025-09-12,123,PG,Simon Curtis,Marilyn Cutts,Dominic West,Lorna Nickson Brown,United Kingdom|United States,English,7.3,66,16956,188,95,33.8K,"$107,929,546",,"$18,107,405",https://www.imdb.com/title/tt31888477/,New Movies
Blackmail,Crime|Thriller,"Trapped in escalating blackmail, Mani faces mounting danger as crime, passion, and greed intertwine, exposing hidden truths and changing allegiances throughout his ordeal.",,2025-08-01,121,,Mu. Maran,Teju Ashwini,Shaji Chen,Girija Hari,India,Tamil,5.8,,1756,5,,,,,,https://www.imdb.com/title/tt36435352/,New Movies
Banger,Comedy|Music,"When an intelligence agent offers a washed-up DJ the opportunity to take down his young rival, he sees it as a chance to return to the top with a banger.","disc jockey,bare chested male,baldness,male frontal nudity,pubic hair",2025-04-02,90,,So-Me,Vincent Cassel,Laura Felpin,Alexandre Kalouguine,France,French,4.9,,1376,7,13,,,,,https://www.imdb.com/title/tt35434840/,New Movies
Emergency,Biography|Drama|History,"1975. A chronicle of the incidents that took place under the leadership of Mrs. Indira Gandhi, one of the most powerful women in Indian history.","india,based on real people,docudrama drama,period drama,1970s",2025-01-17,146,,Kangana Ranaut,Zeba Hussain,Matthew McKarcher,Anupam Kher,India,Hindi,5.2,,11957,161,11,2.0K,"$147,371",,,https://www.imdb.com/title/tt21279420/,New Movies
Wake Up Dead Man,Comedy|Crime|Drama,Detective Benoit Blanc teams up with an earnest young priest to investigate a perfectly impossible crime at a small-town church with a dark history.,"religion,murder mystery,benoit blanc character,detective,third film in a series",2025-12-12,144,PG-13,Rian Johnson,Daniel Craig,Josh O&apos;Connor,Glenn Close,United States,English,7.3,80,227156,866,203,185K,"$1,600,000","$40,000,000 (estimated)","$600,000",https://www.imdb.com/title/tt14364480/,New Movies
Jigris,,Jigris is an upcoming 2025 film that revolves around four friends embarking on an unexpected road trip in a rusty Maruti 800.,,2025-11-14,150,,Harish Reddy Uppula,Muralidhar Goud,Krishna Burugula,Ram Nitin,India,Telugu,8.7,,2542,10,,,,,,https://www.imdb.com/title/tt37495011/,New Movies
Baida,Adventure|Sci-Fi|Thriller,"A former spy gets entrapped into the dark world of a man who has defied the cycle of time and death, bearing sinister abilities.","time travel sci fi,supernatural drama,supernatural thriller",2025-03-21,109,,Puneet Sharma,Kahanikaar Sudhanshu Rai,Saurabh Raj Jain,Hiten Tejwani,India,Hindi,4.6,,11045,56,,1.1K,,,,https://www.imdb.com/title/tt35217961/,New Movies
Day of Reckoning,Action|Drama|Western,"A struggling sheriff teams up with a tough U.S. Marshal to detain a cunning female outlaw. As tensions rise within their posse, they must face an approaching gang led by the prisoner&apos;s violent husband.",contemporary western,2025-03-28,106,R,Shaun Silva,Zach Roerig,Billy Zane,Cara Jade Myers,United States,English,4.5,,1149,12,12,2.2K,,,,https://www.imdb.com/title/tt35317668/,New Movies
A Very Jonas Christmas Movie,Comedy|Drama|Musical,"Three famous brothers race against time and face mounting challenges during a chaotic journey from London to New York, desperate to make it home in time for Christmas with their loved ones.","holiday comedy,singing,hairy chest,brother brother relationship,female underwear",2025-11-14,80,TV-PG,Jessica Yu,Kevin Jonas,Joe Jonas,Chloe Bennet,United States,English,5.7,,4846,58,9,3.8K,,,,https://www.imdb.com/title/tt35600079/,New Movies
Die drei ??? und der Karpatenhund,Adventure|Crime|Mystery,"Gallery owner Mr Prentice asks Jupiter, Bob and Peter for help because his apartment seems to be haunted. When the valuable Carpathian dog sculpture is stolen, the young detective trio suspect everyone in the neighborhood.",whodunit,2025-01-23,106,,Tim Dünschede,Julius Weckauf,Nevio Wendt,Levi Brandl,Germany,German,6.2,,1151,6,16,,"$12,880,508",,,https://www.imdb.com/title/tt31412707/,New Movies
Unpaarvayil,Thriller,"When tragedy strikes twice,Bhavya refuses to remain a victim.Visually impaired,she is drawn into a perilous hunt for truth behind the mysterious deaths of her husband and twin sister-uncovering a dark world where nothing is as it ...","bandage over eyes,blind woman",2025-12-19,117,,Kabir Lal,Parvati Nair,Ganesh Venkatraman,Mahendran,India,Tamil,6.2,,3047,534,,,,,,https://www.imdb.com/title/tt15176374/,New Movies
Night of the Reaper,Horror,College student Deena visits home and is roped into babysitting. The local sheriff is mailed a piece of evidence and is led on a scavenger hunt to reveal the killer of another babysitter.,"slasher horror,scavenger hunt,college student,bound and gagged,babysitter in peril",2025-09-19,93,Not Rated,Brandon Christensen,Jessica Clement,Ryan Robbins,Summer H. Howell,United States,English,5.8,,5535,70,45,7.3K,"$514,666","$750,000 (estimated)",,https://www.imdb.com/title/tt34379050/,New Movies
Tapassi,Drama,"Film that carries a very powerful message for this generation youngsters concerning social reforms against Smoking, Drinking, Drugs and unethical living, thus bringing them to Light. This is a female oriented subject emerged",,2025-07-03,126,,Spencer Matthew,V. Ravichandran,Ammayra Goswami,Anusha Kini,India,Kannada,8,,1506,,,,,"₹50,000,000 (estimated)",,https://www.imdb.com/title/tt37457001/,New Movies
Retro,Action|Crime|Drama,"Raised by a criminal father, Paari leaves behind his adoptive family to build a quiet life with his love, Rukmini. But his violent past won&apos;t let him go.","one word title,orphan,slavery,1990s,love",2025-05-01,168,,Karthik Subbaraj,Suriya,Pooja Hegde,Shriya Saran,India,Tamil|Telugu|Malayalam|Kannada,6.4,,16735,159,8,6.5K,"$698,847","₹650,000,000 (estimated)",,https://www.imdb.com/title/tt31945132/,New Movies
Metruk Adam,Drama,"After years behind bars, a tormented man tries to rebuild his life, but an unexpected bond unveils a shocking truth that could change his life forever.","life,store,shop,soul,burden",2025-08-22,91,TV-MA,Çagri Vila Lostuvali,Mert Ramazan Demir,Ada Erma,Rahimcan Kapkap,Turkey,Turkish,5.8,,3895,147,9,1.8K,,,,https://www.imdb.com/title/tt34691776/,New Movies
Batman Azteca: Choque de Imperios,Animation|Action|Adventure,"A young Aztec boy experiences tragedy when his father is murdered by Spanish Conquistadors. Yohualli escapes to Tenochtitlan to warn King Moctezuma and his high priest, Yoka, of imminent danger.","batman character,based on comic book,based on comic,latin america,superhero",2025-09-18,89,R,Juan Jose Meza-Leon,Luis Bermudez,Omar Chaparro,Raymond Cruz,Mexico|United States,Spanish|English|Nahuatl,5.4,,2132,41,10,2.3K,"$663,244",,,https://www.imdb.com/title/tt21110654/,New Movies
Hallow Road,Drama|Horror|Thriller,Two parents enter a race against time when they receive a distressing late-night phone call from their daughter after she caused a tragic car accident.,"psychological thriller,woods,unhappy ending,car,daughter",2025-05-16,80,,Babak Anvari,Rosamund Pike,Matthew Rhys,Megan McDonnell,Ireland|United Kingdom|Czech Republic,English,6,69,10748,119,49,26.9K,"$264,792",,,https://www.imdb.com/title/tt19403516/,New Movies
Pennum Porattum,Drama,"When a woman and her dog face public hostility, a village&apos;s hidden tensions erupt. A stark examination of mob mentality, social judgment, and how communities can turn cruel when seeking to punish perceived wrongs.",,2026-02-13,120,,Rajesh Madhavan,Subash Chandran,Rajesh Madhavan,Raina Radhakrishnan,India,Malayalam|Tamil|Telugu|Kannada|Hindi,6.1,,2257,10,,,"$15,134",,,https://www.imdb.com/title/tt34383084/,New Movies
Votemos,Comedy|Drama,"In a downtown Madrid building, an ordinary meeting of neighbors to vote on the change of elevator escalates to a full-blown conflict after the unexpected announcement that a new tenant with mental-health issues will rent an apartm...",,2025-06-12,88,,Santiago Requejo,Raúl Fernández de Pablo,Clara Lago,Tito Valverde,Spain,,6.4,,1106,2,7,,"$373,308",,,https://www.imdb.com/title/tt34383359/,New Movies
Oye Bhootni Ke,Comedy|Horror,"Rivalry between Broker and the Owner of Haunted Hermitage in outskirt of city traps, fun loving fake Ghost Exorcist Trio to put their life on stake against Ghost mob Inside and Goon Horde outside the Hermitage.",love,2025-04-25,149,,Ajay Kailash Yadav,Mimoh Chakraborty,Nikita Sharma,Aditya Kumar,India,Hindi,4.1,,1783,2,,,,"₹35,000,000 (estimated)",,https://www.imdb.com/title/tt22093684/,New Movies
Fateh,Action|Crime|Thriller,"An Ex-Special Ops officer is asked to find a young woman. In order to locate her, he must employ all of his abilities while simultaneously attempting to learn the truth about the threats made against her.","woman,young,one person army action,epic action,gun fu action",2025-01-10,127,,Sirajuddin,Sonu Sood,Jacqueline Fernandez,Vijay Raaz,India,Hindi,6.1,,20446,123,7,6.0K,"$101,332","₹250,000,000 (estimated)",,https://www.imdb.com/title/tt27679608/,New Movies
Iron Lung,Horror|Sci-Fi,"In a post-apocalyptic future after &quot;The Quiet Rapture&quot; event, a convict explores a blood ocean on a desolate moon using a submarine called the &quot;Iron Lung&quot; to search for missing stars/planets.","post apocalypse,based on video game,space sci fi,psychological horror,body horror",2026-01-30,125,R,Mark Fischbach,Mark Fischbach,Caroline Kaplan,Troy Baker,United States,English,6.5,54,19261,982,54,48.7K,"$49,926,366","$3,000,000 (estimated)","$17,800,000",https://www.imdb.com/title/tt27564844/,New Movies
"It&apos;s Never Over, Jeff Buckley",Documentary|Biography|Music,"Never-before-seen footage, exclusive voice messages, and accounts from Jeff Buckley&apos;s inner circle paint a captivating portrait of the gifted musician who died tragically in 1997, having only released one album.","1990s,musician,singer songwriter,music documentary,new york city",2026-01-08,106,Not Rated,Amy Berg,Jeff Buckley,Mary Guibert,Ben Harper,United States,English,7.7,72,2533,31,32,11.3K,"$1,872,557",,"$421,164",https://www.imdb.com/title/tt34966650/,New Movies
Jeonjijeok dokja sijeom,Action|Adventure|Drama,"Dokja&apos;s favorite novel comes ominously true; using his intricate knowledge of the impending apocalyptic story, the office worker changes destiny.","apocalypse,web novel,friendship,based on web novel,omniscient",2025-08-01,116,Not Rated,Byung-woo Kim,Ahn Hyo-seop,Chae Soo-bin,Kim Jisoo,South Korea,Korean,5.9,,12190,1.8K,26,7.1K,"$9,187,679",,,https://www.imdb.com/title/tt30254719/,New Movies
Be Happy,Drama|Music,The journey of a single father and his talented daughter who aspire to perform on the country&apos;s biggest dance reality show.,"father,coming of age drama,showbiz drama",2025-03-14,128,,Remo D&apos;Souza,Abhishek Bachchan,Nora Fatehi,Prabhu Deva,India,Hindi,6.4,,1695,54,10,1.3K,,,,https://www.imdb.com/title/tt6649234/,New Movies
Kora,,"Kora, separated from his enslaved tribe, unknowingly works for their captor Katora at a tea estate. Meeting Ganga, they discover Katora&apos;s dark secrets and battle to free Kora&apos;s people.",,2025-04-18,144,,Orata Shree,Charishma,M.K. Math,P. Murthy,India,Kannada,6.1,,1047,,,,,,,https://www.imdb.com/title/tt34942659/,New Movies
Thandel,Action|Adventure|Romance,An action drama about a fisherman in Srikakulam who gets caught by the Pakistan forces in international waters.,sea adventure,2025-02-07,152,,Chandoo Mondeti,Naga Chaitanya Akkineni,Sai Pallavi,Shiva Alapati,India,Telugu,6.5,,4822,28,4,3.0K,"$229,885",,,https://www.imdb.com/title/tt27907811/,New Movies
Bhagwat Chapter One: Raakshas,Crime|Thriller,"Inspector Bhagwat gets transferred to a small town in UP, where he takes up the case of a missing girl. Meanwhile, Sameer is in love with Meera and plans to elope. How do their lives intersect?",,2025-10-17,127,,Akshay Shere,Arshad Warsi,Jitendra Kumar,Ayesha Kaduskar,India,Hindi,6.9,,10240,47,10,2.6K,,,,https://www.imdb.com/title/tt38525492/,New Movies
Popeye&apos;s Revenge,Horror,The legend of Popeye haunts a group of councilors as they intend to open a summer camp.,"slasher horror,b horror,burned face,reference to popeye the sailor,female frontal nudity",2025-02-13,79,,William Stead,Emily Mogilner,Connor Powles,Danielle Ronald,United Kingdom,,3.1,,2440,47,19,2.1K,,,,https://www.imdb.com/title/tt33362807/,New Movies
Dan Da Dan: Evil Eye,Animation|Action|Sci-Fi,"Momo and Okarun set out on their latest adventure, traveling to a hot springs town home rented by Jiji, Momo&apos;s childhood friend and former crush, with the goal to solve the mystery surrounding his family.","adult animation,anime animation,adult anime,monster horror,earthworm",2025-06-06,93,R,Abel Gongora,Shion Wakayama,Natsuki Hanae,Mayumi Tanaka,Japan,Japanese,7.8,,2166,9,5,3.3K,"$6,902,843",,"$3,198,481",https://www.imdb.com/title/tt36440312/,New Movies
Jack,Action|Comedy|Crime,An unconventional anti-terrorist operative must defy his bosses in order to foil a devastating attack on his nation in this action thriller.,"martial arts action,spy action,spy thriller",2025-05-08,133,,Bommarillu Baskar,Brahmaji,Vaishnavi Chaitanya,Bindu Chandramouli,India,Telugu|Hindi|Tamil|Kannada|Malayalam,4.7,,1639,31,,,"$41,738",,,https://www.imdb.com/title/tt28622758/,New Movies
Into the Deep,Action|Horror|Thriller,Pirates on the hunt for sunken drugs kidnap a boat of tourists and force them to dive into shark infested waters to retrieve the contraband.,"shark,nature horror,shark attack,great white shark,female protagonist",2025-01-24,90,R,Christian Sesma,Callum McGowan,Scout Taylor-Compton,Jon Seda,United States,English,3.5,,2077,52,28,3.5K,"$87,338","$3,000,000 (estimated)",,https://www.imdb.com/title/tt28637027/,New Movies
Trouble Man,Action|Comedy,"Jaxen, a former cop turned Atlanta PI, is hired to find missing R&amp;B star Jahari. His investigation uncovers her disappearance is connected to a larger conspiracy, forcing him to question those around him and his own past.","villainess,two word title,phone message,weightlifting,man wears a hoodie",2025-08-01,93,,Michael Jai White,Michael Jai White,Method Man,Noah Fleder,United States,English,4.6,,1009,30,12,4.1K,"$26,849",,,https://www.imdb.com/title/tt30459064/,New Movies
The Last Rodeo,Drama,"To save his grandson, a retired rodeo star enters a high-stakes bull-riding competition. Along the way, he confronts his past, discovers faith, and proves that true courage lies in family.","bull rider,father daughter relationship,rodeo,grandfather grandson relationship,brain cancer",2025-05-23,116,PG,Jon Avnet,Neal McDonough,Mykelti Williamson,Sarah Jones,United States,English,6.3,61,3629,215,31,11.5K,"$15,202,565","$8,500,000 (estimated)","$5,426,885",https://www.imdb.com/title/tt30908405/,New Movies
October 8,Documentary,"The emergence of anti-Semitism on college campuses, in social media and on the streets since October 7, 2023, when Hamas attacked Israel.","7 october 2023 hamas attack on israel,jewish,interview,college campus,anti semitism",2025-04-11,100,,Wendy Sachs,Irit Lahav,Shai Davidai,Noa Tishby,United States,English,4.4,,17927,13,10,3.2K,"$1,399,115",,"$234,481",https://www.imdb.com/title/tt31190632/,New Movies
Affeksjonsverdi,Drama,"An intimate exploration of family, memories, and the reconciliatory power of art.","female protagonist,sister sister relationship,father daughter relationship,film director,snow",2025-08-20,133,R,Joachim Trier,Renate Reinsve,Stellan Skarsgård,Inga Ibsdotter Lilleaas,Norway|Germany|Denmark|France|Sweden|United Kingdom|Turkey,Norwegian|English|French|Danish,7.7,86,69283,300,220,175K,"$23,322,080","$7,800,000 (estimated)","$200,031",https://www.imdb.com/title/tt27714581/,New Movies
Ed Kemper,Biography|Crime|Drama,"Based on actual events of American serial killer Edmund Kemper, who murdered his grandparents at age 15 and, after being paroled for that crime, killed eight women in 1972 and 1973 including his own mother.","psychological,killer,serial,docudrama,female nudity",2025-04-08,92,,Chad Ferrin,Brandon Kirk,Susan Priver,Katie Silverman,United States,English,5,,1060,41,19,1.8K,,,,https://www.imdb.com/title/tt31725949/,New Movies
L2: Empuraan,Action|Crime|Thriller,"The journey of Stephen Nedumpally, a man leading a double life as Khureshi Ab&apos;raam, an enigmatic leader of a powerful global crime syndicate.","journey,devil,illuminati,lucifer,epic action",2025-03-27,179,TV-MA,Prithviraj Sukumaran,Mohanlal,Prithviraj Sukumaran,Rick Yune,India,Malayalam|Tamil|Telugu|Kannada,6.1,,14010,338,10,4.2K,"$9,283,660",,,https://www.imdb.com/title/tt10505918/,New Movies
Desingu Raja 2,,"College buddies become a police chief, inspector, and criminal. Their reunion years later sparks chaos as friendship collides with duty, mixing action and comedy with colorful characters.",,2025-07-11,131,,Ezhil,Jana Nathan,Chaams,Sumathi G.,India,Tamil,2.9,,1105,2,,,,,,https://www.imdb.com/title/tt32765932/,New Movies
Prime Minister,Documentary,"Chronicling Jacinda Ardern&apos;s tenure as New Zealand PM, navigating crises while redefining global leadership through her empathetic yet resolute approach.","prime minister,politics,female prime minister,new zealand,politician",2025-09-30,101,,Lindsay Utz,Christiane Amanpour,Jacinda Ardern,Stephen Colbert,United States|New Zealand,English,6.8,69,2121,23,30,3.2K,"$919,098",,,https://www.imdb.com/title/tt34965625/,New Movies
Dracula: A Love Tale,Fantasy|Horror|Romance,"When a 15th-century prince denounces God after the loss of his wife he inherits an eternal curse: he becomes Dracula. Condemned to wander the centuries, he defies fate and death, guided by a single hope - to be reunited with his l...","vampire,vampire horror,gargoyle,dracula,blood",2026-02-06,129,R,Luc Besson,Caleb Landry Jones,Christoph Waltz,Zoë Bleu,France,English,6.2,44,33529,578,143,94.5K,"$42,330,815",,"$4,400,264",https://www.imdb.com/title/tt31434030/,New Movies
Brahma Anandam,Drama,"A struggling actor seeks funding for his ambitious theater production. When approaching his estranged grandfather for help, he must complete an unexpected challenge to secure the money.",,2025-02-14,140,,RVS Nikhil,Brahmanandam,Vennela Kishore,Sampath Raj,India,Telugu,7.9,,1315,4,,,,,,https://www.imdb.com/title/tt32324361/,New Movies
Blood Brothers: Bara Naga,Action|Crime|Drama,A group of close-knit men working in an &apos;elite security&apos; organization providing protection for powerful men and organized crime leaders is tested when betrayal lurks within the brotherhood.,"vehicle,ak 47,weapon,group,smoke",2025-04-10,129,,Abhilash Chandra,Sharnaaz Ahmad,Syafiq Kyle,Shukri Yahaya,Malaysia,Malay,6.9,,1657,29,10,5.7K,"$1,735","MYR 7,000,000 (estimated)",,https://www.imdb.com/title/tt32369229/,New Movies
Eleven,Crime|Mystery|Thriller,"A brave and skilled officer with a strong record of solving tough cases is assigned to a new, more challenging serial killing investigation.",,2025-05-16,135,,Lokkesh Ajls,Naveen Chandra,Abhirami,Aadukalam Naren,India,Telugu|Tamil,7.4,,12167,105,,5.2K,"$6,860",,,https://www.imdb.com/title/tt28679253/,New Movies
Masthishka Maranam (A Frankenbiting of Simon&apos;s Memories),Comedy|Sci-Fi|Thriller,Centred on a grieving father who navigates a virtual reality memory game in an attempt to reconnect with his lost child.,,2026-02-27,147,TV-14,Krishand,Niranjan,Rajisha Vijayan,Jagadish,India,Malayalam,6.9,,6689,26,4,,"$62,434",,,https://www.imdb.com/title/tt36187149/,New Movies
Salvable,Action|Adventure|Crime,An aging boxer struggles to escape the grasp of a small town while battling a fractured relationship with his teenage daughter.,"bare chested male,male wears underwear,identity,male protagonist,personal demons",2025-05-02,101,R,Bjorn Franklin,Shia LaBeouf,Toby Kebbell,James Cosmo,United Kingdom,English,6.1,54,5675,32,20,7.2K,"$54,507","$10,000,000 (estimated)",,https://www.imdb.com/title/tt31249107/,New Movies
Corazón delator,Comedy|Drama|Romance,"A businessman with Pedro&apos;s transplanted heart falls for the donor&apos;s widow Valeria while secretly helping her neighborhood, never revealing his connection to her late husband.",romantic relationship,2025-05-30,89,,Marcos Carnevale,Benjamín Vicuña,Julieta Díaz,Peto Menahem,Argentina,Spanish,5.8,,1148,6,11,,,,,https://www.imdb.com/title/tt33244550/,New Movies
"Alexander and the Terrible, Horrible, No Good, Very Bad Road Trip",Comedy|Family,"Follows a Mexican American family who have recently lost their connection to each other and their roots, as they embark on an epic road trip that immediately goes hilariously wrong.","based on children&apos;s book,mexican american,reboot,long title,latino",2025-03-28,96,PG,Marvin Lemus,Eva Longoria,Cheech Marin,Thom Nemer,United States|Canada,English,5,,1860,26,17,4.5K,,,,https://www.imdb.com/title/tt13782222/,New Movies
Bomb,Comedy|Drama,Revolves around the people of the land and the immense capacity of humanity to stick together through anything.,,2025-10-10,139,,Vishal Venkat,Abhirami,Arjun Das,Gopi Gpr,India,Tamil,6.2,,14987,3,,,,,,https://www.imdb.com/title/tt28717622/,New Movies
Mehar,,"A father&apos;s silent struggle for dignity becomes a powerful journey of second chances, as Karamjit navigates life&apos;s challenges in his Punjab village to reunite his family.",,2025-09-05,169,,Rakesh Mehta,Navdeep Bajwa,Geeta Basra,Savita Bhatti,India,,7,,1050,2,,,"$6,941",,,https://www.imdb.com/title/tt36328115/,New Movies
Seungbu,Biography|Drama|Sport,"The true story of two legendary players of Go (&apos;baduk&apos;), Cho Hun Hyeon, and his protege and future rival, Lee Chang Ho.","1980s,rival,based on real people,1990s,go board game",2025-03-26,115,,Hyeong-ju Kim,Lee Byung-hun,Yoo Ah-in,Ko Chang-seok,South Korea,Korean,6.8,,2542,16,10,3.0K,"$14,563,318",,,https://www.imdb.com/title/tt13498824/,New Movies
Dream Eater,Horror,"A filmmaker documents her boyfriend&apos;s violent parasomnia during their holiday at a remote cabin in the woods, and as his sleepwalking gets worse, she believes the cause might be something far more sinister.","found footage horror,holiday,bathtub,male rear nudity,male nudity",2025-11-18,90,TV-MA,Jay Drakulic,Robin Akimbo,Jay Drakulic,Brittany Drumm,Canada,English,4.7,,1231,42,28,10.7K,"$123,758","$100,000 (estimated)","$80,397",https://www.imdb.com/title/tt27861297/,New Movies
Eleanor the Great,Drama|War,"After a devastating loss, witty and proudly troublesome Eleanor Morgenstein, 94, tells a tale that takes on its own dangerous life.","three word title,hair rollers,pictures,eating a chicken leg,coke",2025-09-26,98,PG-13,Scarlett Johansson,June Squibb,Erin Kellyman,Chiwetel Ejiofor,United States,English|Yiddish,6.6,52,6326,69,96,21.9K,"$3,807,789",,"$894,686",https://www.imdb.com/title/tt30268321/,New Movies
"Família, Pero No Mucho",Comedy,A Brazilian father travels to Bariloche with his family to meet his daughter&apos;s future in-laws - until it all ends in crap.,,2025-07-18,81,TV-14,Felipe Joffily,Leandro Hassum,Júlia Svacinna,Gabriel Goity,Brazil,Portuguese|Spanish,4.7,,1265,3,12,,,,,https://www.imdb.com/title/tt37457638/,New Movies
Alappuzha Gymkhana,Action|Comedy|Drama,"After failing exams, students try entering college through sports quotas, picking boxing. They luck through district matches, but face uncertainty at higher competition levels.","martial arts action,boxing sport",2025-04-10,139,,Khalid Rahman,Naslen,Lukman Avaran,Ganapathi,India,Malayalam,6.7,,5142,37,4,4.0K,"$1,340,600",,,https://www.imdb.com/title/tt29884526/,New Movies
Killer Whale,Action|Horror|Thriller,Follows best friends Maddie and Trish as they find themselves trapped in a remote lagoon with the dangerous killer whale named Ceto.,"nature horror,survival adventure,monster horror",2026-02-05,89,R,Jo-Anne Brechin,Virginia Gardner,Mel Jarnson,Mitchell Hope,Australia|United States|United Kingdom,English,4.1,,4419,47,28,3.2K,"$269,730",,,https://www.imdb.com/title/tt33479805/,New Movies
27 noches,Comedy|Drama,"When a woman is admitted by her daughters to a psychiatric clinic for her carefree ways, an expert must judge if she is ill or simply wants to enjoy life.","daughter,psychiatric,inspired by a true story,female protagonist,clinic",2025-10-17,107,TV-MA,Daniel Hendler,Marilú Marini,Daniel Hendler,Humberto Tortonese,Argentina,Spanish,6.4,,1576,6,14,1.2K,,,,https://www.imdb.com/title/tt38095263/,New Movies
Good Bad Ugly,Action|Crime|Drama,"After several years in prison, a former gangster seeks a quiet life with his family. But when his son winds up in jail, he must return to his old ways.","gangster crime,team action",2025-04-10,139,,Adhik Ravichandran,Ajith Kumar,Arjun Das,Trisha Krishnan,India,Tamil,5.3,,13387,183,7,6.2K,"$1,475,757",,,https://www.imdb.com/title/tt27540217/,New Movies
Mastiii 4,Comedy,"Three unhappy husbands plan to leave their boring marriages. Their bold scheme offers liberation and thrill, but the aftermath takes surprising turns.",,2025-11-21,144,,Milap Zaveri,Riteish Deshmukh,Vivek Oberoi,Aftab Shivdasani,India,,2.3,,9230,35,6,,"$132,740",,,https://www.imdb.com/title/tt30818815/,New Movies
The Bayou,Action|Horror|Thriller,"Vacation turns disaster when Houston grad, Kyle and her friends escape a plane crash in the desolate Louisiana everglades, only to discover there&apos;s something way more dangerous lurking in the shallows.","nature horror,alligator attack,airplane crash,alligator,bayou",2025-03-24,87,,Taneli Mustonen,Athena Strates,Madalena Aragão,Elisha Applebaum,United Kingdom,English,4.1,,4276,75,24,3.9K,"$840,379",,,https://www.imdb.com/title/tt29343289/,New Movies
Kamaro2,,"A paranormal investigator searches for her sister at the haunted Kamarottu house, discovering dark spiritual secrets. As supernatural forces stir, she faces a test of faith while seeking answers.",,2025-08-22,129,,Paramesh,Swaminathan Ananthraman,Neenasam Ashwath,Rajani Bharadwaj,India,Kannada,5.1,,1046,,,,,,,https://www.imdb.com/title/tt31262145/,New Movies
Das Kanu des Manitu,Comedy|Western,"Sequel to the hit Manitou&apos;s Shoe. Abahachi and Ranger fall into a trap set by a gang but are saved by Dimitri the Greek and his new employee, Mary. This rescue, however, reveals a larger plot, leading our heroes into a brand new a...","duo,parody,town,sequel,cowboy",2025-08-14,88,,Michael Herbig,Michael Herbig,Christian Tramitz,Rick Kavanian,Germany,German,6.1,,4747,11,20,2.5K,"$57,840,726",,,https://www.imdb.com/title/tt30972054/,New Movies
Bombay,Action,"Ulas Mhatre, an underworld don operates activities with his trusted members Nana, Tatya, and Sherry. Things changes when Tatya goes missing with no evidence.",underworld,2025-05-30,135,,Sanjay Niranjan,Gavie Chahal,Dipshikkha Nagppal,Danish Bhatt,India,Hindi|Telugu|Marathi|Kannada,6.5,,1215,34,,,,"₹75,000,000 (estimated)",,https://www.imdb.com/title/tt21357600/,New Movies
Dhoom Dhaam,Action|Comedy|Romance,"Veer Poddar and Koyal Chadda are a mismatched couple, who get into an arranged marriage. A case of mistaken identity forces this newly married couple to go on the run on their wedding night and search for the mysterious &quot;Charlie&quot;.","couple,married,night,female pedal pumping,romantic comedy",2025-02-14,108,TV-MA,Rishab Seth,Pratik Gandhi,Yami Gautam,Pavitra Sarkar,India,Hindi,6.4,,8618,97,19,2.9K,,,,https://www.imdb.com/title/tt21194868/,New Movies
Gekijô-ban Jujutsu Kaisen Shibuya Jihen Tokubetsu Henshû-ban × Shimetsu Kaiyû Senkô Jôei,Animation|Action|Fantasy,"A veil abruptly descends over the busy Shibuya area amid the bustling Halloween crowds, trapping countless civilians inside. In the aftermath, ten colonies across Japan are transformed into dens of curses.","hand drawn animation,shonen anime animation,anime animation,for grown ups animation",2025-12-05,87,R,Shouta Goshozono,Jun&apos;ya Enoki,Yuma Uchida,Shigeru Chiba,Japan,Japanese,6.6,,4858,97,12,6.2K,"$44,457,030",,"$10,084,023",https://www.imdb.com/title/tt38121182/,New Movies
Una quinta portuguesa,Drama,"The disappearance of his wife leaves Fernando, a quiet geography teacher, completely devastated. Aimless, he impersonates another man as a gardener at a Portuguese country house, where he forms an unexpected friendship with the ow...","journey of self discovery,reference to the decolonization of angola,abandoned by wife,gambling,trip to portugal",2025-05-09,114,,Avelina Prat,Manolo Solo,Maria de Medeiros,Branka Katić,Spain|Portugal,Spanish|Portuguese|Serbian,6.8,,1330,4,7,1.1K,"$940,987",,,https://www.imdb.com/title/tt28090350/,New Movies
Right,,"A desperate father searching for his missing son finds himself trapped inside a police station when a mysterious entity seals the station building, forcing those within to confront their secrets as a deadly game.",,2025-09-26,120,,Subramanian RameshKumar,Udhay Mahesh,Muthuraman,Arun Pandian,India,Tamil,6.3,,1415,,,,,,,https://www.imdb.com/title/tt38394613/,New Movies
The Phoenician Scheme,Action|Comedy|Crime,"Wealthy businessman Zsa-zsa Korda appoints his only daughter, a nun, as sole heir to his estate. As Korda embarks on a new enterprise, they soon become the target of scheming tycoons, foreign terrorists and determined assassins.","nun,bullet wound,assassin,airplane wreck,gunshot wound",2025-06-06,101,PG-13,Wes Anderson,Benicio Del Toro,Mia Threapleton,Michael Cera,United States|Germany,English|French,6.6,70,66754,339,207,122K,"$40,566,381","$30,000,000 (estimated)","$560,499",https://www.imdb.com/title/tt30840798/,New Movies
731,Drama|History|Horror,"Set against the backdrop of the bacterial experiments conducted by the Japanese Imperial Army&apos;s Unit 731 in Northeast China, and reveals the crimes of Unit 731 through the turbulent fate of an ordinary individual.",exploitation film,2025-09-18,125,,Linshan Zhao,Wu Jiang,Zhiwen Wang,Naiwen Li,China,Chinese|Mandarin|Japanese,3.3,,1651,114,8,1.9K,"$274,090,081",,"$235,032",https://www.imdb.com/title/tt33028976/,New Movies
Gunslingers,Action|Drama|Western,"In a town named Redemption, reformed gunslinger Keller and mad genius Ben are guided by spiritual leader Jericho towards vindication. While confronting their violent histories, their newfound peace is challenged by violence and re...","gunslinger,new york,one word title,four years later,kentucky",2025-04-11,104,R,Brian Skiba,Stephen Dorff,Heather Graham,Nicolas Cage,United States,English,3.6,20,2696,67,17,5.0K,,,,https://www.imdb.com/title/tt24850708/,New Movies
The Last Supper,Drama|History,"In the days leading up to his death, Jesus gathers his disciples for the Last Supper. Amidst words of love and farewell, while faith is strengthened, the shadow of betrayal hangs over, but not even pain can erase the promise of re...","three word title,period drama,jesus christ character,jesus christ,bible story",2025-03-14,114,PG-13,Mauro Borrelli,James Oliver Wheatley,Jamie Ward,James Faulkner,United States,English,5.2,,1274,42,14,5.1K,"$6,570,943",,"$2,777,234",https://www.imdb.com/title/tt32461003/,New Movies
Santhana Prapthirasthu,Comedy|Drama,"A shy software worker in Hyderabad struggles to talk to women. After helping Kalyani by chance, their encounter develops into romance.",,2025-11-14,139,16+,Sanjeev Reddy,Abhay Bethiganti,Bindu Chandramouli,Chandini Chowdary,India,Telugu,5.6,,6154,,,,,,,https://www.imdb.com/title/tt33054635/,New Movies
Rahu Ketu,Comedy|Fantasy|Mystery,"A writer&apos;s magical notebook brings two bumbling characters to life. When a cunning girl steals the notebook, Rahu and Ketu must retrieve it while battling a drug mafia, discovering their true potential along the way.",,2026-01-16,140,,Vipul Vig,Varun Sharma,Pulkit Samrat,Shalini Pandey,India,Hindi,5.9,,3053,17,4,1.0K,"$34,783",,,https://www.imdb.com/title/tt36410586/,New Movies
Indra,Horror|Thriller,A brooding man seeks justice while caught in crime and betrayal amid a corrupt urban landscape. His moral struggle unfolds through twists and confrontations in this atmospheric tale.,,2025-08-22,128,,Sabarish Nanda,Mehreen Pirzada,Anikha Surendran,Mime Gopi,India,Tamil,7.1,,2209,5,,,,,,https://www.imdb.com/title/tt28298511/,New Movies
Mirage,,"Abhirami seeks her missing fiancé Kiran, joining forces with journalist Aswin. Their investigation reveals an intricate web of secrets, drawing them into a mystery more complex than anticipated.",,2025-09-19,150,,Jeethu Joseph,Hakkim Shah,Asif Ali,Aparna Balamurali,India,Malayalam|Hindi|Tamil|Telugu|Kannada|Marathi,6,,2228,40,3,,"$188,376",,,https://www.imdb.com/title/tt35019435/,New Movies
O&apos; Romeo,Action|Crime|Drama,"In post-independence Mumbai, the underworld rises amidst a changing city. This gritty tale explores the criminal landscape of a bygone era, weaving through the streets and shadows of India&apos;s bustling metropolis.","1990s,gun fu action,gangster crime",2026-02-13,178,,Vishal Bhardwaj,Shahid Kapoor,Triptii Dimri,Avinash Tiwary,India,Hindi,5.6,,21817,129,18,3.3K,"$976,141",,,https://www.imdb.com/title/tt31969779/,New Movies
Trainwreck: The Astroworld Tragedy,Documentary,"Through firsthand accounts from survivors, medics and event workers, the documentary explores the 2021 Astroworld festival disaster and its consequences.","year 2021,medic,concert,astroworld festival,photographer",2025-06-10,80,TV-MA,Yemi Bamiro,Travis Scott,Ayden Cruz,Kaia Redus,United States,English,6.7,,5658,38,12,2.9K,,,,https://www.imdb.com/title/tt36856278/,New Movies
Champagne Problems,Comedy|Romance,"An executive travels to France to secure the acquisition of a renowned champagne brand before Christmas, but her plans are upended when she falls into a whirlwind romance with a charming Parisian - only to discover he&apos;s the founde...","christmas,holiday romance,vineyard,father son relationship,winter",2025-11-19,99,TV-14,Mark Steven Johnson,Minka Kelly,Tom Wozniczka,Thibault de Montalembert,United States,English,6,50,12999,78,30,10.2K,,,,https://www.imdb.com/title/tt33053440/,New Movies
Bono: Stories of Surrender,Documentary|Biography|Drama,"Bono shares life stories and U2 songs in an intimate show, exploring relationships with family, friends, and faith. Features unseen footage from his Beacon Theatre performances of &quot;Stories of Surrender.&quot;","3d,3 dimensional,music documentary",2025-05-30,86,,Andrew Dominik,Bono,Gemma Doherty,Kate Ellis,United States,English,7.2,59,1398,26,22,1.9K,,"$9,000,000 (estimated)",,https://www.imdb.com/title/tt35931046/,New Movies
Sarkeet,Drama,"A couple juggles work, their ADHD son, and their marriage. A chance encounter with a tired stranger brings unexpected transformation over 24 hours.",,2025-05-08,135,,Hashim Sulaiman,Divya Prabha,Asif Ali,Remya Suresh,India,Malayalam,6.5,,1190,7,,,"$152,897",,,https://www.imdb.com/title/tt34757142/,New Movies
Regretting You,Drama|Romance,"A mother and daughter must grapple with what&apos;s left after a devastating accident reveals a shocking betrayal and forces them to confront family secrets, redefine love, and rediscover themselves.","singing along to music on a car radio,singing in a car,teenage girl,boy asks girl to be his prom date,teenage boy",2025-10-24,116,PG-13,Josh Boone,Allison Williams,Mckenna Grace,Dave Franco,United States|Germany,English|French,6,33,17890,189,67,46.3K,"$90,452,948","$25,000,000 (estimated)","$13,687,530",https://www.imdb.com/title/tt33088452/,New Movies
Gobaekeui yeoksa,Comedy|Drama|Romance,"Follows 19-year-old Park Se-ri as she plans to straighten her perpetually frizzy hair before making a life-changing confession, all while getting entangled with transfer student Han Yun-seok.","year 1998,high school,1990s,school,20th century",2025-08-29,118,TV-14,Sun Namkoong,Gong Myoung,Shin Eun-soo,Cha Woo-min,South Korea,Korean,7.1,,4682,41,13,3.0K,,,,https://www.imdb.com/title/tt33549683/,New Movies
Well Done C.A. Sahab!,Drama,"Three accounting students search for their mentor Bhaskar Sharma, who taught them both finance and life through theater before disappearing. Years after their success under his guidance, they reunite to find him.",,2025-06-27,142,,Sarvesh Kumar Singh,Gopal Datt,Gaurav Paswala,Jyoti Kapoor,India,Hindi|Gujarati|English,6.9,,1266,32,,,,,,https://www.imdb.com/title/tt35327667/,New Movies
Andrew Schulz: Life,Documentary|Comedy,"Filmed at NYC&apos;s Beacon Theatre, Andrew Schulz&apos;s new comedy special covers his experiences with starting a family and going through IVF treatments","stand up comedy special,stand up comedy",2025-03-04,59,TV-MA,Troy Miller,Andrew Schulz,,,United States,English,7.6,,2576,20,2,1.0K,,,,https://www.imdb.com/title/tt35705915/,New Movies
Project MKHEXE,Horror,"Tim films his brother Sean&apos;s funeral after his suicide, then uncovers Sean&apos;s fixation with a nonexistent online urban legend about a failed government mind control experiment.","found footage horror,psychological horror,psychological thriller",2025-04-28,113,,Gerald Robert Waddell,Ignacyo Matynia,Jordan Knapp,Will Jandro,United States,English,5,,1429,16,16,1.2K,,,,https://www.imdb.com/title/tt36615506/,New Movies
Sundarakanda,Drama,"Born under an unlucky star, a man struggles with constant setbacks and romantic failures. His perfectionist approach to love complicates matters until a chance encounter brings him face to face with his ideal match.",,2025-08-27,140,,Venkatesh Nimmalapudi,Ajay,Vasuki Anand,Raghu Babu,India,Telugu,7,,1408,60,2,,"$16,169",,,https://www.imdb.com/title/tt32161505/,New Movies
Pabanneu,Drama|Romance,"A reserved store worker, free-spirited parking attendant Yo-han, and Gyeong-rok who falls for Mi-jung create unique chemistry in this love story under Lee&apos;s direction.","winter,melodrama,life,love,based on novel",2026-02-20,113,TV-MA,Lee Jong-pil,Ko Ah-sung,Moon Sang-min,Byun Yo-han,South Korea,Korean,6.9,,1265,26,17,1.2K,,,,https://www.imdb.com/title/tt39387657/,New Movies
Ranapati Shivray Swari Agra,Drama|History,"A captive king turns the tables on his Mughal captors, engineering an ingenious escape from Agra that will echo through centuries of Indian history.",,2026-02-06,167,,Digpal Lanjekar,Abhijeet Shwetachandra,Sameer Dharmadhikari,Digpal Lanjekar,India,Marathi,9.6,,1690,28,,,,,,https://www.imdb.com/title/tt39196717/,New Movies
The Dreadful,Horror|Thriller,"The Dreadful follows Anne and her mother-in-law Morwen who live a solitary, harsh life on the outskirts of society - but when a man from their past returns, he will set off a sequence of events that become a turning point for Anne.","gothic,folk horror",2026-02-20,94,R,Natasha Kermani,Sophie Turner,Kit Harington,Marcia Gay Harden,United Kingdom,English,3.8,33,1468,35,28,11.7K,,,,https://www.imdb.com/title/tt30842022/,New Movies
Dheeran,Drama,"A village hero&apos;s good intentions spiral into mishaps when he leads quirky locals on a chaotic road trip. As hidden truths emerge and mishaps multiply, their wrong turns could become unexpected blessings.",,2025-07-04,137,,Devadath Shaji,Rajesh Madhavan,Indumathy Manikandan,Jagadish,India,Malayalam,5.9,,1577,12,,,"$59,250",,,https://www.imdb.com/title/tt29997427/,New Movies
Identity,Action|Crime|Thriller,"A sketch artist and a cop work together to unravel the identity of an elusive killer using the descriptions of his face, etched into the memory of an eye-witness to the brutal crime.",serial killer crime,2025-01-02,157,,Anas Khan,Tovino Thomas,Trisha Krishnan,Vinay Rai,India,Malayalam|Tamil|Kannada|Telugu,7,,11210,64,5,5.6K,"$550,312",,,https://www.imdb.com/title/tt27436132/,New Movies
Snow White,Adventure|Family|Fantasy,A princess joins forces with seven dwarfs and a group of rebels to liberate her kingdom from her cruel stepmother the Evil Queen.,"narcissism,hag,tyrant,dystopia,female villain",2025-03-21,109,PG,Marc Webb,Rachel Zegler,Emilia Faucher,Gal Gadot,United States,English|Italian|Turkish,2.2,50,394906,2.5K,222,89.7K,"$205,679,463","$250,000,000 (estimated)","$42,206,415",https://www.imdb.com/title/tt6208148/,New Movies
Paranthu Po / Fly Away,Comedy,A stubborn schoolboy and his caring but financially struggling father leave city stress behind on a road trip together.,,2025-07-04,140,,Ram,Shiva,Grace Antony,Anjali,India,Tamil|Telugu|Hindi,7.2,,2504,43,2,,"$47,313","₹160,000,000 (estimated)",,https://www.imdb.com/title/tt36931506/,New Movies
Others,Action|Crime|Thriller,"A detective investigates alarming health issues in IVF babies, revealing a dark plot involving illegal steroids, mystery donors, and corrupt fertility clinics - all orchestrated by someone exploiting people&apos;s desire for children.","medical crime,medical thriller",2025-11-07,133,,Abin Hariharan,Jagan,Gouri G. Kishan,Shyam Krishnan,India,Tamil,6.7,,1816,6,,,,,,https://www.imdb.com/title/tt37897558/,New Movies
Little Hearts,Comedy|Romance,"After failing EAMCET, Akhil joins coaching where he meets Khatyayani. Despite her odd rejection, he pursues her heart through a humorous journey of personal growth, having learned from past heartbreak about real love.",,2025-09-05,127,,Sai Marthand,Mouli Tanuj Prasanth,Shivani Nagaram,Rajeev Kanakala,India,Telugu,7.6,,3519,45,,2.4K,,,,https://www.imdb.com/title/tt37962245/,New Movies
Avatar: Fire and Ash,Animation|Action|Adventure,"Jake and Neytiri&apos;s family grapples with grief, encountering a new, aggressive Na&apos;vi tribe, the Ash People, who are led by the fiery Varang, as the conflict on Pandora escalates and a new moral focus emerges.","alien,third part,sequel,3d,tribe",2025-12-19,197,PG-13,James Cameron,Sam Worthington,Zoe Saldaña,Sigourney Weaver,United States|Canada,English,7.3,61,142821,1.7K,213,238K,"$1,485,876,709","$400,000,000 (estimated)","$89,160,860",https://www.imdb.com/title/tt1757678/,New Movies
Dossier 137,Crime|Drama,"Case 137 is seemingly just another case for Stéphanie, an investigator at the IGPN, the police of the police. But an unexpected element will trouble Stéphanie and transform case 137 into something more than a simple number.","bowling,police,mother son relationship,single mother,yellow vest movement",2025-11-19,115,,Dominik Moll,Léa Drucker,Jonathan Turnbull,Mathilde Roehrich,France,French,7.2,73,1612,5,39,5.0K,"$5,697,292",,,https://www.imdb.com/title/tt34794183/,New Movies
Plankton: The Movie,Animation|Adventure|Comedy,"When Karen the Computer decides to take over the world, it&apos;s up to Plankton to stop her - with a little help from SpongeBob and the Gal Pals (Pearl, Sandy, and Mrs. Puff).","sea,cgi animation,technology,robot,female robot",2025-03-07,87,TV-Y7,Jonas Morganstein,Mr. Lawrence,Jill Talley,Tom Kenny,United States,English,5.3,61,4623,52,20,3.3K,,,,https://www.imdb.com/title/tt32560777/,New Movies
Thalli Manasu,Drama|Family,"Jyothi, a widow who raised her son alone after her husband Janakiram&apos;s tragic accident, devoted her entire life to him. Despite her deep love for her son she unexpectedly stabs her son&apos;s heart.",,2025-01-24,150,,V. Sreenivas,Subhalekha Sudhakar,Adarsh Balakrishna,Kamal Kamaraju,India,Telugu,6.1,,2236,3,,,,,,https://www.imdb.com/title/tt34442437/,New Movies
Wuthering Heights,Drama|Romance,"A passionate and tumultuous love story set against the backdrop of the Yorkshire moors, exploring the intense and destructive relationship between Heathcliff and Catherine Earnshaw.","rain,erection,snow,pale,steamy romance",2026-02-13,136,R,Emerald Fennell,Margot Robbie,Jacob Elordi,Hong Chau,United Kingdom|United States,English,6.2,55,51831,766,209,120K,"$236,430,061","$80,000,000 (estimated)","$32,801,647",https://www.imdb.com/title/tt32897959/,New Movies
The Occupant,Drama|Mystery|Sci-Fi,"When Abby, a guilt-ridden engineering geologist in transit from a remote assignment, survives a mysterious helicopter crash, she must try to escape its harsh environment. But she is not alone.","escape,nuclear aerial drone,air base,conflicting orders,helicopter crash",2025-11-06,104,Not Rated,Hugo Keijzer,Ella Balinska,Rob Delaney,Sheena Kelly,Netherlands,English|Georgian,4.8,,2980,30,16,4.6K,"$44,540",,,https://www.imdb.com/title/tt7230422/,New Movies
Kayikçi,Drama|Mystery|Sci-Fi,A desperate mother brings a young mystic to a remote location to resurrect her child. Their forbidden ritual fractures the boundaries between worlds with horrifying consequences.,,2026-01-29,110,,Eren Ozsan,Mehmet Erdem,Muge Esmeray,Defne Obuter,Turkey,Turkish,4.7,,1072,14,,,,"$6,500 (estimated)",,https://www.imdb.com/title/tt35338387/,New Movies
Jassi Weds Jassi,Comedy,"Jassi seeks love and finds Jasmeet, but another Jassi, Jaswinder, appears. With interference from Sehgal and Sweety, misunderstandings and chaos ensue on the path to romance.",,2025-11-07,121,,Paran Bawa,Harshvardhan Deo,Ranvir Shorey,Sikandar Kher,India,Hindi,6.9,,1064,9,,,,"₹130,000,000 (estimated)",,https://www.imdb.com/title/tt37538305/,New Movies
Sovereign,Crime|Drama|Thriller,"A father and son who identify as Sovereign Citizens, a group of anti-government extremists, find themselves in a standoff with a chief of police that sets off a manhunt.","police,father,father son relationship,house,police officer",2025-07-11,100,R,Christian Swegal,Nick Offerman,Jacob Tremblay,Dennis Quaid,United States,English,6.5,67,7856,67,50,22.0K,"$77,468",,"$24,652",https://www.imdb.com/title/tt26843513/,New Movies
The Rip,Action|Crime|Drama,"A group of Miami cops discovers a stash of millions in cash, leading to distrust as outsiders learn about the huge seizure, making them question who to rely on.","dog,two word title,asian man,text message,friday",2026-01-16,113,R,Joe Carnahan,Matt Damon,Ben Affleck,Steven Yeun,United States,English,6.8,63,119577,727,132,118K,,,,https://www.imdb.com/title/tt32642706/,New Movies
Badass Ravi Kumar,Action|Comedy|Musical,"The Xpose franchise now goes to the next level with Himesh Reshammiya doing a spin-off from his iconic character Ravi Kumar from his hit film &apos;The Xpose&apos; as an action musical entertainer, in which he is up against 10 sensational v...","parody comedy,one person army action,cringe comedy",2025-02-07,146,,Keith Gomes,Sulabha Arya,Mustafa Askari,Varun Buddhadev,India,Hindi,6.7,,9320,122,12,2.1K,,,,https://www.imdb.com/title/tt23220552/,New Movies
Henry Danger: The Movie,Action|Adventure|Comedy,A theatrical film based on the Nickelodeon Show &apos;Henry Danger.&apos;,"non comic book superhero,psychotronic film,superhero,based on tv series,superhero action",2025-01-17,86,TV-PG,Joe Menendez,Jace Norman,Sean Ryan Fox,Ella Anderson,United States,English,4.8,,2678,60,2,8.0K,,,,https://www.imdb.com/title/tt7787524/,New Movies
Dangerous Animals,Horror|Thriller,"When Zephyr, a savvy and free-spirited surfer, is abducted by a shark-obsessed serial killer and held captive on his boat, she must figure out how to escape before he carries out a ritualistic feeding to the sharks below.","man wears briefs,male underwear,shark,bound and gagged,nature horror",2025-06-06,98,R,Sean Byrne,Hassie Harrison,Jai Courtney,Josh Heuston,Australia|United States|Canada,English|Dutch,6.4,65,33301,249,171,48.7K,"$9,207,791","$4,000,000 (estimated)","$1,563,961",https://www.imdb.com/title/tt32299316/,New Movies
Unknown Number: The High School Catfish,Documentary|Crime,A teen girl and her boyfriend face persistent harassment from an unknown caller. Police investigating the months of torment discover a revelation that upends their initial assumptions.,"boyfriend girlfriend relationship,mother daughter relationship,courtroom,bullying,small town",2025-08-29,94,TV-MA,Skye Borgman,Lauryn Licari,Sophie Weber,Macy Johnston,United States,English,6.7,,20519,232,19,18.1K,,,,https://www.imdb.com/title/tt37674426/,New Movies
Air Force Elite: Thunderbirds,Documentary,The inside look at the U.S. Air Force&apos;s Thunderbirds flight squadron.,"military,jet plane,military and war documentary,air force,science and technology documentary",2025-05-23,91,TV-14,Matt Wilcox,Rob Reider,Vin Thoroughman,,United States,English,7.1,,1299,13,7,1.4K,,,,https://www.imdb.com/title/tt35628532/,New Movies
Unknown Number: The High School Catfish,Documentary|Crime,A teen girl and her boyfriend face persistent harassment from an unknown caller. Police investigating the months of torment discover a revelation that upends their initial assumptions.,"boyfriend girlfriend relationship,mother daughter relationship,courtroom,bullying,small town",2025-08-29,94,TV-MA,Skye Borgman,Lauryn Licari,Sophie Weber,Macy Johnston,United States,English,6.7,,20519,232,19,18.1K,,,,https://www.imdb.com/title/tt37674426/,New Movies
Air Force Elite: Thunderbirds,Documentary,The inside look at the U.S. Air Force&apos;s Thunderbirds flight squadron.,"military,jet plane,military and war documentary,air force,science and technology documentary",2025-05-23,91,TV-14,Matt Wilcox,Rob Reider,Vin Thoroughman,,United States,English,7.1,,1299,13,7,1.4K,,,,https://www.imdb.com/title/tt35628532/,New Movies
Mad Square,Comedy,"Three college buddies navigate their way through campus life, leading to wild adventures and laugh-out-loud moments.",,2025-03-28,130,,Murali,Sangeeth Shobhan,Narne Nithiin,Ram Nithin,India,Telugu,5.8,,1601,17,,1.5K,"$216,446",,,https://www.imdb.com/title/tt32327574/,New Movies
Sawt Hind Rajab,Drama,"Red Crescent volunteers receive an emergency call. A 6-year old girl is trapped in a car under IDF fire in Gaza, pleading for rescue. While trying to keep her on the line, they do everything they can to get an ambulance to her.","hind rajab,palestinian genocide,gaza,based on true story,war crime",2025-12-04,89,,Kaouther Ben Hania,Saja Kilani,Motaz Malhees,Amer Hlehel,Tunisia|France|Occupied Palestinian Territory|United Kingdom|Saudi Arabia|United States|Italy|Cyprus,Arabic|English,8.3,81,15887,129,123,38.5K,"$5,645,162",,"$35,351",https://www.imdb.com/title/tt36943034/,New Movies
K.O.,Action|Adventure|Drama,"After accidentally killing his rival in an MMA bout, a man has the chance to make it up to the widow by finding her son.",location as title,2025-06-06,86,TV-MA,Antoine Blossier,Ciryl Gane,Alice Belaïdi,Foued Nabba,France|Belgium,French,5.8,,5167,32,19,3.3K,,,,https://www.imdb.com/title/tt36240772/,New Movies
Guru Nanak Jahaz,History,"In 1914, Mewa Singh and Gurdit Singh challenge Canadian racism. With 375 passengers, the Komagatamaru voyage confronts discriminatory direct passage laws and immigrant struggles.",,2025-05-01,140,,Sharan Art,Tarsem Jassar,Gurpreet Ghuggi,Harsharan Singh,India,Punjabi,8.6,,3911,94,,2.7K,"$1,377,467","₹180,000,000 (estimated)","$685,000",https://www.imdb.com/title/tt36722524/,New Movies
After All,Family,"When Ellen returns to her hometown to care for her ailing mother and estranged teenage daughter, three generations of women struggle to reconnect and find the courage to forgive.",mother,2025-11-07,104,,Kerstin Karlhuber,Erika Christensen,Penelope Ann Miller,Kiara Muhammad,United States,English,8,,1211,5,6,1.5K,,,,https://www.imdb.com/title/tt8447852/,New Movies
Chhorii 2,Drama|Horror|Mystery,Sakshi must rescue her seven-year-old daughter from a superstitious cult while fighting societal malpractices and the horror that continues to haunt her and young women around her.,"supernatural horror,supernatural thriller,supernatural drama,folk horror",2025-04-11,132,,Vishal Furia,Nushrratt Bharuccha,Saurabh Goyal,Soha Ali Khan,India,Hindi,4.6,,1603,40,10,,,,,https://www.imdb.com/title/tt16436848/,New Movies
Nimma Vasthugalige Neeve Javaabdaararu,Crime|Drama|Thriller,"This phrase means &quot;You are responsible for your belongings.&quot; As humans, there are attachments to belongings, which often intertwine with the deepest insecurities. Unfortunately, many of these insecurities manifest in reality.","kleptomaniac,ocd,motorcycle,trap,surveillance",2025-01-10,132,,Keshav Moorthy,Apoorva Bharadwaj,Naresh Bhat,Govind Madhusudhan,India,Kannada,6.7,,3328,87,4,,,,,https://www.imdb.com/title/tt30825000/,New Movies
Lurker,Crime|Drama|Music,"A retail employee infiltrates the inner circle of an artist on the verge of stardom. As he gets closer to the budding music star, access and proximity become a matter of life and death.","man hugs a man,male protagonist,man pulls his underwear down,male artist,one word title",2025-08-22,100,R,Alex Russell,Théodore Pellerin,Archie Madekwe,Sunny Suljic,United States|Italy,English,6.8,78,5080,36,91,19.8K,"$688,144",,"$56,985",https://www.imdb.com/title/tt13651462/,New Movies
Fire,Crime,A physiotherapist vanishes mysteriously. Police investigations reveal hidden truths as they work to determine if his disappearance was voluntary or something darker. The case builds to an unexpected ending.,police procedural crime,2025-02-14,132,,Jsk Satish Kumar,Balaji Murugadoss,Chandini Tamilarasan,Rachitha Mahalakshmi,India,Tamil,5.2,,11019,5,,2.5K,,,,https://www.imdb.com/title/tt34604827/,New Movies
House on Eden,Horror,"Setting out to film their next paranormal investigation, Kris, Celina and Jay encounter a malevolent, ancient spirit that resides in an abandoned house deep in the woods.","found footage,found footage horror,title directed by female,female nudity,female full frontal nudity",2025-07-25,78,R,Kris Collins,Kris Collins,Celina Myers,Jason-Christopher Mayer,United States,English,3.8,,1824,94,31,4.9K,"$455,830",,"$313,495",https://www.imdb.com/title/tt33425631/,New Movies
The History of Sound,Drama|History|Music,"Two young men during World War I set out to record the lives, voices and music of their American countrymen.","gay relationship,gay,gay interest,gay kiss,world war one",2025-09-12,128,R,Oliver Hermanus,Paul Mescal,Josh O&apos;Connor,Chris Cooper,United States|United Kingdom|Sweden|Italy,English|Italian|Latin,6.9,64,6501,65,85,33.9K,"$2,390,763",,"$83,345",https://www.imdb.com/title/tt15799524/,New Movies
Vash Level 2,Horror|Thriller,"Twelve years after saving his daughter Arya from a dark force, Atharva learns it never left her. When strange events begin again, he must fight to save her once more.","psychological horror,supernatural horror,vashikaran",2025-08-27,103,,Krishnadev Yagnik,Janki Bodiwala,Hitu Kanodia,Hiten Kumar,India,Gujarati|Hindi,7.2,,4529,106,6,4.2K,,"₹50,000,000 (estimated)",,https://www.imdb.com/title/tt35529436/,New Movies
Kadukka,Comedy,"Two friends in a quiet village compete for the same girl&apos;s affection. Their friendship becomes a comedic battle of charm and tricks, but she&apos;s got an unexpected twist in this fun-filled romantic comedy.",,2025-08-29,120,,S.S. Murugarasu,Vijay Gowrish,Aadharsh Madhikaandham,KVN Manimegalai,India,Tamil,7.2,,3150,100,,,,"₹15,000,000 (estimated)",,https://www.imdb.com/title/tt36575995/,New Movies
Follemente,Comedy|Romance,"In Rome, recently separated philosophy professor Piero and furniture restorer Lara go on a first date. As dinner unfolds, their inner voices instinctive, romantic, logical, impulsive speak aloud, exposing their true thoughts, anxi...","male and female protagonists,first date,one night timespan,neo screwball comedy,inner thoughts",2025-02-20,98,Not Rated,Paolo Genovese,Edoardo Leo,Pilar Fogliati,Emanuela Fanelli,Italy,Italian,6.9,,5182,11,33,4.3K,"$22,003,292","€8,300,000 (estimated)",,https://www.imdb.com/title/tt34621892/,New Movies
Atropia,Drama|War,Follows an aspiring actress working on a U.S. military base that simulates an Iraqi war zone.,"docudrama drama,2006,year 2006,truck,explosion",2026-02-27,103,R,Hailey Gates,Alia Shawkat,Zahra Alzubaidi,Callum Turner,France|Italy|United States,English,5.7,53,1117,4,38,9.0K,"$64,144",,"$9,052",https://www.imdb.com/title/tt31122579/,New Movies
Sult,Drama|Romance,"A successful writer and her charming single father partner struggle with fertility issues, testing their relationship as they pursue treatment.","female full frontal nudity,female rear nudity,female topless nudity,title directed by female,female pubic hair",2025-02-26,105,,Ditte Hansen,Rosalinde Mynster,Joachim Fjelstrup,Magnus Millang,Denmark,Danish,6.3,,2296,7,19,1.8K,,,,https://www.imdb.com/title/tt33501878/,New Movies
Mask,Action|Comedy|Crime,"440 crores stolen. Seven days to get it back. A game of greed, betrayal and intrigue culminates into an explosive climax in this story of a greedy man, a conniving woman and an uncanny guy with a bag full of tricks.","dark comedy,heist crime",2026-01-09,128,,Vikarnan Ashok,Kavin Raj,Andrea Jeremiah,Ruhani Sharma,India,Tamil,6.5,,1580,13,,,"$34,002",,,https://www.imdb.com/title/tt32423736/,New Movies
Depeche Mode: M,Documentary|Music,"Concert film weaves Depeche Mode&apos;s 2023 Mexico City performances with segments examining music, mortality, and Mexican death traditions.",concert music,2025-10-28,98,,Fernando Frias,Depeche Mode,Dave Gahan,Martin Gore,United States|Mexico,English,7.5,,1227,17,4,2.1K,"$2,184,499",,,https://www.imdb.com/title/tt36590288/,New Movies
Agmaga isawassda,Comedy|Mystery|Romance,"A pastry chef apprentice lives unaware she becomes a wild she-devil nightly. Her family hires their neighbor to watch her night version, as he falls for her day self while seeking to break her curse.",,2025-08-13,115,,Lee Sang-geun,Im Yoon-ah,Ahn Bo-hyun,Sung Dong-il,South Korea,Korean,6.5,,1193,7,,1.9K,"$3,088,677",,,https://www.imdb.com/title/tt35382678/,New Movies
A Deadly American Marriage,Documentary|Crime,A disturbing 911 call and horrific crime scene raise questions about Jason Corbett&apos;s death. His family shares memories and hidden realities beneath their perfect-looking life.,"north carolina,true crime,prosecutor,widower,trial",2025-05-09,102,TV-MA,Jessica Burgess,Sarah Corbett Lynch,Jack Corbett Lynch,Wanda Thompson,United Kingdom,English,6.6,,7365,72,23,5.7K,,,,https://www.imdb.com/title/tt36592065/,New Movies
A L C C (O Universal Bachelor),Drama,"A L C C (O Universal Bachelor) is a Telugu movie starring J P Naveen, Shravani Shetti, Srikar Komanduri and Dhanush Devara in prominent roles. It is written and directed by Leleedhar Rao Kola.",,2025-04-25,118,,Leleedhar Rao Kola,Srikar Komanduri,J P Naveen,Sham Nayak,India,Telugu,8.3,,1553,,,,,,,https://www.imdb.com/title/tt36625994/,New Movies
Homebound,Drama,"Two friends from a North Indian village pursue police jobs seeking dignity, but their friendship strains as desperation grows in their quest.","india,friendship,friendship between men,childhood friend,village",2025-09-26,119,,Neeraj Ghaywan,Ishaan Khatter,Vishal Jethwa,Janhvi Kapoor,India,Hindi,7.9,85,12784,207,33,15.6K,"$63,093",,,https://www.imdb.com/title/tt26733325/,New Movies
Maine Pyar Kiya,Action|Drama|Romance,"Searching for Nidhi in Madurai&apos;s streets, Aryan faces mounting danger and tension at every turn. Time runs short as he navigates growing chaos to stay alive.",,2025-08-29,147,Not Rated,Faizal Faziludeen,Preity Mukhundhan,Askar Ali,Jagadish,India,Malayalam|Tamil,5.1,,1941,5,,,"$1,711",,,https://www.imdb.com/title/tt33310930/,New Movies
A Minecraft Movie,Action|Adventure|Comedy,Four misfits are suddenly pulled through a mysterious portal into a bizarre cubic wonderland that thrives on imagination. To get back home they&apos;ll have to master this world while embarking on a quest with an unexpected expert craf...,"zombie,fantasy world,minecraft,live action cgi hybrid,surrealism",2025-04-04,101,PG,Jared Hess,Jason Momoa,Jack Black,Sebastian Hansen,United States|Sweden|New Zealand|Canada,English|Spanish,5.6,45,156453,1.5K,178,107K,"$961,187,780","$150,000,000 (estimated)","$162,753,003",https://www.imdb.com/title/tt3566834/,New Movies
Paisawala,Thriller,"A seemingly ordinary ten rupees note, used in hawala transactions, goes missing after an unexpected accident. What begins as a simple search quickly spirals into chaos, as multiple people chase the same note each driven by greed, ...",,2025-12-12,139,,K Navinn Tejas,Adhvik,P Sridhar,Srujanakshitha,India,Telugu,9.7,,1053,9,,,,"₹30,000,000 (estimated)",,https://www.imdb.com/title/tt39090390/,New Movies
100 Nights of Hero,Drama|Fantasy|Romance,"When a charming house guest arrives at a remote castle, the delicate dynamic between a neglectful husband, his innocent bride Cherry, and their devoted maid Hero, is thrown into chaos.","period drama,misogynist society,1001 nights,no rights,wife lover relationship",2025-12-05,91,PG-13,Julia Jackman,Emma Corrin,Nicholas Galitzine,Safia Oakley-Green,United Kingdom,English,5.9,64,1429,28,38,10.5K,"$464,970",,"$250,701",https://www.imdb.com/title/tt33350512/,New Movies
Assi,Drama|Thriller,A gripping courtroom drama centers on unexplained sexual assault cases. An investigator and defense team fight to reveal shocking truths hidden beneath statistics and uncover the human cost behind the headlines.,,2026-02-20,134,,Anubhav Sinha,Mohd. Zeeshan Ayyub,Hitesh Dahiya,Jatin Goswami,India,Hindi,7.3,,3422,32,11,2.4K,"$103,383",,,https://www.imdb.com/title/tt39392533/,New Movies
Tornado,Action|Drama|Thriller,"A Japanese puppeteer&apos;s daughter gets caught up with criminals when their show crosses paths with a crime gang, led by Sugarman and his son Little Sugar.","survival thriller,period drama,girl,son,samurai",2025-06-13,90,R,John Maclean,Kôki,Nathan Malone,Tim Roth,United Kingdom,English|Japanese,5.5,57,4322,48,52,11.7K,"$449,965",,"$138,279",https://www.imdb.com/title/tt27721490/,New Movies
Bela: Gujarati Urban Film,Drama,"The film is female oriented. Anshu is the hero of the film and a small screen star while Anshu is a big businessman. Belle wants to make her own biopic but does not have finance, while Anshu transfers 10 Crores to her account.",women power,2025-05-30,142,,Tansukh Gohil,Prashant Barot,Usha Bhatiya,Chetan Daiya,India,Gujarati,8.1,,1106,,,,,,,https://www.imdb.com/title/tt32494216/,New Movies
Red Sonja,Action|Adventure|Drama,"Captured and forced to fight for survival, Red Sonja must rally an army of outcasts to reclaim her freedom and take down a tyrant and his ruthless bride.","sword and fantasy,female fighter,female protagonist,female warrior,superhero fantasy",2025-08-13,110,R,MJ Bassett,Matilda Lutz,Robert Sheehan,Wallis Day,United States,English,4.6,41,7665,161,50,21.9K,"$271,461",,,https://www.imdb.com/title/tt0800175/,New Movies
Annihilator Unleashed,Action|Drama,"A reclusive ex-cartel enforcer is drawn back into bloodshed when he saves a singer from murder, leading to a confrontation with a vengeful crime lord seeking revenge against him.",,2026-01-06,119,R,Waqar Peter Gill,Dan Arora,Bobby Sharma,Pratik Sehajpal,United States,English|Spanish,4,,2188,110,,,,,,https://www.imdb.com/title/tt34724163/,New Movies
In the Blink of an Eye,Drama|Sci-Fi,"Three storylines, spanning thousands of years, intersect and reflect on hope, connection and the circle of life.",life,2026-02-27,94,PG-13,Andrew Stanton,Kate McKinnon,Rashida Jones,Daveed Diggs,United States,English,6.1,37,4959,84,29,15.8K,,,,https://www.imdb.com/title/tt6341826/,New Movies
The Running Man,Action|Adventure|Sci-Fi,"A man joins a game show in which contestants, allowed to flee anywhere in the world, are pursued by &quot;hunters&quot; hired to kill them.","dystopia,dystopian sci fi,fictional game show,survival,fictional reality tv show",2025-11-14,133,R,Edgar Wright,Glen Powell,Alyssa Benn,Sienna Benn,United Kingdom|United States,English,6.4,56,89878,640,242,136K,"$69,486,523","$110,000,000 (estimated)","$16,495,564",https://www.imdb.com/title/tt14107334/,New Movies
Back in Action,Action|Comedy,Former CIA spies Emily and Matt are pulled back into espionage after their secret identities are exposed.,"agent,spy,weapon,cia central intelligence agency,gunfight",2025-01-17,114,PG-13,Seth Gordon,Jamie Foxx,Cameron Diaz,McKenna Roberts,United States,English|Polish,5.9,46,66144,468,110,58.0K,,"$158,900,000 (estimated)",,https://www.imdb.com/title/tt21191806/,New Movies
Fountain of Youth,Action|Adventure|Fantasy,"Two estranged siblings join forces to seek the legendary Fountain of Youth. Using historical clues, they embark on an epic quest filled with adventure. If successful, the mythical fountain could grant them immortality.","art thief,brother sister team,fountain of youth,shelby cobra,ch 47 chinook helicopter",2025-05-23,125,PG-13,Guy Ritchie,John Krasinski,Natalie Portman,Eiza González,United States|United Kingdom,English,5.7,41,51640,488,93,58.0K,,,,https://www.imdb.com/title/tt27075958/,New Movies
Gandhi Tatha Chettu,Drama,"A young girl&apos;s non-violent campaign to protect her grandfather&apos;s beloved tree from demolition, inspired by Gandhi&apos;s philosophy of peaceful resistance.",coming of age drama,2025-01-24,114,,Padmavathi Malladi,Chakrapani Ananda,Anji,Sukriti Veni Bandreddi,India,Telugu,9,,3135,3,,,,,,https://www.imdb.com/title/tt34057707/,New Movies
Gourou,Thriller,Follows a charismatic and manipulative self-help guru.,,2026-01-28,126,,Yann Gozlan,Pierre Niney,Marion Barbeau,Anthony Bajon,France|Belgium,French,6.4,,1217,2,6,1.2K,"$16,598,660",,,https://www.imdb.com/title/tt31777964/,New Movies
Kokuhô,Drama,"In post-war Japan&apos;s economic boom, gangster family-born Kikuo Tachibana finds himself adopted by a kabuki actor. Despite life&apos;s challenges, he develops into a gifted performer.","japanese drama,osaka japan,nagasaki japan,teenage boy,snow",2025-11-21,175,Not Rated,Sang-il Lee,Ryô Yoshizawa,Ryûsei Yokohama,Mitsuki Takahata,Japan,Japanese,7.6,80,4453,40,46,14.3K,"$134,435,749",,"$38,797",https://www.imdb.com/title/tt35231039/,New Movies
Control Freak,Horror,A motivational speaker is tormented by an unrelenting itch on the back of her head.,"supernatural horror,monster horror,body horror,psychological horror",2025-03-13,104,,Shal Ngo,Kelly Marie Tran,Miles Robbins,Kieu Chinh,United States,English,4.5,62,2735,31,35,3.1K,,,,https://www.imdb.com/title/tt30789086/,New Movies
The Legend of Ochi,Adventure|Family|Fantasy,"In a remote village on the island of Carpathia, a shy girl is raised to fear an elusive animal species known as ochi. But when she discovers a wounded baby ochi has been left behind, she escapes on a quest to bring him home.","female protagonist,baby,island,forest,quest adventure",2025-04-25,95,PG,Isaiah Saxon,Helena Zengel,Willem Dafoe,Emily Watson,United States|Finland|United Kingdom,English,5.8,67,9079,96,105,33.0K,"$4,872,389","$10,000,000 (estimated)","$52,514",https://www.imdb.com/title/tt8866456/,New Movies
My Oxford Year,Comedy|Drama|Romance,"When Anna, an ambitious young American woman, sets out for Oxford University to fulfill a childhood dream, she has her life completely on track until she meets a charming and clever local who profoundly alters both of their lives.","university,teaching,cancer,coming of age drama,college student",2025-08-01,112,PG-13,Iain Morris,Sofia Carson,Corey Mylchreest,Dougray Scott,United States,English,5.9,39,28573,335,38,28.5K,,,,https://www.imdb.com/title/tt4978342/,New Movies
Kuang ye shi dai,Drama|Sci-Fi,"In a society where people stop dreaming to extend their lifespan, some dangerous individuals still dream, warping the fabric of time. We experience five dreams, for each of the senses, each chronologically representing a period of...","dream,boat,dog,murder,biting",2025-11-22,160,,Bi Gan,Jackson Yee,Shu Qi,Mark Chao,China|France|United States,Chinese|Mandarin,7.3,87,2920,18,57,23.2K,"$1,033,544",,"$62,220",https://www.imdb.com/title/tt29002950/,New Movies
Chum Chun Gei,Action|Adventure|Comedy,"After losing everything for a crime he didn&apos;t commit, Ken vows to travel back to the Qin Dynasty and reclaim everything he lost by usurping the throne.","sequel to tv series,traveling to the past,20 years later,master apprentice relationship,qin state",2026-01-30,107,,Jack Lai,Louis Koo,Raymond Lam,Jessica Hester Hsuan,Hong Kong,Cantonese,6.1,,1011,12,19,1.3K,"$15,038,454","HK$350,000,000 (estimated)","$695,019",https://www.imdb.com/title/tt33348127/,New Movies
Wolf Man,Horror|Sci-Fi,"A family at a remote farmhouse is attacked by an unseen animal, but as the night stretches on, the father begins to transform into something unrecognizable.","wolfman,remake,werewolf,werewolf horror,creature feature",2025-01-17,103,R,Leigh Whannell,Christopher Abbott,Julia Garner,Matilda Firth,Ireland|New Zealand|United States,English,5.6,50,43045,504,262,58.4K,"$34,154,366","$25,000,000 (estimated)","$10,897,495",https://www.imdb.com/title/tt4216984/,New Movies
Dasarahalli,,Dasarahalli Mass Action Drama with Bunch of Emotions,,2025-04-25,126,,MR Srinivas,Shivakumar Aradhya,Biradar,Rekha Das,India,,6,,1048,,,,,,,https://www.imdb.com/title/tt34773159/,New Movies
Stone Cold Fox,Action|Crime|Drama,"In 1986, the defiant Fox breaks out of an abusive commune in search of her family. But when the queenpin kidnaps her little sister and sends a crooked cop after her, Fox has no choice but to infiltrate the very place she escaped.","bound and gagged,sunglasses,cocaine,female drug dealer,revelation",2025-11-07,86,Not Rated,Sophie Tabet,Kiernan Shipka,Jamie Chung,Mishel Prada,United States,English,5,,1383,24,11,5.8K,,,,https://www.imdb.com/title/tt27368237/,New Movies
Torrente Presidente,Comedy,"A satirical comedy that pokes fun at Spanish social and political stereotypes, featuring parodies of real events and special guest appearances from the political sphere.",,2026-03-13,102,,Santiago Segura,Santiago Segura,Fernando Esteso,Jerónimo Nieto,Spain,Spanish,6.3,,1814,3,4,,"$24,500,000",,,https://www.imdb.com/title/tt37969901/,New Movies
Ronth,Drama,Two patrol officers face mounting tensions during a night shift as they navigate dangerous calls while confronting their strained partnership and personal demons.,,2025-06-13,122,,Shahi Kabir,Dileesh Pothan,Roshan Mathew,Lakshmi Menon,India,Malayalam,7.1,,5707,69,4,2.3K,"$98,088",,,https://www.imdb.com/title/tt33294533/,New Movies
Mannu Kya Karegga,Drama|Romance,"College student Mannu pursues the free-spirited Jiya while discovering his life&apos;s purpose through music and self-reflection. With unforgettable songs and young love, his journey becomes about more than just winning her heart.",,2025-09-12,141,,Ssanjay Tripaathy,Vyom Yadav,Saachi Bindra,Charu Shankar,India,Hindi,9.5,,3122,,,,,,,https://www.imdb.com/title/tt34000241/,New Movies
Bride Hard,Action|Comedy,"When a mercenary group takes a lavish wedding hostage, they have no idea what they are in for as the maid of honor is actually a secret agent ready to rain hellfire upon anyone who would ruin her best friend&apos;s wedding.","wedding,paris france,pregnant woman,pregnancy,one woman army",2025-06-20,105,R,Simon West,Rebel Wilson,Anna Camp,Stephen Dorff,United States|Cyprus,English|French|Russian,4.4,23,6191,93,58,12.1K,"$2,056,468",,,https://www.imdb.com/title/tt21317634/,New Movies
Soothravakyam,Drama,"A police inspector who mentors students turns his station into a community hub for local youth, but faces scrutiny when someone disappears.",trending movie,2025-07-11,108,,Eugien Jos Chirammel,Shine Tom Chacko,Shree Tej SK,Vincy Aloshious,India,Malayalam|Telugu,7.4,,3820,6,,,"$18,404","₹52,700,000 (estimated)",,https://www.imdb.com/title/tt34335405/,New Movies
Murmur,Horror|Thriller,"YouTubers enter a haunted forest to film the &quot;Seven Saptha Kannigal&quot; spirits. After they vanish, police find only broken cameras with disturbing footage showing what happened to them.",found footage horror,2025-03-07,139,,Hemnathnarayanan,Devraj,Richie Kapoor,Yuvikha Rajendran,India,Tamil,4,,3743,16,3,,,"₹20,000,000 (estimated)",,https://www.imdb.com/title/tt35410222/,New Movies
Vattakhanal,Mystery|Thriller,Three orphans raised by a ruthless kingpin must face him when love and revenge collide in a battle for justice.,,2025-11-07,130,,Pithak Pugazhenthi,Dhruvan Mano,Meenakshi Govindarajan,R.K. Suresh,India,Tamil,6.4,,2764,43,,,,"₹30,000,000 (estimated)",,https://www.imdb.com/title/tt38428591/,New Movies
Raid 2,Crime|Drama|Thriller,"In 1989 Rajasthan, IPS officer Patnaik raids a palace but fails. After requesting a bribe, he&apos;s transferred to Bhoj, where he investigates Dada Bhai, a respected local figure. Suspended after a failed raid, he uncovers hidden truths.","political thriller,political drama,two word title",2025-05-01,145,,Raj Kumar Gupta,Ajay Devgn,Riteish Deshmukh,Vaani Kapoor,India,Hindi,6.6,,35850,120,14,13.6K,"$1,482,453",,,https://www.imdb.com/title/tt28089700/,New Movies
June and John,Comedy|Romance|Thriller,"Fascinated by an enigmatic woman who steals his attention, an ordinary man whose life is marked by monotony finds himself immersed in an intense romance that drags him into an unpredictable journey.","love,female full frontal nudity,female nudity,female frontal nudity,energy",2025-04-23,92,Not Rated,Luc Besson,Matilda Price,Luke Stanton Eddy,Ryan Shoos,France,English,5.1,,1098,12,16,1.7K,"$252,785",,,https://www.imdb.com/title/tt20218618/,New Movies
Contraataque,Action|Thriller,"Five friends shopping at the US/Mexico border face sicario hitmen, but the targets are actually Murciélagos.","mexico,military,special forces,army,narcos",2025-02-28,84,TV-MA,Chava Cartas,Luis Alberti,Noé Hernández,Leonardo Alonso,Mexico,Spanish,6,,6016,25,14,4.3K,,"$4,000,000 (estimated)",,https://www.imdb.com/title/tt23648788/,New Movies
Sakaal Tar Hou Dya,Drama,"Devastated by betrayal, Abhay plans suicide under stars until an unknown woman&apos;s laughter breaks through his despair.",,2025-10-10,115,,Alok Jain,Subodh Bhave,Manasi Naik,,India,Marathi,8.2,,2171,,,,,,,https://www.imdb.com/title/tt37186862/,New Movies
Jim Jefferies: Two Limb Policy,Documentary|Comedy|Talk-Show,"Comedian Jim Jefferies shares his comedic takes on small mustaches, challenges faced by straight men, and his dismissive view of acting as a profession.","stand up comedy special,stand up comedy",2025-08-12,63,TV-MA,Scott Zabielski,Jim Jefferies,,,United States,English,6.8,,1819,23,3,,,,,https://www.imdb.com/title/tt37649515/,New Movies
Space/Time,Crime|Sci-Fi|Thriller,"After a fatal test shuts down their project, a disgraced team of scientists resort to criminality to rebuild a forbidden space-bending engine that could save or annihilate the world.",australian science fiction,2026-01-13,89,,Michael O&apos;Halloran,Ashlee Lollback,Hugh Parker,Pacharo Mzembe,Australia,English,4.7,,1348,24,6,1.8K,,,,https://www.imdb.com/title/tt5050634/,New Movies
"Sorry, Baby",Comedy|Drama,"After a tragic event, a woman finds herself alone while everyone else continues with their lives as if nothing had happened.","rape,rape victim,female friendship,lesbian,sex scene",2025-07-25,103,R,Eva Victor,Eva Victor,Naomi Ackie,Louis Cancelmi,United States|Spain|France,English,7.1,90,22427,142,152,72.6K,"$3,446,512",,"$86,492",https://www.imdb.com/title/tt32843349/,New Movies
Mr. Rani,Comedy|Drama,"Raja dreams of becoming an actor but is forced by his parents to become an engineer. While struggling to become an actor, he accidentally gets a chance to play a girl&apos;s role and goes on to become the No. 1 actress.",,2025-02-07,128,,Madhu Chandra,Madhu Chandra,Lakshmi Karanth,Parvati Nair,India,Kannada,5.1,,1629,14,,,,,,https://www.imdb.com/title/tt28252581/,New Movies
Anaganaga Australia Lo,Action|Comedy|Crime,"An Indian former Chief Minister (CM) receives a demanding call from Melbourne, Australia, requesting a ransom of 100 crores in exchange for a top-secret that could jeopardize their political party&apos;s future as elections are approac...",,2025-03-21,171,,Taraka Rama,Prabha Agraja,Fabricio Christian Amansi,Sanya Bhatnagar,Australia|India,Telugu,6.7,,2094,16,4,,"$1,020",,,https://www.imdb.com/title/tt36203068/,New Movies
Flight Risk,Action|Crime|Drama,"A pilot transports an Air Marshal accompanying a fugitive to trial. As they cross the Alaskan wilderness, tensions soar and trust is tested, as not everyone on board is who they seem.","informant,government witness,prisoner transport,prisoner air transport,witness protection program",2025-01-24,91,R,Mel Gibson,Michelle Dockery,Mark Wahlberg,Topher Grace,United States,English,5.2,38,43648,570,158,52.3K,"$48,701,987","$25,000,000 (estimated)","$11,583,488",https://www.imdb.com/title/tt10078772/,New Movies
45,Action|Fantasy,"A gripping tale of life, love, and destiny, filled with raw emotions, intense drama and high-octane action.",,2025-12-24,144,,Arjun Janya,Shivarajkumar,Upendra,Raj B. Shetty,India,Kannada|Tamil|Telugu|Hindi|Malayalam,5.9,,1925,46,,,"$9,384",,,https://www.imdb.com/title/tt27263807/,New Movies
So Long Valley,Crime,"A missing woman&apos;s sister seeks help at Manali police. As authorities investigate her disappearance between Shimla and Manali, a taxi driver becomes suspect. The case reveals shocking twists about victim&apos;s role and hidden puppeteers.",,2025-07-25,124,,Man Singh,Tridha Choudhury,Akanksha Puri,Vikram Kochhar,India,Hindi,7.4,,3053,3,,,,,,https://www.imdb.com/title/tt37403476/,New Movies
La valle dei sorrisi,Drama|Horror,"In Italy&apos;s happiest village, a haunted teacher discovers dark secret behind weekly gatherings where locals seek healing from a teenage boy&apos;s embrace. His quest to save the youth reveals the sinister nature of a community hiding be...","gay,male nudity,psychological horror,mind control,class",,122,,Paolo Strippoli,Michele Riondino,Romana Maggiora Vergano,Roberto Citran,Italy|Slovenia,Italian,6.6,,1113,5,26,2.2K,"$376,210","€3,870,227 (estimated)",,https://www.imdb.com/title/tt33382323/,New Movies
The World Will Tremble,Biography|Drama|History,"The incredible, untold true story of how a group of prisoners attempt a seemingly impossible escape from the first Nazi death camp in order to provide the first eyewitness account of the Holocaust.","period drama,four word title,jews,friend killed,running for one&apos;s life",2025-03-14,109,,Lior Geller,Oliver Jackson-Cohen,Jeremy Neumark Jones,Charlie MacGechan,United Kingdom|United States,English,6.7,,2584,27,15,7.7K,,,,https://www.imdb.com/title/tt26595906/,New Movies
Ballad of a Small Player,Crime|Drama|Mystery,"When his past and his debts start to catch up with him, a high-stakes gambler laying low in Macau encounters a kindred spirit who might just hold the key to his salvation.","gambling,casino,suicide,addiction,greed",2025-10-29,101,R,Edward Berger,Colin Farrell,Tilda Swinton,Alex Jennings,United Kingdom|Germany,English|Cantonese,5.9,46,24065,194,115,30.9K,,,,https://www.imdb.com/title/tt32063098/,New Movies
Holland,Crime|Drama|Mystery,"A woman&apos;s picture-perfect life in quaint Holland, Michigan, crumbles when she and a friend uncover a twisted secret in their midst.","raccoon,holland michigan,one word title,female protagonist,mother son relationship",2025-03-27,110,R,Mimi Cave,Nicole Kidman,Gael García Bernal,Matthew Macfadyen,United States,English|Dutch,5,42,17888,148,71,33.2K,,,,https://www.imdb.com/title/tt3045628/,New Movies
Magalhães,Adventure|Biography|Drama,"Portuguese navigator Ferdinand Magellan leads a Spanish expedition to the Spice Islands in 1519. He quells mutinies, attempts to subjugate indigenous people and ultimately faces death in the Philippines.","female full frontal nudity,female nudity,skinny dipping,female frontal nudity,epic history",2026-03-17,160,Not Rated,Lav Diaz,Gael García Bernal,Ângela Azevedo,Amado Arjay Babon,Philippines|Spain|Portugal|France|Taiwan,Portuguese|English|Spanish|Visayan|French,6.4,90,1105,13,29,7.3K,"$490,717",,"$30,002",https://www.imdb.com/title/tt36456563/,New Movies
Zwei Staatsanwälte,Biography|Crime|Drama,"In the USSR in 1937, a newly appointed prosecutor discovers an undestroyed letter from a prisoner that reveals corruption in the secret police, the NKVD. His search for the truth becomes dangerous.","year 1937,soviet union,corruption,lawyer,1930s",2025-11-05,118,,Sergey Loznitsa,Alexander Kuznetsov,Anatoliy Beliy,Dmitrijus Denisiukas,France|Germany|Netherlands|Latvia|Romania|Lithuania|Ukraine,Russian|Ukrainian|English,7.1,85,1454,8,64,7.3K,"$773,593",,"$11,668",https://www.imdb.com/title/tt35521200/,New Movies
Roi Roi Binale,Drama|Musical|Romance,"Roi Roi Binale is a soul-stirring Assamese musical that weaves together themes of love, art, identity, and the lingering shadows of a region scarred by past turmoil.","blind singer,music band,bomb blast",2025-10-31,146,,Rajesh Bhuyan,Zubeen Garg,Mousumi Alifa,Joy Kashyap,India,Assamese,8.8,,1014,47,10,1.2K,,"₹50,100,000 (estimated)",,https://www.imdb.com/title/tt29939499/,New Movies
Antarktyda,Documentary,"Scientists live and research in Antarctica, facing isolation and harsh conditions. They study climate change, glaciers, and wildlife while maintaining Ukraine&apos;s presence on the continent.",,2025-09-04,86,,Anton Ptushkin,Anton Ptushkin,,,Ukraine,Ukrainian,8.5,,1160,4,,,,,,https://www.imdb.com/title/tt38164776/,New Movies
The Sound,Action|Horror|Thriller,A group of climbers embarks on a dangerous climb that has been off-limits for years. What initially begins as an audacious expedition transforms into a battle for survival against a force that toys with them.,group,2025-06-27,104,R,Brendan Devane,William Fichtner,Jocelyn Hudon,David Clennon,United States,English,3.6,,1110,10,16,1.8K,,,,https://www.imdb.com/title/tt21824986/,New Movies
Eiga Doraemon: Nobita no Esekai Monogatari,Animation|Adventure|Comedy,Set in the magnificent world of medieval Europe depicted in paintings. Doraemon and his friends jump into the &quot;world of the painting&quot; joined by Claire and her friends Milo and Chai as they emabark on a great adventure!.,"kids family,based on anime,doraemon,based on manga,based on tv series",2025-03-07,105,,Yukiyo Teramoto,Wasabi Mizuta,Megumi Ôhara,Yumi Kakazu,Japan,Japanese,7.3,,1087,15,,5.1K,"$40,180,353",,,https://www.imdb.com/title/tt33512868/,New Movies
Stephen,Mystery|Thriller,"Delves into the mind of a confessed killer being evaluated by a psychiatrist on a chilling case. The psychiatrist soon finds herself entangled in a mind-twisting mystery, which begins as an evaluation but leads to eternal darkness",psychological thriller,2025-12-05,123,,Mithun Balaji,Gomathi Shankar,Michael Thangadurai,Smruthi Venkat,India,Tamil|Telugu|Malayalam|Kannada|Hindi,5.4,,1601,37,3,,,,,https://www.imdb.com/title/tt38681567/,New Movies
Baby Girl,Drama|Family|Thriller,A Child vanishes from a hospital. A hospital attendant becomes the prime suspect and goes on the run while others search for the missing girl.,,2026-01-23,124,,Arun Varma,Nivin Pauly,Lijo Mol Jose,Sangeeth Prathap,India,Malayalam,5.8,,3065,20,,,"$146,847",,,https://www.imdb.com/title/tt35288598/,New Movies
Ajey: The Untold Story of a Yogi,Biography|Drama,"Ajey: The Untold Story of a Yogi follows the journey of Ajay Singh Bisht, who becomes Yogi Adityanath-a Hindu monk and a powerful political leader.","political drama,monk,hindu,indian politics,hindutva",2025-09-19,150,,Ravindra Gautam,Anant Joshi,Paresh Rawal,Shayank Shukla,India,Hindi|Telugu|Tamil|Kannada|Malayalam,5.7,,12697,61,,1.9K,$812,,,https://www.imdb.com/title/tt36376123/,New Movies
Paathirathri,Crime|Drama,"Two cops discover something strange at midnight, setting off a series of events that puts their careers, relationships, and lives at risk.",,2025-10-17,125,,Ratheena,Soubin Shahir,Navya Nair,Sunny Wayne,India,Malayalam,5.7,,1004,11,,,"$41,445",,,https://www.imdb.com/title/tt32607015/,New Movies
A Big Bold Beautiful Journey,Drama|Fantasy|Romance,"Two strangers who meet at a mutual friend&apos;s wedding have the chance to relive important moments from their pasts, illuminating the path that led them to the present and gaining the opportunity to change their futures.","gps,road trip,car trouble,singing along to music on a car radio,singing in a car",2025-09-19,109,R,Kogonada,Colin Farrell,Margot Robbie,Jennifer Grant,United States|Ireland,English,6,43,19675,247,132,59.9K,"$22,393,413","$45,000,000 (estimated)","$3,252,578",https://www.imdb.com/title/tt13650700/,New Movies
My Secret Santa,Comedy|Romance,"Taylor disguises as Santa at a resort to fund her daughter&apos;s ski lessons. Working with the charming manager Matthew, she finds holiday cheer and a chance at love amidst challenges.","christmas,christmas tree,gay couple,boss employee relationship,christmas film",2025-12-03,90,TV-PG,Mike Rohl,Alexandra Breckenridge,Ryan Eggold,Tia Mowry,United States,English,5.7,,9785,67,21,6.2K,"$489,252",,,https://www.imdb.com/title/tt35219851/,New Movies
Ground Zero,Action|Drama|History,"After the 2001 Parliament attack, BSF officer Dubey leads a 2-year probe uncovering the mastermind Ghazi Baba, enabling India&apos;s biggest anti-terror operation.",,2025-04-25,134,,Tejas Prabha Vijay Deoskar,Emraan Hashmi,Sai Tamhankar,Aeklavya Tomer,India,Hindi,6.7,,7078,51,8,2.4K,"$28,344",,,https://www.imdb.com/title/tt28377588/,New Movies
The Amateur,Action|Thriller,"When his supervisors at the CIA refuse to take action after his wife is killed in a London terrorist attack, a decoder takes matters into his own hands.","cryptography,cia central intelligence agency,terrorist,blackmail,attack",2025-04-11,122,PG-13,James Hawes,Rami Malek,Rachel Brosnahan,Jon Bernthal,United States,English,6.5,52,95966,445,166,131K,"$96,000,836","$60,000,000 (estimated)","$14,802,849",https://www.imdb.com/title/tt0899043/,New Movies
DD Next Level,Comedy|Horror,A sharp-witted film critic suddenly finds himself trapped inside the kind of movie he loves to ridicule.,,2025-05-16,133,,S. Prem Anand,Santhanam,Gautham Vasudev Menon,K. Selvaraghavan,India,Tamil,5.1,,2296,18,,1.2K,"$47,404",,,https://www.imdb.com/title/tt32864330/,New Movies
Anaganaga,,"A school teacher uses innovative storytelling methods to help struggling students, overcoming various challenges to achieve his goal.",starts with a statistic,2025-05-15,136,,Sunny Sanjay,Srinivas Avasarala,Bunny Arumalla Benjohn,Kajal Choudhary,India,Telugu,8.9,,2984,60,,,,,,https://www.imdb.com/title/tt33254177/,New Movies
Pangolin: Kulu&apos;s Journey,Documentary,"A man discovers purpose helping rescue a trafficked baby pangolin in South Africa. He dedicates himself to rehabilitating the endangered animal for release into the wild, in this film from My Octopus Teacher&apos;s director.",,2025-04-21,88,PG,Pippa Ehrlich,Gareth Thomas,Raymond Jansen,Nicci Wright,United Kingdom,English,7.5,,1393,15,21,1.7K,,,,https://www.imdb.com/title/tt27931052/,New Movies
Riwaj,Drama,"After marrying Hanif, Zainab faces abuse from her in-laws. When he tricks her with &apos;triple talaq&apos;, she must decide whether to fight for justice and rebuild her life.",,2025-03-07,130,,Manoj Sati,Myra Sareen,Aftab Shivdasani,Adhvik Mahajan,India,Hindi,5.2,,6236,4,19,,,"₹100,000,000 (estimated)",,https://www.imdb.com/title/tt27940347/,New Movies
Merah Putih: One for All,Animation|Adventure|Family,"Eight diverse kids form &quot;Tim Merah Putih&quot; to guard Indonesia&apos;s flag for Independence Day. When it goes missing, they unite on a mission to retrieve it, learning teamwork, patriotism, and the power of unity in diversity.","cgi animation,3d animation,kids family,cg animation,independence day",2025-08-14,70,Not Rated,Endiarto,,,,Indonesia,Indonesian,1,,4725,96,,,,,,https://www.imdb.com/title/tt37846979/,New Movies
Choo Mantar,Horror,Four friends decide to enter the morgan house looking for a secret treasure. The four discover that before independence the house belonged to a British employee named Morgan. What will happen next is not obvious.,"treasure,friend,secret,house",2025-01-10,142,,Navaneeth,Shankar Ashwath,Avinash,Rajani Bharadwaj,India,Kannada,7.5,,1771,10,,,"$1,021",,,https://www.imdb.com/title/tt25506052/,New Movies
Wick Is Pain,Documentary,"The never-before-seen footage and story behind the John Wick (2014) phenomenon, from independent film to billion-dollar franchise.","inglewood california,entertainment documentary,filmmaking,disagreement,stunt work",2025-05-09,126,Not Rated,Jeffrey Doe,Keanu Reeves,Chad Stahelski,Scott Adkins,United States,English,7.6,,2429,13,13,3.8K,,,,https://www.imdb.com/title/tt36751759/,New Movies
84 Jegopmiteo,Drama|Thriller,"Woo-seong, a man who finally saves up enough to buy an apartment, only to have it turn into a nightmare with financial ruin and mysterious noises from neighboring floors.","apartment,neighbor,resident,noise,floor",2025-07-18,118,TV-MA,Sharon S. Park,Kang Ha-neul,Yeom Hye-ran,Seo Hyun-woo,South Korea,Korean,5.9,,8097,50,31,5.0K,,,,https://www.imdb.com/title/tt32237537/,New Movies
Ask Sadece Bir An,Romance,"Rüzgar and Hayal come from vastly different worlds. Despite their contrasting backgrounds and cultural barriers, they navigate their haunting pasts while holding on to love.",,2025-02-14,112,,Mustafa Kotan,Cakal,Nilsu Berfin Aktas,Tuana Naz Tiryaki,Turkey,Turkish,3.8,,5463,6,,4.9K,"$2,228,981",,,https://www.imdb.com/title/tt35518081/,New Movies
East of Wall,Drama,"After the death of her husband, Tabatha- a young, tattooed, rebellious horse trainer- wrestles with financial insecurity and unresolved grief while providing refuge for a group of wayward teenagers on her broken-down ranch in the ...","horse trainer,badlands,death of husband,grief,tattoo",2025-11-10,97,R,Kate Beecroft,Porshia Zimiga,Tabatha Zimiga,Scoot McNairy,United States,English,6.1,74,1049,25,44,3.5K,"$644,583",,"$374,596",https://www.imdb.com/title/tt21349688/,New Movies
Io sono la fine del mondo,Comedy,"Angelo, a driver-for-hire who returns to Palermo to care for his aging parents. Seizing the chance, he seeks revenge on the authority figures who made his youth miserable. A dark comedy exploring rebellion and family.","parents son relationship,cynicism,raunchy comedy,restaurant",2025-01-09,96,,Gennaro Nunziante,Angelo Duro,Giorgio Colangeli,Matilde Piana,Italy,Italian,4.7,,1914,8,3,,"$505,573",,,https://www.imdb.com/title/tt33306253/,New Movies
The Jester 2,Horror,"When teen magician Max crosses paths with the sinister Jester on Halloween night, she must outsmart a supernatural killer whose magic is all too real and whose tricks always end up in blood.","sequel to cult horror,teenage magician,halloween,male rear nudity,body possession",2025-09-18,87,,Colin Krawchuk,Michael Sheffield,Kaitlyn Trentham,Jessica Ambuehl,United States,English,5,,1359,27,17,1.8K,"$261,212",,,https://www.imdb.com/title/tt37334010/,New Movies
The Yellow Tie,Adventure|Biography|Drama,"The extraordinary life of Sergiu Celibidache. From his childhood in Romania, to his exile in pursuit of a career in music, his struggle for survival in wartime Germany and his rise, fall and rise again, in an unimaginable life jou...",musician,2025-11-14,145,,Serge Ioan Celebidachi,Ben Schnetzer,John Malkovich,Sean Bean,Romania,English|German|Romanian|Italian|Hebrew,8.9,,3581,115,7,6.3K,"$3,487,244","€20,000,000 (estimated)",,https://www.imdb.com/title/tt5335774/,New Movies
Black Phone 2,Horror,"As Finn, now 17, struggles with life after his captivity, his sister begins receiving calls in her dreams from the black phone and seeing disturbing visions of three boys being stalked at a winter camp known as Alpine Lake.","second part,sequel,christian camp,reference to fed ex,sleepwalking",2025-10-17,114,R,Scott Derrickson,Ethan Hawke,Mason Thames,Madeleine McGraw,United States|Canada,English|Spanish,6.1,61,57065,572,180,84.5K,"$132,248,152","$30,000,000 (estimated)","$27,332,040",https://www.imdb.com/title/tt29644189/,New Movies
Ute och cyklar,Comedy|Drama|Romance,"Lisa and Daniel, brother and sister, prepare for Vätternrundan cycling race while facing detours, past romances, and marital issues that challenge their determination.","female rear nudity,love,female protagonist,second part,sequel",2025-05-23,98,TV-MA,Mårten Klingberg,Katia Winter,Fredrik Hallgren,Rakel Wärmländer,Sweden,Swedish,5.5,,1135,2,7,,,,,https://www.imdb.com/title/tt32598081/,New Movies
Worldbreaker,Action|Drama|Sci-Fi,A father hides his daughter on an island to keep her safe while he equips her for survival and the battles ahead.,"monster horror,dystopian sci fi",2025-12-05,95,R,Brad Anderson,Luke Evans,Milla Jovovich,Billie Boullet,United States,English,4.3,,2558,51,29,7.3K,"$189,608",,,https://www.imdb.com/title/tt14264694/,New Movies
3BHK,Drama,A middle-class family battles financial hurdles and personal setbacks while pursuing their dream of owning a home in the bustling city.,,2025-07-04,150,,Sri Ganesh,Siddharth,R. Sarathkumar,Devayani,India,Tamil|Telugu,7.4,,4313,74,3,2.5K,"$82,437",,,https://www.imdb.com/title/tt32411272/,New Movies
Le città di pianura,Comedy|Crime|Drama,"Two blustery 50-somethings, have an obsession: going for their last drink. One night, they run into Giulio, a shy architecture student, whose way of seeing the world and love will be transformed as the trio wander from bar to bar ...","friendship,italy,friendship between men,road trip adventure",2025-10-02,100,,Francesco Sossai,Filippo Scotti,Sergio Romano,Pierpaolo Capovilla,Italy|Germany,Italian|English|Spanish|Japanese,7.2,,1994,8,19,3.1K,"$1,837,561",,,https://www.imdb.com/title/tt36491632/,New Movies
LYF: Love Your Father,Drama,"After losing his father, Siddu navigates life&apos;s challenges while rebuilding his family&apos;s name. His father&apos;s spirit guides him through tough times, offering supernatural support in his journey.",,2025-04-04,147,,Pavan Ketharaju,Sri Harsha,Kashika Kapoor,S.P.B. Charan,India,Telugu,8.8,,1075,106,,,,,,https://www.imdb.com/title/tt33095912/,New Movies
Dora and the Search for Sol Dorado,Action|Adventure|Comedy,"Dora, Diego, and their new friends brave the treacherous Amazonian jungle, racing to uncover the legendary Sol Dorado treasure before villainous forces claim its immense power.","dora the explorer character,based on tv show,sequel,based on animated series,2nd installment",2025-07-02,96,TV-PG,Alberto Belli,Samantha Lorraine,Jacob Rodriguez,Mariana Garzón Toro,United States,English,5.4,,1829,19,10,2.3K,,,,https://www.imdb.com/title/tt32621553/,New Movies
Anemone,Drama,"In Northern England, a man heads out on a journey into the woods to reconnect with the estranged hermit brother with whom he shared a complicated past that was altered by life-changing events decades ago.","bare chested male,male rear nudity,male nudity,brother brother relationship,northern england",2025-10-03,125,R,Ronan Day-Lewis,Sean Bean,Samuel Bottomley,Lewis Ian Bray,United Kingdom|United States,English,5.6,53,7199,100,98,36.9K,"$1,568,977",,"$681,655",https://www.imdb.com/title/tt33549447/,New Movies
Mission Grey House,Action|Drama|Thriller,"Boy dons police uniform to fight criminals, pursuing his dream of becoming an officer. Kiara&apos;s father, an IG, learns of his actions and warns him about potential consequences.",,2025-01-17,118,,Naushad Siddiqui,Abeer Khan,Puja Sharma,Rajesh Sharma,India,Hindi,4.4,,1303,9,,,,,,https://www.imdb.com/title/tt34901083/,New Movies
The Lost Bus,Biography|Drama|History,A wayward school bus driver and a dedicated school teacher battle to save 22 children from a terrifying inferno.,"fire,based on real life event,based on book,based on true story,forest fire",2025-10-03,130,R,Paul Greengrass,Matthew McConaughey,America Ferrera,Yul Vazquez,United States,English,6.8,64,50962,318,97,71.1K,,,,https://www.imdb.com/title/tt21103218/,New Movies
Beauty,Drama|Romance,"A father&apos;s world shatters when his daughter vanishes. His desperate search becomes a journey testing trust, innocence, and unconditional love, revealing how far a parent will go for their child.",,2025-09-19,139,,JSS Vardhan,Ankith Koyya,Nilakhi Patra,V.K. Naresh,India,Telugu,8.3,,2149,4,,,,,,https://www.imdb.com/title/tt37980739/,New Movies
Ennu Swantham Punyalan,Comedy|Fantasy|Thriller,"Reluctant priest Thomas&apos; life is disrupted when a young woman and a thief unexpectedly arrive at his church mansion, leading to a series of chaotic encounters that uncover connections and revelations amidst misunderstandings and d...",,2025-01-10,127,,Mahesh Madhu,Anaswara Rajan,Arjun Ashokan,Renji Panicker,India,Malayalam|Tamil,5.7,,1481,14,,,"$9,626",,,https://www.imdb.com/title/tt29802145/,New Movies
Mr. Burton,Biography|Drama,"Wild schoolboy and son of an alcoholic miner, Rich Jenkins is mentored by teacher Philip Burton to transform into Richard Burton - Wales&apos;s greatest star.","wales,cathedral,reference to james joyce,rugby,oxford university",2025-04-04,124,,Marc Evans,Toby Jones,Lesley Manville,Harry Lawtey,United Kingdom|Canada|United States|Ireland,English,7.1,60,2630,42,21,7.0K,"$2,425,898",,,https://www.imdb.com/title/tt5171016/,New Movies
Aabhyanthara Kuttavaali,Drama,"A man in a troubled second marriage faces divorce complications when legal battles spiral with false domestic violence and dowry claims, turning the justice system itself into a form of punishment.",,2025-06-06,125,,Sethunath Pathmakumar,Asif Ali,Harisree Ashokan,Usha Chandra Babu,India,Malayalam,6.2,,1701,14,,,"$213,529",,,https://www.imdb.com/title/tt33074379/,New Movies
Aaromaley,Comedy|Drama|Romance,"A romantic dreamer faces reality when forced to work at a matchmaking agency under a practical boss. After learning love needs effort, he loses his chance. Years later, fate offers another opportunity.","feel good romance,bromance,family entertainer,buddy comedy,romantic comedy",2025-11-07,128,,Sarang Thiagu,Kishen Das,Shivathmika Rajashekar,Harshath Khan,India,Tamil|Telugu|Malayalam|Kannada|Hindi,7.2,,2533,18,,,,,,https://www.imdb.com/title/tt36587142/,New Movies
K-Ramp,Comedy|Drama|Romance,"Rich businessman Krishna sends his wayward son Kumar to Kerala for reform. There, Kumar falls for Mercy, a girl with PTSD and suicidal tendencies. Their love story faces challenges when Kumar decides to end things.",,2025-10-18,140,,Jains Nani,Vennela Kishore,Sai Kumar,Kiran Abbavaram,India,Telugu,7,,1489,10,,,"$29,750",,,https://www.imdb.com/title/tt35665459/,New Movies
Goat,Animation|Action|Adventure,"A small goat with big dreams gets a once-in-a-lifetime shot to join the pros and play roarball, a high-intensity, co-ed, full-contact sport dominated by the fastest, fiercest animals in the world.","3d,basketball sport,3 dimensional,cg animation,animals family",2026-02-13,100,PG,Tyree Dillihay,Caleb McLaughlin,Gabrielle Union,Stephen Curry,United States|Canada,English,6.7,60,11975,163,81,29.4K,"$181,900,900",,"$27,202,138",https://www.imdb.com/title/tt27613895/,New Movies
Stand Your Ground,Action|Crime|Thriller,"Former Special Forces operative, Jack Johnson, uses the Stand Your Ground law to seek vengeance for his wife&apos;s murder, igniting a brutal war against a local crime lord&apos;s family and ending in an explosive showdown.",,2025-05-09,99,,Fansu Njie,Daniel Stisen,Peter Stormare,Patrick Regis,United Kingdom,English,4.9,,1693,21,6,1.3K,,,,https://www.imdb.com/title/tt30826955/,New Movies
Accused,Drama,Explores the idea that not everyone accused of a crime is guilty. Delves into how even good people can be affected by the errors in the system and turn gangsters.,,2025-08-01,134,,Prabhu Srinivas,Udhaya,Ajmal Ameer,Yogi Babu,India,Tamil,8.6,,1302,,,,,,,https://www.imdb.com/title/tt36092523/,New Movies
Altered,Action|Sci-Fi,"In an alternate present, genetically enhanced humans dominate society. Outcasts Leon and Chloe fight for justice against corrupt politicians exploiting genetic disparity, risking everything to challenge the oppressive system.","voice over narration,one word title,man in wheelchair,tour,toy mouse",2025-11-21,87,PG-13,Timo Vuorensola,Tom Felton,Aggy K. Adams,Richard Brake,Canada|Cyprus,English,3.6,,1932,45,19,6.3K,"$346,774","$15,000,000 (estimated)",,https://www.imdb.com/title/tt32123395/,New Movies
The Twits,Animation|Adventure|Comedy,"Two orphans join forces with a family of magical animals to save their city from the powerful Mr. and Mrs. Twit, the meanest, smelliest, nastiest people in the world.","based on children&apos;s book,cgi animation,computer animation,3d animation,cg animation",2025-10-17,98,PG,Todd Demong,Johnny Vegas,Margo Martindale,Emilia Clarke,United States|United Kingdom,English,4.7,48,4148,131,20,6.7K,,,,https://www.imdb.com/title/tt0498396/,New Movies
The Gorge,Action|Adventure|Horror,Two operatives are appointed to posts in guard towers on opposite sides of a classified gorge.,"military,zombie,fog,cosmic horror,monster horror",2025-02-14,128,PG-13,Scott Derrickson,Miles Teller,Anya Taylor-Joy,Sigourney Weaver,United Kingdom|United States,English|Lithuanian,6.7,57,167786,1K,153,151K,,,,https://www.imdb.com/title/tt13654226/,New Movies
Controll,Action|Thriller,"An IMA cadet investigates his brother-in-law&apos;s suicide, discovering he was victim of a scam network. With his academy friends, he works to expose the organization and deliver justice.",,2025-10-10,116,,Safdar Abbas,Thakur Anoop Singh,Priya Anand,Rohit Roy,India,Hindi,6.9,,6278,,,,,₹1 (estimated),,https://www.imdb.com/title/tt27678883/,New Movies
Paderu 12Mile,Action|Thriller,"Paderu 12th mile is a Telugu movie starring Satyam Rajesh, Kalakeya Prabhakar, Sravan Raghavendra,Suhana Mudvari, Mukesh Gupta and BalBogati Roshan in prominent roles. A spiritual connection between a stone of 12th mile of Paderu.",,2025-06-06,125,,Nooka Sahibu,Satyam Rajesh,Prabhakar,Surya Bhagavan Das,India,Telugu,9.1,,2074,,,,,,,https://www.imdb.com/title/tt37232949/,New Movies
A Hard Place,Action|Horror|Thriller,"In a snow-covered forest, a group of criminals find themselves caught in the middle of an ancient feud between the monsters that roam the day and the creatures that rule the night","murder,monster movie,creatures,monster vs monster,gory",2025-05-27,88,,J. Horton,Felissa Rose,Lynn Lowry,Rachel Amanda Bryant,United States,English,5.7,,3407,30,25,1.7K,,"$200,000 (estimated)",,https://www.imdb.com/title/tt10555668/,New Movies
Drop,Drama|Mystery|Thriller,"A widowed mother&apos;s first date in years takes a terrifying turn when she&apos;s bombarded with anonymous threatening messages on her phone during their upscale dinner, leaving her questioning if her charming date is behind the harassment.","whodunit,whodunnit mystery,hitchcockian thriller,threatening behaviour,red herring",2025-04-11,95,PG-13,Christopher Landon,Meghann Fahy,Brandon Sklenar,Violett Beane,United States|Ireland,English,6.1,65,55115,387,205,63.0K,"$28,744,167","$11,000,000 (estimated)","$7,397,015",https://www.imdb.com/title/tt32149847/,New Movies
Screamboat,Comedy|Horror,"On the last ferry of the night in New York, passengers and crew are hunted by a merciless rat, and what should have been a peaceful crossing turns into a bloody massacre.","killer mouse,mouse,slasher horror,mouseploitation,grindhouse film",2025-04-02,102,Unrated,Steven LaMorte,David Howard Thornton,Tyler Posey,Jesse Kove,United States,English,4.1,44,4118,95,57,7.9K,"$393,011",,,https://www.imdb.com/title/tt30766582/,New Movies
Train Dreams,Drama,"Based on Denis Johnson&apos;s beloved novella, Train Dreams is the moving portrait of Robert Grainier, a logger and railroad worker who leads a life of unexpected depth and beauty in the rapidly-changing America of the early 20th Century.","logger,railroad worker,disappearance of wife,husband wife relationship,haunted by past",2025-11-21,102,PG-13,Clint Bentley,Joel Edgerton,Clifton Collins Jr.,Felicity Jones,United States,English,7.5,88,98677,563,162,159K,,,,https://www.imdb.com/title/tt29768334/,New Movies
Opus,Drama|Music|Thriller,"A writer travels to the compound of a pop icon who disappeared years ago. Surrounded by his cult of sycophants, as well as a group of fellow journalists, she soon discovers his twisted plans for the gathering.","27 year old woman,female protagonist,journalist,celebrity,no phones allowed",2025-03-14,104,R,Mark Anthony Green,Ayo Edebiri,John Malkovich,Juliette Lewis,United States,English,5.7,42,13505,124,104,33.2K,"$2,196,593","$10,000,000 (estimated)","$1,033,117",https://www.imdb.com/title/tt29929565/,New Movies
Badnaam,Action|Crime|Drama,"Following his release from prison, an outlaw with a tragic past challenges a ruthless crime boss for control of the local alcohol black market.",,2025-02-28,167,,Maneesh Bhatt,Jai Randhawa,Jasmin Bhasin,Mukesh Rishi,India,Punjabi,5.7,,1739,2,,7.5K,"$72,244",,,https://www.imdb.com/title/tt34927582/,New Movies
Hathya,Crime|Drama|Thriller,"A determined cop investigates the brutal murder of powerful politician J.C. Dharmendra Reddy in Telugu State, facing obstacles as she unravels a complex web of deceit to find the truth.",political thriller,2025-01-24,148,,Srividya Basawa,Ravi Varma,Dhanya Balakrishna,Pooja Ramachandran,India,Telugu,6.3,,1427,23,,,,,,https://www.imdb.com/title/tt31729526/,New Movies
Tinsel Town,Comedy,"A washed-up Hollywood action hero takes a role in a small English village&apos;s quirky Christmas pantomime, where he finds unexpected inspiration through the show&apos;s straight-talking dance instructor.","christmas,knaresborough yorkshire england",2025-11-28,93,,Chris Foggin,Colin Griff King,Jennifer Biddall,Kiefer Sutherland,United Kingdom,English,5.3,60,3164,105,17,4.7K,"$30,210",,,https://www.imdb.com/title/tt31308201/,New Movies
Test,Drama|Sport,Three people&apos;s worlds collide during a historic international cricket test match in Chennai which ultimately forces them to make life-changing difficult decisions.,,2025-04-04,145,,S. Sashikanth,Madhavan,Nayanthara,Siddharth,India,Malayalam|Telugu|Hindi|Kannada|Tamil,5.1,,2773,45,14,1.0K,,,,https://www.imdb.com/title/tt27477888/,New Movies
"The Rise of the Red Hot Chili Peppers: Our Brother, Hillel",Documentary|History|Music,"Gritty, formative years of the Los Angeles band, and the influence of original guitarist Hillel Slovak, who died in 1988. It features interviews with bandmates Flea and Anthony Kiedis who discuss the band&apos;s early evolution.",,2026-03-20,93,R,Ben Feldman,Hillel Slovak,Anthony Kiedis,Flea,United States,English,7.5,,2266,17,12,2.1K,,,,https://www.imdb.com/title/tt36971084/,New Movies
Oho Enthan Baby,Drama,"After Meera discovers his issues and leaves, filmmaker Ashwin channels his pain into a movie script. While pitching it, he questions if he wants this ending for his real story.",,2025-07-11,130,,Krishnakumar Ramakumar,Sujatha Babu,Geetha Kailasam,Karunakaran,India,Tamil|Hindi|Telugu|Malayalam|Kannada,6.2,,1416,16,,1.7K,"$1,691",,,https://www.imdb.com/title/tt31312310/,New Movies
Den stygge stesøsteren,Comedy|Drama|Horror,"Elvira battles against her gorgeous stepsister in a realm where beauty reigns supreme. She resorts to extreme measures to captivate the prince, amid a ruthless competition for physical perfection.","body horror,female star appears nude,clothed male naked female scene,close up of a woman&apos;s bare butt,man touches a woman&apos;s breasts",2025-03-07,109,Not Rated,Emilie Blichfeldt,Lea Myren,Ane Dahl Torp,Thea Sofie Loch Næss,Norway|Poland|Denmark|Romania|Sweden,Norwegian|Polish|Swedish,7,70,42915,193,186,81.1K,"$5,638,035",,"$174,930",https://www.imdb.com/title/tt29344903/,New Movies
Dog Man,Animation|Action|Adventure,"After a policeman and his police dog are fused together to turn into Dog Man, he must stop the villainous Petey the Cat from cloning himself and creating an evil kitten, doubling his evil abilities.","dog,jail,anthropomorphic dog,cat,police",2025-01-31,89,PG,Peter Hastings,Pete Davidson,Poppy Liu,Lil Rel Howery,United States,English,6.3,66,13777,174,73,17.4K,"$146,049,628","$40,000,000 (estimated)","$36,001,940",https://www.imdb.com/title/tt10954718/,New Movies
Aankhon Ki Gustaakhiyan,Romance,"In a world full of perfect love stories, bringing you one filled with Gustaakhiyan.","blind man,blindness",2025-07-11,140,,Santosh Singh,Shanaya Kapoor,Vikrant Massey,Zain Khan Durrani,India,Hindi,5.7,,29084,77,,9.8K,"$28,468",,,https://www.imdb.com/title/tt28812582/,New Movies
Sikandar,Action|Drama,A tragic accident pushes the powerful Sikandar to protect the less fortunate by standing up to corruption and greed - using any means necessary.,"epic action,one person army action,loss of wife,hindi,government minister",2025-03-30,148,Not Rated,A.R. Murugadoss,Salman Khan,Kajal Aggarwal,Sharman Joshi,India,Hindi,3.6,,53670,887,16,9.1K,"$3,027,235",,,https://www.imdb.com/title/tt31712434/,New Movies
Voor de meisjes,Drama|Thriller,A serene getaway in the Austrian Alps descends into chaos when the once-solid bond between two longtime couples starts to fracture.,"organ transplant,cell phone,friend,restaurant,vacation house",2025-10-02,103,,Mike van Diem,Thekla Reuten,Fedja van Huêt,Noortje Herlaar,Netherlands|Austria|Belgium,Dutch|German|English,7.4,,3205,17,7,3.1K,"$9,472",,,https://www.imdb.com/title/tt36474012/,New Movies
Feng Shen 2: Zhan huo Xi qi,Action|Drama|Fantasy,"Taishi Wen Zhong led the army of Shang Dynasty including Deng Chanyu and four generals of the Mo Family to Xiqi. With the help of Kunlun immortals such as Jiang Ziya, Ji Fa led the army and civilians of Xiqi to defend their homeland.","chinese drama,second in trilogy,part of trilogy,gods,shenmo",2025-01-29,145,,Wuershan,Huang Bo,Yosh Yu,Nashi,China,Mandarin|Chinese,6.2,,1792,17,15,2.9K,"$3,793,795",,"$1,268,131",https://www.imdb.com/title/tt32843325/,New Movies
Thank You Dear,Drama|Romance,Two young professionals navigate marriage and career dreams until a devastating incident with their neighbors tests their bond and values.,,2025-08-01,124,,Thota Srikanth Kumar,Dhanush Raghumudri,Hebah Patel,Rekha Nirosha,India,Telugu,7.8,,2082,4,,,,,,https://www.imdb.com/title/tt37376961/,New Movies
The Devil&apos;s Chair,Drama,"After losing his job and love, Vikram falls prey to the evil spirit Pundaksha. As darkness overtakes him, mentalist Manojava battles to free him from the curse. The Devil&apos;s Chair explores possession and survival.",,2025-02-21,102,,Gangadhara Advaitha,Adhire Abhi,Swathi Mandal,Chandra Subbagari,India,Telugu,6.4,,1773,,,,,,,https://www.imdb.com/title/tt35682880/,New Movies
Dominic and the Ladies&apos; Purse,Comedy|Thriller,"Dominic, a disgraced ex-cop turned detective, takes on a seemingly simple case to locate a purse&apos;s owner, which unveils a dark web of missing persons, murder, a stalker, and the mysterious dancer Nandhita.",,2025-01-23,151,,Gautham Vasudev Menon,Mammootty,Gokul Suresh,Viji Venkatesh,India,Malayalam,6.6,,5056,34,6,2.2K,"$559,852",,,https://www.imdb.com/title/tt32887317/,New Movies
Kissing Is the Easy Part,Romance,"Sean, a top student, agrees to tutor rebellious Flora for a college recommendation letter. Their growing attraction complicates more than just their academic goals.","teen romance,feel good romance",2026-02-13,100,,Fawzia Mirza,Jennifer Robertson,Paris Berelc,Asher Angel,Canada,,6,,1020,22,5,2.8K,,,,https://www.imdb.com/title/tt36935050/,New Movies
Ternet Ninja 3,Animation|Action|Adventure,"A teen loses interest in ninja adventures, causing his magical ninja friend to feel neglected. When an accidental run-in with a bully leads to trouble, the ninja pushes him to stand up for himself.","part of trilogy,final part,sequel,ninja,doll",2025-08-21,88,Not Rated,Thorbjørn Christoffersen,Anders Matthesen,Flora Ofelia Hofmann Lindahl,Emma Sehested Høeg,Denmark,Danish,7.4,,1131,5,,,"$971,485",,,https://www.imdb.com/title/tt32635378/,New Movies
A Merry Little Ex-Mas,Comedy,"A separated couple tries celebrating one last Christmas together with their kids before their divorce. However, the husband&apos;s new girlfriend joins the festivities, causing tension and chaos during the holidays.","woman wears a bobble hat,christmas,woman wears overalls,reference to led zeppelin,handywoman",2025-11-12,91,TV-PG,Steve Carr,Alicia Silverstone,Oliver Hudson,Jameela Jamil,United States,English,5.3,,10703,135,30,8.1K,,,,https://www.imdb.com/title/tt34992378/,New Movies
The Long Walk,Horror|Thriller,"A group of teenage boys compete in an annual contest known as &quot;The Long Walk,&quot; in which they must maintain a certain walking speed or get shot.","male protagonist,self sacrifice,friendship,death game,teenage boy",2025-09-12,108,R,Francis Lawrence,Cooper Hoffman,David Jonsson,Garrett Wareing,United States|Canada,English,6.7,71,107528,902,250,141K,"$62,906,882","$20,000,000 (estimated)","$11,703,621",https://www.imdb.com/title/tt10374610/,New Movies
Telusu Kada,,"A young man finds himself entangled in an emotional love triangle between two women, forcing him to confront deep questions about relationships, family bonds, and his own identity.",,2025-10-17,160,,Neeraja Kona,Raashi Khanna,Srinidhi Shetty,Harsha Chemudu,India,Telugu|Hindi|Tamil|Kannada|Malayalam,5.2,,1576,55,,,"$49,188",,,https://www.imdb.com/title/tt27881494/,New Movies
Stray Kids: The dominATE Experience,Documentary|Music,"Captures the K-pop group&apos;s sold-out performances at Los Angeles&apos; SoFi Stadium, combining concert footage from Stray Kids&apos; dominATE world tour with behind-the-scenes material.",,2026-02-06,146,Not Rated,Paul Dugdale,Bang Chan,Lee Know,Seo Changbin,United States,English,8.3,,1412,110,7,,"$23,465,818",,"$5,710,133",https://www.imdb.com/title/tt39216314/,New Movies
Project Hail Mary,Adventure|Comedy|Sci-Fi,"A science teacher wakes up alone on a spaceship. As his memory returns, he uncovers a mission to stop a mysterious substance killing Earth&apos;s sun and that an unexpected friendship may be the key.","outer space,alien,space sci fi,teacher,based on novel",2026-03-20,156,PG-13,Phil Lord,Ryan Gosling,Sandra Hüller,James Ortiz,United States,English,8.4,77,137137,1.7K,253,305K,"$334,771,548","$200,000,000 (estimated)","$80,506,007",https://www.imdb.com/title/tt12042730/,New Movies
Oni Goroshi,Action|Adventure|Crime,"Framed for his family&apos;s murder and left for dead, an ex-hitman will stop at nothing to exact revenge on the masked &quot;demons&quot; who have taken over his city.","revenge,based on manga,criminal,supernatural thriller,supernatural fantasy",2025-02-27,106,TV-MA,Seiji Tanaka,Tôma Ikuta,Masahiro Higashide,Miou Tanaka,Japan,Japanese,5.4,,6314,50,31,4.4K,,,,https://www.imdb.com/title/tt35111035/,New Movies
Sisu 2,Action|Thriller|War,"A man returns to dismantle his family&apos;s house, where they were murdered in war, to rebuild it elsewhere. When the killer, a Red Army commander, tracks him down, a brutal cross-country pursuit begins.","one person army action,survival,finland,red army officer,fighter plane",2025-11-21,89,R,Jalmari Helander,Jorma Tommila,Stephen Lang,Richard Brake,Finland|United Kingdom,English|Finnish,6.8,76,29674,237,105,44.7K,"$9,811,703","€11,000,000 (estimated)","$2,408,490",https://www.imdb.com/title/tt31844586/,New Movies
Asurvan,Thriller,"An outsider enters a tribal village shaken by strange incidents and ancient fears. As beliefs and reality collide, he uncovers secrets hidden deep within Asurvan&apos;s mysterious forest.",b horror,2025-12-05,135,,Sachin Ramchandra Ambat,Rohit Ayare,Nilesh Badhe,Sachin Chandwade,India,Marathi,8.2,,2035,58,,,,"₹5,500,000 (estimated)",,https://www.imdb.com/title/tt38942761/,New Movies
Tu Yaa Main,Romance|Thriller,"Two content creators&apos; adventure becomes a deadly game of survival, forcing them to navigate both nature&apos;s dangers and their own rivalry.","nature horror,creature feature",2026-02-13,143,,Bejoy Nambiar,Shanaya Kapoor,Adarsh Gourav,Amruta Khanvilkar,India,Hindi,8.4,,2825,29,12,2.0K,"$25,693",,,https://www.imdb.com/title/tt36118360/,New Movies
Su from So,Comedy|Horror,"In a quiet village, a boy&apos;s innocent crush unleashes strange events that have everyone convinced he&apos;s brought a ghost along with his feelings",slapstick comedy,2025-07-25,137,Not Rated,J.P. Tuminadu,Raj B. Shetty,Shanil Guru,Prakash Thuminad,India,Kannada,7.6,,7732,153,6,5.9K,"$757,402","₹30,000,000 (estimated)",,https://www.imdb.com/title/tt37629310/,New Movies
Jaat,Action|Crime|Drama,"After a ruffian accidentally ruins his meal, a traveler retorts violently and demands an apology, unintentionally finding himself in a web of violence, crime and corruption spun by a feared criminal.","epic action,one person army action,world cinema,ruffian,asian cinema",2025-04-10,158,TV-MA,Gopichand Malineni,Sunny Deol,Randeep Hooda,Vineet Kumar Singh,India,Hindi|Telugu,6,,13270,221,16,13.3K,"$567,075",,,https://www.imdb.com/title/tt32223398/,New Movies
Kousalya Tanaya Ragava,,"Against the backdrop of rural Ramapuram in 1986, Raghava and Kavya&apos;s love story unfolds among the colorful village personalities.",,2025-04-11,147,,Swamy Patnaik,Mahesh Achanta,Rajesh Konchada,Sunitha Manohar,India,Telugu,9.3,,1206,6,,,,,,https://www.imdb.com/title/tt36460794/,New Movies
Hoppers,Animation|Adventure|Comedy,A 19-year-old animal lover uses technology that places her consciousness into a robotic beaver to uncover mysteries within the animal world beyond her imagination.,"robot,nature lover,soul transference,cgi animation,beaver",2026-03-06,104,PG,Daniel Chong,Piper Curda,Bobby Moynihan,Jon Hamm,United States,English,7.5,73,26729,348,154,62.3K,"$301,660,085","$150,000,000 (estimated)","$45,349,801",https://www.imdb.com/title/tt26443616/,New Movies
Madharaasi,Action|Drama|Romance,"Reeling from a breakup, a man with a tragic past becomes involved in an operation to stop the mass distribution of weapons.","one person army action,psychological thriller",2025-09-05,160,Not Rated,A.R. Murugadoss,Sivakarthikeyan,Rukmini Vasanth,Vidyut Jammwal,India,Tamil|Telugu|Kannada|Hindi,6.7,,10368,158,4,3.5K,"$736,301",,,https://www.imdb.com/title/tt28252563/,New Movies
Gekijô-ban Jujutsu Kaisen Kaigyoku / Gyokusetsu,Animation|Action|Fantasy,"Once-friends Gojo and Geto must protect Riko Amanai, marked as the Star Plasma Vessel sacrifice. Hunted by cultists and curse users, these powerful sorcerers face a mission that will test their limits and shape their futures.","hand drawn animation,anime animation,shonen anime animation,for grown ups animation",2025-07-16,110,,Shouta Goshozono,Ryan Bartley,Reba Buhr,Amber Lee Connors,Japan,Japanese,7.8,,2139,10,5,4.4K,"$9,395,267",,"$442,799",https://www.imdb.com/title/tt36956670/,New Movies
Is This Thing On?,Comedy|Drama,"As their marriage unravels, Alex faces middle age and divorce, seeking new purpose in the New York comedy scene. Meanwhile, his wife Tess confronts sacrifices made for their family, forcing them to navigate co-parenting and identi...","question mark in title,four word title,husband wife relationship,parents,brushing teeth",2025-12-19,121,R,Bradley Cooper,Will Arnett,Laura Dern,Andra Day,United States,English,6.7,72,11882,118,139,54.2K,"$9,858,231",,"$135,833",https://www.imdb.com/title/tt28083456/,New Movies
Haq,Drama,"In 1980s India, Shazia Bano seeks justice when her husband stops child support after remarrying. His attempt to silence her with triple talaq sparks a national debate on women&apos;s rights and faith.","indian muslim,legal drama,reference to sharia law,muslim law,courtroom",2025-11-07,134,,Suparn Varma,Yami Gautam,Emraan Hashmi,Sheeba Chaddha,India,Hindi,7.9,,15478,313,20,7.8K,"$294,759",,,https://www.imdb.com/title/tt36642456/,New Movies
Param Sundari,Romance,"In Kerala&apos;s picturesque backwaters, a North Indian and South Indian find unexpected love. Their cultural differences spark a hilarious and chaotic romance, full of twists and turns. Two diverse worlds collide in a heartwarming story.",,2025-08-29,152,Not Rated,Tushar Jalota,Sidharth Malhotra,Janhvi Kapoor,Manjot Singh,India,Hindi,5,,53567,306,19,3.5K,"$785,392",,,https://www.imdb.com/title/tt33996113/,New Movies
Volshebnik Izumrudnogo goroda. Doroga iz zhyoltogo kirpicha,Adventure|Family|Fantasy,"Swept by a hurricane into a magical and unknown world, Ellie and her new friends, the Scarecrow, the Tin Man and the Cowardly Lion, set off for the Emerald City in search of the Wizard who will grant their cherished wishes.",fairy tale fantasy,2025-01-01,120,,Igor Voloshin,Svetlana Khodchenkova,Yuri Kolokolnikov,Sofya Lebedeva,Russia,Russian,5.3,,1137,7,6,,"$43,514,205","RUR 979,347,501 (estimated)",,https://www.imdb.com/title/tt24218194/,New Movies
Thalaivan Thalaivii,Action|Comedy|Drama,"Two headstrong lovers navigate a turbulent relationship where passion and conflict intertwine, creating an intense emotional bond through their shared journey.","feel good romance,steamy romance,romantic comedy",2025-07-25,140,Not Rated,Pandiraaj,Vijay Sethupathi,Nithya Menen,Yogi Babu,India,Tamil|Telugu|Kannada|Hindi|Malayalam,5.7,,2799,52,,2.2K,"$552,911",,,https://www.imdb.com/title/tt32827713/,New Movies
Dehset Bey,Action|Drama|Romance,"An elite assassin from a secretive guild of orphaned killers faces an impossible choice when he falls in love, defying the organization&apos;s core principles and setting off a chain of devastating events.","female topless nudity,male nudity,forbidden love,dilemma,male rear nudity",2025-10-21,139,,Mehmet Ada Öztekin,Baris Arduç,Tuba Büyüküstün,Yildiray Sahinler,Turkey,Turkish,7.3,,4628,13,2,8.2K,,,,https://www.imdb.com/title/tt32990818/,New Movies
The Choral,Drama|History|Music,"A choral society&apos;s male members enlist in World War I, leaving the demanding Dr. Guthrie to recruit teenagers. Together, they experience the joy of singing while the young boys grapple with their impending conscription into the army.","male rear nudity,male nudity,masturbation,bare chested male,year 1916",2025-11-07,113,R,Nicholas Hytner,Taylor Uttley,Oliver Briscombe,Amara Okereke,United Kingdom|United States,English,6.4,60,2593,43,52,12.6K,"$9,534,882",,"$18,023",https://www.imdb.com/title/tt31851518/,New Movies
Get-Set Baby!,Drama,"A male gynecologist, once the sole man in his college class, works in a female-dominated field. He develops feelings for someone who initially dislikes him but slowly warms up, while facing career challenges.",,2025-02-21,137,,Vinay Govind,Nikhila Vimal,Unni Mukundan,Chemban Vinod Jose,India,,6.3,,1247,4,,,"$74,524",,,https://www.imdb.com/title/tt29718448/,New Movies
Jai Mata Ji: Let&apos;s Rock,Drama,"An 80-year-old woman faces four wild options after a government program disrupts her life: revenge on family, rekindling romance, living luxuriously, or choosing it all in this comedy about family surprises.","dramedy drama,lifestyle,emotion,year 2025,family comedy",2025-05-09,118,,Manish Saini,Utkarsh Mazumdar,Neela Mulherkar,Vyoma Nandi,India,Gujarati,6.9,,8806,5,9,,,"₹50,000,000 (estimated)",,https://www.imdb.com/title/tt35705898/,New Movies
Parasakthi,Action|Drama|History,"Based on true events, the film revolves around the Anti-Hindi Imposition agitations in Tamil Nadu that happened in 1965.","period drama,epic drama,academia drama,political drama",2026-02-07,161,,Sudha Kongara,Sivakarthikeyan,Ravi Mohan,Atharvaa Murali,India,Tamil,6.2,,8065,149,,1.1K,"$767,881",,,https://www.imdb.com/title/tt35019998/,New Movies
Sidelined 2: Intercepted,Romance|Sport,Star quarterback Drayton and dancer Dallas face relationship challenges amid his recovery from a setback and her doubts about her future. Their bond strains as they deal with distance and personal changes.,"student athlete,college football,los angeles california,university of southern california,college student",2025-11-27,101,,Justin Wu,Noah Beck,Siena Agudong,Charlie Gillespie,United States|Canada,English,5.4,,1035,12,7,3.3K,,,,https://www.imdb.com/title/tt35672930/,New Movies
Summer of 69,Comedy|Drama,"Abby seeks to impress her crush by learning a specific sexual position, enlisting a stripper&apos;s help. However, she realizes true self-discovery and lasting friendship are more valuable.",striptease,2025-05-09,101,TV-MA,Jillian Bell,Chloe Fineman,Sam Morelos,Matt Cornett,United States,English,5.8,64,3317,24,25,6.0K,,,,https://www.imdb.com/title/tt32378300/,New Movies
Gustaakh Ishq,,"Nawabuddin seeks to learn shayari poetry from Urdu poet Ajiz. He meets Ajiz&apos;s daughter, sparking romance. They share poetry and tea until misunderstandings drive them apart.",,2025-11-28,128,,Vibhu Puri,Naseeruddin Shah,Vijay Varma,Fatima Sana Shaikh,India,Hindi,7.2,,3725,29,8,1.5K,"$7,420",,,https://www.imdb.com/title/tt30007502/,New Movies
Nuremberg,Biography|Drama|History,"A WWII psychiatrist evaluates Nazi leaders before the Nuremberg trials, growing increasingly obsessed with understanding evil as he forms a disturbing bond with Hermann Göring.","luxembourg,male frontal nudity,male full frontal nudity,brief male full frontal nudity,brief male frontal nudity",2025-11-07,148,PG-13,James Vanderbilt,Rami Malek,Russell Crowe,Michael Shannon,Hungary|United States,English|German,7.4,61,79112,539,156,174K,"$56,832,629",,"$3,883,295",https://www.imdb.com/title/tt29567915/,New Movies
Maspalomas,Drama,"Vicente, an elderly gay man, decides to hide his sexual orientation after moving to a nursing home, where he will have to face his own fears and prejudices.","male nudity,male full frontal nudity,male frontal nudity,gay kiss,gay protagonist",2025-09-26,115,,Aitor Arregi,José Ramón Soroiz,Julian Hackenberg,Zorion Eguileor,Spain,Spanish|Basque,7.2,,1607,3,10,1.8K,"$883,313",,,https://www.imdb.com/title/tt34945265/,New Movies
Biao ren,Action|Adventure|Drama,"Dao Ma, a bounty hunter, takes a job to protect a man on the long road to the city of Chang&apos;an. However, he discovers the person he is protecting is the empire&apos;s most wanted bounty, Zhi Shi Lang. Now, every greedy faction is after...","based on manhua,chinese drama,sword and sandal history,live action adaptation,swordplay",2026-02-17,126,R,Yuen Woo-Ping,Jing Wu,Nicholas Tse,Yosh Yu,China,Mandarin,7.3,,1191,26,29,6.2K,"$198,856,793",,"$479,781",https://www.imdb.com/title/tt32649961/,New Movies
Dollhouse,Drama|Horror|Mystery,"When her 5-year-old daughter dies, a mother is devastated but finds solace in a doll that looks like her daughter and begins to treat the toy as part of the family. But after giving birth to another child, strange things begin to ...","strange events,japanese horror,doll,supernatural horror,mourning",2025-06-13,110,,Shinobu Yaguchi,Masami Nagasawa,Kôji Seto,Tetsushi Tanaka,Japan,Japanese,6.6,,1170,5,10,2.9K,"$11,567,855",,,https://www.imdb.com/title/tt35276942/,New Movies
Madea&apos;s Destination Wedding,Comedy|Drama|Romance,"Madea and her family attend Tiffany&apos;s rushed destination wedding in the Bahamas. Tensions arise as Tiffany doubts her fiancé Zavier, and her mother acts strangely, raising suspicions about the marriage&apos;s legitimacy.",,2025-07-11,102,PG-13,Tyler Perry,Tyler Perry,Cassi Davis,David Mann,United States,English,5.1,,3600,61,19,4.5K,,,,https://www.imdb.com/title/tt33299083/,New Movies
When It Rains in LA,Crime|Horror|Thriller,"Following an Eastern European girl&apos;s escape from trauma, she goes on a vacation with friends, where she confronts her unresolved past and the consequences of her relocation.",psychological thriller,2025-01-07,80,R,David M. Parks,Mike Ferguson,LeeAnne Bauer,Eric Roberts,United States,English,6.4,,1725,36,10,,,,,https://www.imdb.com/title/tt13934264/,New Movies
All the Devils Are Here,Mystery|Thriller,"Secluded in the middle of Dartmoor, Four thieves find themselves hiding out with nothing to do but count the money and time to kill.",,2025-09-25,91,R,Barnaby Roper,Eddie Marsan,Sam Claflin,Burn Gorman,United States|United Kingdom,English,5.4,,2184,13,16,4.8K,,,,https://www.imdb.com/title/tt26896414/,New Movies
Bhishmar,Comedy|Music|Romance,"A chance encounter between two men triggers a series of chaotic events over a single night, involving a love story and action-packed sequences.",,2026-03-20,142,,East Coast Vijayan,Dhyan Sreenivasan,Vishnu Unnikrishnan,Indrans,India,Malayalam,8,,1096,,,,$259,,,https://www.imdb.com/title/tt37970069/,New Movies
David,Animation|Adventure|Drama,"From his mother&apos;s songs to his clash with Goliath, David&apos;s journey from humble shepherd to anointed king tests the limits of faith, courage, and love--culminating in a battle for the soul of a kingdom.","israel,biblical,cg animation,king david character,based on the bible",2025-12-19,109,PG,Phil Cunningham,Brandon Engman,Brian Stivale,Shahar Tavoch,South Africa|United States,English,6.9,55,5264,439,30,14.2K,"$85,033,194",,"$22,000,555",https://www.imdb.com/title/tt15678738/,New Movies
Night Patrol,Horror|Mystery|Thriller,An L.A. cop discovers a local task force is hiding a secret that puts the residents of his childhood neighborhood in danger.,"vampire,vampire horror,racist,secret,b horror",2026-01-16,103,R,Ryan Prows,Jermaine Fowler,Justin Long,Freddie Gibbs,United States|United Kingdom,English,4.3,53,1705,41,46,14.8K,"$372,115",,"$249,634",https://www.imdb.com/title/tt8637438/,New Movies
Xeno,Adventure|Drama|Mystery,"A young girl and a terrifying alien form a powerful bond after a chance encounter in the desert, sending them on an adventure that questions the nature of good and evil.","alien,alien invasion sci fi,desert,dune,friend",2025-09-19,103,PG-13,Matthew Loren Oates,Lulu Wilson,Omari Hardwick,Trae Romano,United States,English,5.1,,1628,28,15,6.9K,"$107,522",,"$71,901",https://www.imdb.com/title/tt27629220/,New Movies
Hello Beautiful,Drama,"Willow, a successful career woman, is diagnosed with breast cancer. She navigates the challenges, rediscovers self-worth, and finds inner strength, drawing from real-life experiences that explore human resilience amid adversity.",based on novel,2025-04-02,98,,Ziad H. Hamzeh,Tarek Bishara,Tricia Helfer,Lisa Marcos,United States,,9,,1116,28,9,,,"$1,900,000 (estimated)",,https://www.imdb.com/title/tt9018874/,New Movies
Spinal Tap II: The End Continues,Comedy|Music,The band reunite after a 15-year break for one final concert.,"spinal tap band,mockumentary,sequel,mockumentary comedy,second part",2025-09-12,83,R,Rob Reiner,Christopher Guest,Michael McKean,Harry Shearer,United States,English,6.4,57,8428,125,64,19.8K,"$3,344,424",,"$1,612,395",https://www.imdb.com/title/tt20222166/,New Movies
Marty Supreme,Drama|Sport,"Marty Mauser, a young man with a dream no one respects, goes to hell and back in pursuit of greatness.","table tennis,new york city,male nudity,1950s,hustler",2025-12-25,149,R,Josh Safdie,Timothée Chalamet,Gwyneth Paltrow,Odessa A&apos;zion,United States|Finland,English|Japanese|French,7.7,89,148280,1.1K,265,245K,"$179,401,631","$65,000,000 (estimated)","$875,000",https://www.imdb.com/title/tt32916440/,New Movies
Cursa,Action,"Jaw-dropping cars, insane stunts and extremely powerful engines make the movie &quot;Cursa/ The Race&quot; the most daring film produced in Romania.","flashback,romania,car racing,car crash,street racing",2025-10-24,97,,Anghel Damian,Cristina Stefania Codreanu,Codin Maticiuc,Denis Hanganu,Romania,Romanian|English|Spanish|Romany,6.3,,1553,16,2,,"$2,005,405",,,https://www.imdb.com/title/tt35052447/,New Movies
Projapati 2,Drama,"A Bengali family&apos;s restaurant and home become the backdrop for an emotional reunion as scattered generations return for a festival, forcing them to redefine their bonds and sense of belonging.",festival,2025-12-25,151,,Avijit Sen,Aparajita Adhya,Anirban Chakrabarti,Mithun Chakraborty,India,Bengali,7.9,,1185,11,,,"$4,047",,,https://www.imdb.com/title/tt38349049/,New Movies
Love Matteru,Romance,"In the past, love developed slowly through genuine effort. Today, it&apos;s often quick and surface-level, shaped by instant interactions. Despite this, many still seek deeper connections. Love Matteru connects the dots.","2024,forever,indian film,love",2025-08-22,130,,Viraata Bilwa,Anitha Bhat,Viraata Bilwa,Sushmitha Gopinath,India,Kannada,8.4,,1097,16,,,,"₹20,000,000 (estimated)",,https://www.imdb.com/title/tt33684347/,New Movies
Icefall,Action|Crime|Thriller,The story revolves around a young Native American game warden who captures a notorious poacher only to learn that the poacher is aware of the location of a plane carrying millions of dollars that has crashed in a frozen lake.,"male nudity,male rear nudity,male pubic hair,bare chested male,brief male frontal nudity",2025-11-04,95,R,Stefan Ruzowitzky,Joel Kinnaman,Cara Jade Myers,Martin Sensmeier,United States,English,5.1,,2353,25,8,5.2K,"$193,066",,,https://www.imdb.com/title/tt29780866/,New Movies
Echo Valley,Drama|Thriller,"Kate is dealing with a personal tragedy while owning and training horses in Echo Valley, an isolated and picturesque place, when her daughter, Claire, arrives at her doorstep, frightened, trembling and covered in someone else&apos;s bl...","same sex marriage,lesbian,lesbian mother,lesbian stereotype,daughter",2025-06-13,104,R,Michael Pearce,Julianne Moore,Sydney Sweeney,Domhnall Gleeson,United States,English,6.2,54,22924,144,78,37.7K,,,,https://www.imdb.com/title/tt27052633/,New Movies
Shaman,Drama|Horror|Mystery,A missionary converting an Indigenous community in a remote Ecuadorian volcano must come to terms with her own faith when her son is possessed by dark forces.,"supernatural horror,folk horror,psychological thriller",2025-08-08,98,R,Antonio Negret,Sara Canning,Daniel Gillies,Jett Klyne,Ecuador|United States,English|Quechua|Spanish,4.5,,1261,26,33,3.4K,"$36,590",,,https://www.imdb.com/title/tt28554021/,New Movies
Putin,Biography|Crime|Drama,"A portrait of a formidable political figure, unraveling the contrasting facets of an iron-fisted tyrant and a man haunted by fear.",political thriller,2025-01-10,109,R,Patryk Vega,Tomasz Dedek,Natalia Jedrus,Justyna Karlowska,Poland|Malta|Russia|Syria|United States|Ukraine|Israel|Jordan,English,3.1,,2076,29,11,2.4K,"$428,925","$15,000,000 (estimated)",,https://www.imdb.com/title/tt20414834/,New Movies
Playdate,Action|Comedy,Brian has just been fired from his job. He becomes a stay-at-home dad. He accepts a playdate invitation from another stay-at-home dad who turns out to be a loose cannon.,"buddy comedy,biotech sci fi,male protagonist,male male relationship,father",2025-11-12,93,PG-13,Luke Greenfield,Alan Ritchson,Kevin James,Banks Pierce,United States,English,5.5,20,27269,307,41,31.3K,"$529,204",,,https://www.imdb.com/title/tt31425731/,New Movies
The Smashing Machine,Action|Biography|Drama,"The story of mixed-martial arts and UFC champion, Mark Kerr.","martial arts,mixed martial arts,cameo appearance by real life subject,based on true story,champion",2025-10-03,123,R,Benny Safdie,Dwayne Johnson,Emily Blunt,Ryan Bader,United States|Japan|Canada,English|Japanese,6.3,65,68788,409,222,104K,"$21,131,147","$40,000,000 (estimated)","$5,841,662",https://www.imdb.com/title/tt11214558/,New Movies
Amara Premi Arun,Comedy|Drama|Romance,"Amara Premi Arun is a heartfelt romantic comedy drama following Arun on his journey to reunite with his childhood love, Kavya. This enchanting tale weaves together love, friendship, family and nostalgia in a quest for lost romance.",,2025-04-25,144,,Praveen Kumar G,Harisharvaa,Deepika Aradhya,Dharmanna Kadur,India,Kannada,7.4,,1054,,,,,"₹50,000,000 (estimated)",,https://www.imdb.com/title/tt36071709/,New Movies
Ten Hours,Thriller,"A bus murder investigation unfolds, revealing possible scenarios and suspects. As everyone undergoes questioning, hidden layers of the case begin to surface.",,2025-04-18,118,,Ilayaraja Kaliyaperumal,Dileepan,Gajaraj,Aranganathan,India,Tamil|Malayalam,5.9,,1640,20,,,,,,https://www.imdb.com/title/tt29456794/,New Movies
Itlu Me Yedava,Comedy|Drama|Family,"Srinu, a directionless 30-year-old, falls for perfect neighbor Manaswini. As he transforms himself to win her love, her father gives him one month to prove his worth, but mishaps complicate his journey.",,2025-11-21,132,13+,Thrinadh Katari,Thrinadh Katari,Sahithi Avancha,Tanikella Bharani,India,Telugu,9.6,,2244,,,,,,,https://www.imdb.com/title/tt38949436/,New Movies
Anpodu Kanmani,Family,"A newlywed couple faces the amusing challenges of balancing their modern lifestyle with traditional family expectations in Kerala, leading to a series of heartwarming and comedic situations.",,2025-01-24,120,,Liju Thomaz,Arjun Ashokan,Anagha Narayanan,Johny Antony,India,Malayalam,5.2,,2446,7,,,"$4,562",,,https://www.imdb.com/title/tt31616118/,New Movies
Enemigos,Drama,"What would you do for your enemy? This is the story of two teenagers from the neighborhood, victim and executioner, bullied and harassed, who have grown up being irreconcilable enemies.",,2025-08-29,103,Not Rated,David Valero,Christian Checa,Hugo Welzel,Estefanía de los Santos,Spain|United States,Spanish,6.7,,1458,14,4,,"$205,584",,,https://www.imdb.com/title/tt34190272/,New Movies
Raju Gari Dongalu,Crime,"In 1999, a businessman(marwadi) named Raja Natwarlal Seth operated large scale businesses in a town called Kothapatnam. Unknowns to many, he was also involved in hawala transactions even maintained a secret syndicate for these ope...",,2025-03-21,115,,Lhokesh Ranal Hitaso,Joshith raj kumar Dantuluri,Lohith Kalyan,Rajesh Konchada,India,Telugu,8.5,,2057,,,,,,,https://www.imdb.com/title/tt36215872/,New Movies
Kaushaljis vs Kaushal,Drama,"A son suggests his middle-aged parents separate during an argument. When his girlfriend expresses preference for traditional family values, tensions rise, affecting both couples&apos; relationships.",,2025-02-21,131,,Seemaa Desai,Ashutosh Rana,Sheeba Chaddha,Isha Talwar,India,Hindi,6.1,,10914,29,5,,,,,https://www.imdb.com/title/tt26655658/,New Movies
Gondhal,,"A suffocating young bride, Suman, uses her lover Sarjerao&apos;s obsession in Gondhal ritual and turns sacred tradition into a deadly chess match.",,2025-11-14,120,,Santosh Davakhar,Ishita Deshmukh,Ayush Ulagadde,Prashant Deshpande,India,Marathi,9.3,,3167,6,,,,,,https://www.imdb.com/title/tt38651971/,New Movies
Black Night,,"A murdered woman&apos;s vengeful spirit terrorizes men while dark sorcerers target Akshara, who fights back with divine protection from the Goddess in a battle of survival and spiritual power.",,2025-08-08,106,,Satish Kumar,Madhan Lingala,Aakash Parihar,Priyanka Prushti,India,Telugu,8.2,,1050,,,,,,,https://www.imdb.com/title/tt37800866/,New Movies
Dreams,Drama|Romance|Thriller,"A powerful American socialite (Jessica Chastain) and an undocumented Mexican ballet dancer begin a dangerous affair in this tense, erotic drama.","ballet dancer,philanthropist,mexican immigrant,male nudity,obsession",2026-02-27,98,Not Rated,Michel Franco,Jessica Chastain,Isaac Hernández,Rupert Friend,United States|Mexico,English|Spanish,5.7,61,2530,19,65,12.8K,"$379,481",,"$73,448",https://www.imdb.com/title/tt31710990/,New Movies
Lokah Chapter 1: Chandra,Action|Fantasy,"Chandra, a young woman, arrives in Bengaluru with a mission. Her neighbor, Sunny, sets out to unravel the mystery about her and they are on an unexpected adventure ride together.","superhero fantasy,superhero action",2025-08-28,151,Not Rated,Dominic Arun,Kalyani Priyadarshan,Naslen,Sandy Master,India,Malayalam,7.6,,20441,360,14,10.5K,"$7,487,193",,,https://www.imdb.com/title/tt33372494/,New Movies
Belén,Crime|Drama,"A woman hospitalized for pain discovers she&apos;s pregnant. After a medical emergency, she faces criminal charges. With support from her attorney and women&apos;s rights advocates, she fights for justice in a landmark case that could chang...","female lawyer,abortion,based on true story,forename as title,one word title",2025-11-14,105,R,Dolores Fonzi,Dolores Fonzi,Camila Plaate,Laura Paredes,Argentina,Spanish,7,70,2129,12,34,2.5K,"$7,071",,"$1,426",https://www.imdb.com/title/tt37531036/,New Movies
Chiquita,Drama|Mystery,"A divorced biker crashes in a Texas valley and meets a mysterious girl. Their encounter that night becomes a profound turning point, leading him on an unexpected journey of self-discovery.",,2025-01-01,46,,Gajulapalli Trivikram,Jody Dean,Kara Rainer,Cyane Gan,United States,English,7.7,,2026,117,11,,,"$25,000 (estimated)",,https://www.imdb.com/title/tt33256586/,New Movies
Off the Grid,Action|Drama,A brilliant scientist goes on the run instead of weaponizing his invention.,"male nudity,male rear nudity,bare chested male,skinny dipping,scientist",2025-06-27,105,R,Johnny Martin,Josh Duhamel,Greg Kinnear,María Elisa Camargo,United States|Italy,English,4.4,,1840,33,16,3.1K,,"€12,000,000 (estimated)",,https://www.imdb.com/title/tt27424511/,New Movies
Svadba,Comedy,Story of two families whose relationship constantly dances between a warm family story and an international incident.,"slapstick comedy,satire comedy,farce comedy",2026-01-22,95,,Igor Seregi,Rene Bitorajac,Dragan Bjelogrlic,Linda Begonja,Croatia|Serbia,Croatian|Serbian,7.6,,3403,27,11,2.2K,"$13,152,344",,,https://www.imdb.com/title/tt37376089/,New Movies
Let&apos;s Meet,Romance,TV actor Nikhil connects with finance professional Priya on social media. Their online friendship blossoms until his overeager action pushes her away. He hopes for a chance to restore their connection.,feel good romance,2025-02-07,103,,Ricky Sandhu,Tanuj Virwani,Suman Rana,Vipin Dwivedi,India,Hindi,6.1,,5474,57,,,,,,https://www.imdb.com/title/tt21419928/,New Movies
Yellow,,"A corporate worker&apos;s impulsive decision to leave her desk job leads to a transformative solo adventure, where strangers become friends and comfort zones fade into distant memories.",,2025-11-21,136,,Hari Mahadevan,Poornima Ravi,Vaibhav Murugesan,Namita Krishnamurthy,India,Tamil,6.2,,1433,3,,,,,,https://www.imdb.com/title/tt38798360/,New Movies
Orwell: 2+2=5,Documentary|Biography|History,"An investigation into the life, work, and enduring influence of the writer George Orwell, connecting his ideas to the contemporary world.","writer,newspeak,dictatorship,orwellian society,bare chested male",2025-10-10,119,R,Raoul Peck,Damian Lewis,George Orwell,U Win Khine,United States|France,English|Burmese|Russian|French|Spanish|Mandarin,6.8,69,1391,20,49,9.9K,"$1,344,459",,"$25,887",https://www.imdb.com/title/tt27052428/,New Movies
Shelter,Action|Thriller,"Michael Mason is a recluse on a remote Scottish island who rescues a girl from the sea, unleashing a perilous sequence of events that culminate in an attack on his home, compelling him to face his turbulent history.","one person army action,one word title,hebrides,assassin,2020s",2026-01-30,107,R,Ric Roman Waugh,Jason Statham,Bodhi Rae Breathnach,Michael Shaeffer,United Kingdom|United States|Canada,English,6.2,50,22884,216,128,45.1K,"$49,305,541","$50,000,000 (estimated)","$5,531,028",https://www.imdb.com/title/tt32357218/,New Movies
Ring Ring,Comedy|Drama,&quot; RING RING &quot; offers an entertaining and light-hearted depiction of how a seemingly innocent game can unravel deep secrets and test the strength of friendship and relationships.,,2025-01-31,122,,S. Sakthivel,Sakshi Agarwal,Arjunan,Daniel Annie Pope,India,Tamil,4.6,,1053,35,,,,,,https://www.imdb.com/title/tt27851746/,New Movies
Kiss of the Spider Woman,Drama|Musical,"Valentín, a political prisoner, shares a cell with Molina, convicted for public indecency. An unlikely bond forms as Molina recounts a Hollywood musical plot starring Ingrid Luna.","based on stage musical,prison,unlikely friendship,political prisoner,1980s",2025-10-10,129,R,Bill Condon,Diego Luna,Tonatiuh,Jennifer Lopez,United States|Mexico,English|Spanish,5.7,65,3821,75,76,16.7K,"$1,713,769",,"$891,046",https://www.imdb.com/title/tt30400277/,New Movies
Arjun Chakravarthy,Biography|Drama|Romance,"Journey of an Unsung Champion is an inspiring sports drama that chronicles the extraordinary life of Arjun Chakravarthy, a determined kabaddi player who represented India in the 1980s.",,2025-08-29,141,,Vikrant Rudra,Vijaya Rama Raju,Sija Rose,Dayanand Reddy,India,Telugu|Tamil|Hindi|Malayalam|Kannada,6.6,,2537,4,,,,"₹90,000,000 (estimated)",,https://www.imdb.com/title/tt29522022/,New Movies
Happy Patel: Khatarnak Jasoos,Action|Comedy|Crime,Happy Patel is a clumsy but enthusiastic spy whose missions trigger unexpected consequences.,"spy action,cooking,fast paced,goofy,spoof",2026-01-16,119,,Vir Das,Vir Das,Ellie Flory Fawcett,Abhishek Bhalerao,India,Hindi,5.2,,1382,59,7,1.0K,"$175,756",,,https://www.imdb.com/title/tt32245870/,New Movies
Bhoghee,Action,"In a remote village, Alaghar dreams of making his sister Kavitha a doctor. She rises against all odds, but tragedy strikes in Chennai. A tale of hope, loss, and what went wrong in a city of progress.",,2025-08-01,113,,S Vijayasekaran,Poonam Kaur,Nabi Nanthi,Vela Ramamoorthy,India,Tamil,7.7,,1272,,,,,,,https://www.imdb.com/title/tt37605189/,New Movies
Diés Iraé,Horror|Thriller,"Rohan&apos;s affluent lifestyle spirals out of control as he becomes convinced there is a supernatural entity in his home. As he uncovers the mystery, he is drawn into unexpected realms and alliances, along with the horrors that lie ah...",supernatural horror,2025-10-31,116,,Rahul Sadasivan,Pranav Mohanlal,Sushmitha Bhat,Shine Tom Chacko,India,Malayalam|Telugu,6.9,,5352,92,7,3.7K,"$1,904,186","₹157,500,000 (estimated)",,https://www.imdb.com/title/tt36302733/,New Movies
Daagi,Action|Romance,"Despite his father&apos;s advice to work honestly, middle-class Nishan rejects steady employment and seeks quick wealth through risky means.","tragic romance,dark romance",2025-03-31,142,,Shihab Shahin,Afran Nisho,Tama Mirza,Sunerah Binte Kamal,Bangladesh,Bengali,6.1,,11156,160,,3.5K,"$2,407","BDT 3,500,000 (estimated)",,https://www.imdb.com/title/tt34936199/,New Movies
Until Dawn,Drama|Horror|Mystery,"A group of friends trapped in a time loop, where mysterious foes chase and kill them in gruesome ways, must survive until dawn to escape it.","time loop,based on video game,survival,zombie,wendigo",2025-04-25,103,R,David F. Sandberg,Ella Rubin,Michael Cimino,Odessa A&apos;zion,United States|Hungary,English,5.7,47,64119,526,136,70.0K,"$54,105,064","$15,000,000 (estimated)","$8,003,402",https://www.imdb.com/title/tt30955489/,New Movies
The Housemaid,Drama|Mystery|Thriller,"A struggling young woman is relieved by the chance for a fresh start as a maid for a wealthy couple. Soon, she discovers that the family&apos;s secrets are far more dangerous than her own.","abusive relationship,based on novel,psychological thriller,wealth,abusive man",2025-12-19,131,R,Paul Feig,Sydney Sweeney,Amanda Seyfried,Brandon Sklenar,United States,English,6.8,65,122861,819,189,175K,"$399,177,268","$35,000,000 (estimated)","$19,010,430",https://www.imdb.com/title/tt27543632/,New Movies
Die My Love,Drama|Thriller,"Grace, a writer and young mother, is suffering from post partum depression and slowly spiralling into madness. Moving into an old house with her husband, Jackson, her mind begins to unravel as she becomes increasingly agitated and...","dark comedy,postpartum depression,female full frontal nudity,male rear nudity,mental illness",2025-11-07,119,R,Lynne Ramsay,Jennifer Lawrence,Robert Pattinson,Sissy Spacek,United Kingdom|Canada|United States,English,6,72,41621,310,177,128K,"$11,917,238",,"$2,614,660",https://www.imdb.com/title/tt9362736/,New Movies
Naari: The Women,Drama|Family,"A young woman&apos;s quest for independence clashes with her traditional family&apos;s expectations. As she becomes a mother herself, she confronts deep-rooted societal prejudices that threaten her autonomy.",,2025-03-07,119,,Surya Vantipalli,Aamani,Rajasekhar Aningi,Karthikeya Dev,India,Telugu,7.6,,1050,2,,,,,,https://www.imdb.com/title/tt34999457/,New Movies
Giant,Biography|Drama|Sport,"Inspired by the real-life story of Prince Naseem &quot;Naz&quot; Hamed, a British-Yemeni boxer, and his journey from humble beginnings to becoming a world champion and his training under Brendan Ingle, who played a crucial role in his success.","boxing,world,boxing sport,docudrama drama",2026-01-09,110,,Rowan Athale,Pierce Brosnan,Amir El-Masry,Toby Stephens,United Kingdom|United States,English,6.7,50,1820,32,12,5.5K,"$1,447,000",,,https://www.imdb.com/title/tt26452616/,New Movies
Man with No Past,Action|Drama,"Amnesiac man awakens in unknown city, seeks truth about past. Aided by allies, infiltrates powerful gang, engages in time-transcending battle while fate looms.","roman sword,man with chest scars,time travel,bare chested male,gladiator",2025-10-01,102,R,James Bamford,Jon Voight,Adam Woodward,Marton Csokas,United States,English,4.3,,1045,16,6,1.7K,,,,https://www.imdb.com/title/tt31974129/,New Movies
Havoc,Action|Crime|Drama,"After a drug deal gone wrong, a bruised detective must fight his way through the criminal underworld to rescue a politician&apos;s estranged son, unraveling a deep web of corruption and conspiracy that ensnares his entire city.","nightclub,drug,rescue,martial arts action,murder",2025-04-25,107,TV-MA,Gareth Evans,Tom Hardy,Jessie Mei Li,Justin Cornwell,United Kingdom|United States,English,5.6,57,68320,791,115,71.7K,,,,https://www.imdb.com/title/tt14123284/,New Movies
Twinless,Comedy|Drama,A young man grieving the loss of his twin brother joins a support group for &quot;twinless twins.&quot;,"gay,gay kiss,gay sex,male rear nudity,male nudity",2025-09-05,100,R,James Sweeney,Dylan O&apos;Brien,Lauren Graham,Arkira Chantaratananond,United States,English,7.3,79,12687,83,98,47.2K,"$1,400,477",,"$506,753",https://www.imdb.com/title/tt31322753/,New Movies
The Plague,Drama|Thriller,"A socially awkward tween endures the ruthless hierarchy at a water polo camp, his anxiety spiraling into psychological turmoil over the summer.","psychological horror,psychological thriller,dr. pepper the soda,lisp,capri sun",2026-01-02,98,R,Charlie Polinger,Joel Edgerton,Everett Blunck,Kayo Martin,United States|Romania|Australia|United Arab Emirates,English,6.4,79,5316,59,70,20.6K,"$694,542",,"$22,881",https://www.imdb.com/title/tt32792934/,New Movies
Everything&apos;s Going to Be Great,Comedy|Drama|Music,"EVERYTHING&apos;S GOING TO BE GREAT follows a year in the life of the Smart family as they struggle with over-sized dreams, identity, ghosts and regional theatre.","family relationships,man wears briefs,male rear nudity,man wears tighty whities,tighty whities",2025-10-06,95,R,Jon S. Baird,Allison Janney,Bryan Cranston,Benjamin Evan Ainsworth,United States,English,5.6,54,1776,18,15,6.5K,,,,https://www.imdb.com/title/tt27560723/,New Movies
Stolen Girl,Action|Adventure|Drama,An American woman spends more than ten years tracking down her daughter who was abducted and taken to the Middle East by the child&apos;s father.,"abducted by parent,child abduction,child taken from mother,stolen child,abduction",2025-08-29,105,R,James Kent,Kate Beckinsale,Scott Eastwood,Jordan Duvigneau,Italy|United States,English,5.4,,3068,26,10,5.6K,"$199,483",,,https://www.imdb.com/title/tt4682810/,New Movies
Housefull 5,Comedy|Mystery|Thriller,"In this murder mystery comedy, several imposters claiming to be the son of a recently deceased billionaire compete for his fortune aboard a luxury cruise ship.","dead body,sexual humor,suspect,cruise ship,monkey",2025-06-06,163,,Tarun Mansukhani,Akshay Kumar,Abhishek Bachchan,Riteish Deshmukh,India,Hindi,3.3,,18533,259,10,10.0K,"$3,640,511",,"$1,152,549",https://www.imdb.com/title/tt9104736/,New Movies
Nikita Roy,Horror|Mystery,A skeptical author-investigator who debunks supernatural claims faces a case that challenges her rational beliefs and scientific worldview.,,2025-06-27,114,Not Rated,Kussh Sinha,Sonakshi Sinha,Paresh Rawal,Arjun Rampal,India,Hindi,5.6,,32915,25,5,1.3K,"$3,294",,,https://www.imdb.com/title/tt18939362/,New Movies
The Carman Family Deaths,Documentary|Crime|Thriller,A fishing trip ends in tragedy when Linda Carman vanishes at sea leaving her son Nathan adrift for days. His rescue stirs up questions about his grandfather&apos;s murder and ignites a battle over inheritance that leads to shocking rev...,"sea,coast,criminal,investigation,case",2025-11-19,90,TV-14,Yon Motskin,Nathan Carman,Eric Gempp,Sharon Hartstein,United States,English,6.2,,3142,19,13,2.6K,,,,https://www.imdb.com/title/tt31137117/,New Movies
Love U Muddu,,"Love you Muddu is a Romantic drama film starring Siddu N, Rajesh Nataranga and reshmaa L.",,2025-11-07,132,,Kumar,Reshma Lingarajappa,Siddu Moolimani,Tabla Nani,India,Kannada,6.5,,1237,35,,,,,,https://www.imdb.com/title/tt38428491/,New Movies
Undertone,Horror|Sci-Fi|Thriller,The host of a popular paranormal podcast becomes haunted by terrifying recordings mysteriously sent her way.,"psychological horror,folk horror,supernatural horror,podcaster,podcast",2026-03-13,94,R,Ian Tuason,Nina Kiri,Adam DiMarco,Michèle Duquet,Canada,English,6.2,66,4991,162,86,57.1K,"$18,462,321",,"$9,069,849",https://www.imdb.com/title/tt35892608/,New Movies
Vritta,Thriller,Journey filled with problems and his fight for survival.,,2025-08-01,112,,Likith Kumar,Chaithra J. Achar,Master Anurag,Maahir Mohiuddin,India,Kannada,5.5,,2154,7,,,,,,https://www.imdb.com/title/tt27664022/,New Movies
The Old Guard 2,Action|Adventure|Fantasy,"Andy leads immortal warriors against a powerful enemy threatening their group. They grapple with the resurfacing of a long-lost immortal, complicating their mission to safeguard humanity.","gay,sequel,second part,based on comic book,superhero",2025-07-02,107,R,Victoria Mahoney,Charlize Theron,KiKi Layne,Matthias Schoenaerts,Italy|United States,English,5.1,44,45345,490,84,51.0K,,,,https://www.imdb.com/title/tt14961624/,New Movies
The Best You Can,Comedy|Drama|Romance,"Stan Olszewski, a security guard foils a home robbery attempt at Cynthia Rand&apos;s residence. A charged friendship develops starting with late-night humorous texts. Their deepening bond shakes up both their lives.",,2025-11-25,103,R,Michael J. Weithorn,Kevin Bacon,Kyra Sedgwick,Judd Hirsch,United States,English,6.2,56,2016,26,11,6.6K,,,,https://www.imdb.com/title/tt30150769/,New Movies
Holy Ghost,Horror|Mystery|Thriller,"A kidnapped girl in Augusta claims her rescuer was Jim, a deceased cop. Detective Wells probes the case as another child vanishes, revealing old murders and raising questions about a ghostly presence.","back from the dead,abduction,good samaritan,police,supernatural power",2025-08-01,100,,Shravan Tiwari,Jenn Osborne,Cleve Langdale,Aaron Blomberg,United States,English,3.3,,2394,46,14,1.7K,,,,https://www.imdb.com/title/tt36364273/,New Movies
Unlock Raghava,,"A locksmith&apos;s teaching dreams intertwine with an archaeology case when his friend&apos;s father finds artifacts. A thief steals them and kidnaps the friend, demanding an exchange.",,2025-02-07,126,,Deepak Madhuvanahalli,Avinash,Ramesh Bhat,Rachel David,India,Kannada,8.1,,1103,,,,,,,https://www.imdb.com/title/tt28961487/,New Movies
Sunny Sanskari Ki Tulsi Kumari,Family|Romance,"Two former lovers in Delhi try to rekindle old flames, leading to amusing mix-ups and deceptions. As chaos unfolds, a new unexpected romance blooms. Who will find their happy ending amid the confusion.",,2025-10-02,134,,Shashank Khaitan,Varun Dhawan,Janhvi Kapoor,Rohit Saraf,India,Hindi,5.2,,25278,83,14,2.2K,"$923,636","₹800,000,000 (estimated)",,https://www.imdb.com/title/tt30742355/,New Movies
Le mage du Kremlin,Drama|History|Thriller,"A young Russian filmmaker becomes an unlikely advisor to Vladimir Putin as he rises to power in post-Soviet Russia, navigating the new era&apos;s complexities and chaos.","1990s,based on true story,government,political thriller,year 1992",2026-01-21,152,,Olivier Assayas,Paul Dano,Alicia Vikander,Tom Sturridge,France|United States,English,6.1,54,2052,12,48,13.6K,"$7,357,693",,,https://www.imdb.com/title/tt32386654/,New Movies
The Woman in Cabin 10,Drama|Mystery|Thriller,A journalist stumbles upon a gruesome secret while traveling aboard a luxury cruise ship.,"cruise,yacht,murder mystery,whodunnit mystery,husband kills his wife",2025-10-10,92,R,Simon Stone,Keira Knightley,Guy Pearce,David Ajala,United Kingdom|United States,English|Norwegian,5.8,41,67965,459,79,60.1K,,,,https://www.imdb.com/title/tt7130300/,New Movies
They Call Him OG,Action|Crime|Drama,"After vanishing from Mumbai&apos;s underworld for a decade, mob boss Ojas Gambheera resurfaces seeking vengeance against rival crime lords.","one person army action,martial arts action,gangster crime,gun fu action",2025-10-23,155,Not Rated,Sujeeth,Pawan Kalyan,Prakash Raj,Emraan Hashmi,India,Telugu|Tamil|Malayalam|Kannada|Hindi,6,,11561,300,7,5.0K,"$746,230",,,https://www.imdb.com/title/tt24060892/,New Movies
Fear Street: Prom Queen,Horror|Mystery|Thriller,"When the &quot;it&quot; girls competing for prom queen at Shadyside High start to disappear, a gutsy outsider discovers she&apos;s in for one hell of a prom night.","school,prom,slasher,slasher horror,1980s",2025-05-23,90,R,Matt Palmer,India Fowler,Suzanna Son,Fina Strazza,United States,English,5.1,41,25777,320,105,17.7K,,,,https://www.imdb.com/title/tt31433402/,New Movies
Kadhalikka Neramillai,Drama,"A young woman desires a perfect life of love and children, but falling for a man who has no interest in marriage or a family makes her search difficult.",,2025-01-14,140,,Kiruthiga Udhayanidhi,Nithya Menen,Ravi Mohan,T.J. Bhanu,India,Tamil,6.1,,2183,38,5,,"$70,834",,,https://www.imdb.com/title/tt27795377/,New Movies
Guns Up,Action|Comedy,"On the brink of leaving &quot;The Family,&quot; a mob henchman&apos;s final job goes off the rails. With the clock ticking, the ex-cop has one night to get his unsuspecting family out of the city before he gets snuffed out.","flashback,husband wife relationship,stash house,bar,petrol bomb",2025-05-15,92,R,Edward Drake,Kevin James,Christina Ricci,Luis Guzmán,United States,English,5.5,,5959,69,35,7.3K,"$252,865",,,https://www.imdb.com/title/tt28026215/,New Movies
Bou Buttu Bhuta,,"Buttu and his motherb live a modest life in an Odisha village, with Buttu dreaming of leaving for a better life elsewhere.However, a series of unforeseen events disrupt their lives.Will they overcome the challenges and realise the...",folk horror,2025-06-12,176,,Jagdish Mishra,Babushan Mohanty,Archita,Aparajita Mohanty,India,Oriya,7.8,,1764,40,,5.6K,,,,https://www.imdb.com/title/tt35419807/,New Movies
Bastion 36,Crime|Drama|Thriller,"Transferred to the Anti-Crime Brigade, a senior officer probes the deaths of two ex-colleagues and disappearance of another, exposing a bitter feud within the police force.","police,organized crime,police officer,police procedural crime,police corruption",2025-02-28,124,TV-MA,Olivier Marchal,Victor Belmondo,Tewfik Jallab,Yvan Attal,France,French,5.5,,3180,17,16,2.0K,,,,https://www.imdb.com/title/tt31032711/,New Movies
A Knight&apos;s War,Action|Fantasy|Horror,"A fearless knight braves a deadly realm to save the Chosen One&apos;s soul. Facing witches, demons, and brutal foes, he discovers her return could ignite chaos and doom humanity.","demon,medieval,medieval fantasy,medieval times,snow",2025-02-11,103,,Matthew Ninaber,Jeremy Ninaber,Kristen Kaster,Matthew Ninaber,Canada|United States,English,4.7,,1486,55,13,2.7K,,"$600,000 (estimated)",,https://www.imdb.com/title/tt27705545/,New Movies
Joto Kando Kolkatatei,Adventure|Mystery,"A young detective enthusiast follows in the footsteps of legendary Bengali sleuth Feluda when a decades-old mystery resurfaces during Durga Puja, testing his skills against a puzzle that once stumped his hero.",holiday,2025-09-26,127,,Anik Datta,Quazi Nawshaba Ahmed,Abir Chatterjee,Rik Chatterjee,India,Bengali,6,,3382,3,2,,,,,https://www.imdb.com/title/tt37740754/,New Movies
TTT: Thalaivar Thambi Thalaimaiyil,Action|Comedy|Drama,"A village official attending a wedding becomes entangled in an escalating family dispute over power and old resentments, testing his leadership as he tries to contain the situation.",,2026-01-15,113,,Nithish Sahadev,Jiiva,Thambi Ramaiah,Ilavarasu,India,Tamil,6.9,,2830,35,2,,"$240,891",,,https://www.imdb.com/title/tt36926733/,New Movies
Chatha Pacha,Action|Comedy|Drama,"Misfits in Fort Kochi unite to create a wrestling group, facing internal rivalries and funny fights as they grow to tackle greater obstacles",,2026-01-22,134,,Adhvaith Nayar,Mammootty,Arjun Ashokan,Roshan Mathew,India,Malayalam|Tamil|Telugu|Kannada|Hindi,6.5,,4621,30,3,,"$1,019,182",,,https://www.imdb.com/title/tt36472392/,New Movies
Buen Camino,Comedy,"A father leaves his comfort zone to search for his missing daughter on the Camino de Santiago. During his pilgrimage, amid blisters and unexpected encounters, he discovers much more than mere clues: he rediscovers himself.","rich man,camino de santiago,father daughter relationship",2025-12-25,90,,Gennaro Nunziante,Checco Zalone,Beatriz Arjona,Letizia Arnò,Italy,Italian,6.4,,2853,5,9,1.3K,"$90,337,775",,,https://www.imdb.com/title/tt38350059/,New Movies
6 Days,Drama|Romance,"High school sweethearts reunite years later, forcing them to confront the profound question: can their love withstand the test of time?",,2025-01-15,105,,Karim Shaaban,Malek Emad,Ahmed Malek,Ebram Saeed,Egypt,Arabic,7.8,,1990,12,,2.9K,"$743,082",,,https://www.imdb.com/title/tt34338540/,New Movies
Jenma Natchathiram,Thriller,A group searching for treasure enters an empty bungalow and becomes trapped in a frightening supernatural confrontation.,,2025-07-18,120,,B. Manivarman,Maithreya Rajasekhar,Santhana Bharathi,Raksha Cherin,India,Tamil,4,,2053,13,,,,,,https://www.imdb.com/title/tt32469000/,New Movies
School Life,Drama|Romance,"A 1990s tale from Rayalaseema where love turns to hate. Nani loves his sweetheart more than life, but faces opposition from her caste-conscious father. Will his love prevail?",,2025-11-28,158,,Pulivendula Mahesh,Pulivendula Mahesh,Savithri Krishna,Mude Varun Nayak,India,Telugu,8.4,,2013,98,,,,"₹15,000,000 (estimated)",,https://www.imdb.com/title/tt38633456/,New Movies
Krishna Leela,,"A yoga expert named Vihari returns to India, where he encounters Brundha and discovers they were lovers in a past life. Bound by a centuries-old curse, their journey explores destiny, reincarnation, and the eternal quest for love.",,2025-11-07,125,,Devan,Dhanya Balakrishna,Anand Bharat,Devan,India,Telugu,9.3,,2055,,,,,,,https://www.imdb.com/title/tt36873019/,New Movies
Un poeta,Comedy|Drama,"An aging poet finds purpose mentoring Yurlady, a talented teen, though exposing her to the poetry scene might be unwise. His own poetic pursuits led nowhere, leaving him a stereotypical obscure writer.","teacher student relationship,personal diary,male teacher female student relationship,problematic man,adult son lives with his mother",2025-08-28,123,,Simón Mesa Soto,Ubeimar Rios,Rebeca Andrade,Guillermo Cardona,Colombia|Germany|Sweden,Spanish,7.9,85,2038,7,50,6.1K,"$1,490,552",,"$27,754",https://www.imdb.com/title/tt36544524/,New Movies
Roofman,Biography|Crime|Drama,"A charismatic criminal, while on the run from the police, hides in a hidden space of a toy store. There, he adopts a new identity and becomes involved with an employee, beginning a relationship as unlikely as it is risky.","male rear nudity,male nudity,dark comedy,running naked,brief female nipple",2025-10-10,126,R,Derek Cianfrance,Channing Tatum,Kirsten Dunst,LaKeith Stanfield,United States,English,6.9,66,68079,322,164,113K,"$34,725,610","$19,000,000 (estimated)","$8,108,861",https://www.imdb.com/title/tt4627382/,New Movies
Thandakaaranyam,,"After losing his forest ranger position, a Tamil villager pursues his dream of joining the Indian Army, only to face harsh realities that challenge his idealistic vision of military service.",,2025-09-19,129,,Athiyan Athirai,Aruldoss,Dinesh,Kalaiyarasan,India,Tamil,6.1,,1236,8,,,,,,https://www.imdb.com/title/tt26659974/,New Movies
Das Verschwinden des Josef Mengele,Biography|Drama|History,"Follows the story of notorious Nazi doctor Josef Mengele during his fugitive years, from Paraguay to the Brazilian jungle.","male nudity,male full frontal nudity,male frontal nudity,male pubic hair,1950s",2025-10-22,135,Not Rated,Kirill Serebrennikov,August Diehl,Maximilian Meyer-Bretschneider,David Ruland,France|Germany|Mexico|United States|United Kingdom|Argentina|Spain|Latvia,German|Portuguese|Spanish|Hungarian,7,,1349,9,33,3.9K,"$430,306",,,https://www.imdb.com/title/tt22852560/,New Movies
Prince and Family,Comedy,"Introverted bridal boutique owner, Prince, the town&apos;s most eligible bachelor, marries his polar opposite. Chaos and comedy ensue as their contrasting personalities clash in rural Kerala.",,2025-05-09,134,,Binto Stephen,Dileep,Raniya Raanaa,Johny Antony,India,Malayalam,6.1,,2280,25,,,"$349,565",,,https://www.imdb.com/title/tt32105116/,New Movies
Jagamerigina Satyam,Drama,"In 1994, in the picturesque village of Dimda on the Telangana border, this is the gripping story of Satyam-a kind-hearted farmer&apos;s son. His love for Saritha, the village sarpanch&apos;s niece, sparks jealousy and rage, leading to betra...",,2025-04-18,141,,Tirupathi Pale,Neelima,Neelima Pethakamsetti,Vasudev Rao,India,Telugu,7.2,,2021,21,,,,,,https://www.imdb.com/title/tt26489351/,New Movies
Thadai Athai Udai,Drama,"Three brick kiln workers chase their filmmaking dreams, starting with village theater. When their YouTube channel takes an ambitious turn, their second project leads them down an unforeseen path to success.",,2025-10-31,118,,Arivazhakhan Murugesan,Angadi Theru Mahesh,Guna Babu,Thiruvarur Ganesh,India,Tamil,6.8,,3176,102,,,,"₹10,000,000 (estimated)",,https://www.imdb.com/title/tt38745413/,New Movies
Jombittal,Comedy|Drama|Fantasy,"Lee Jeong Hwan, a fierce animal trainer, lives a chaotic daily life with his rebellious teenage daughter, Lee Su A, who is full of passion for dancing. One day, Su A becomes infected by a zombie virus that has swept across the globe.","daily life,dramedy drama,humanism,south korean horror comedy,adapted from a webtoon",2025-07-30,114,,Pil Gam-Sung,Jo Jung-suk,Lee Jeong-eun,Cho Yeo-jeong,South Korea,Korean,6.7,,1238,6,9,2.3K,"$37,891,989",,,https://www.imdb.com/title/tt36553678/,New Movies
Police Vari Heccharika,,"Amid a wave of killings, officer Kanchana uncovers activist Satyamurthy&apos;s dark truth-he exploits orphans for power and kills Bose to stay hidden. Kanchana exposes him, ending with a haunting reflection on betrayal and lost innocence.",,2025-07-18,140,,Babji,Sunny Akhil,Babji,Ajay Ghosh,India,Telugu,8.5,,1051,,,,,,,https://www.imdb.com/title/tt33334372/,New Movies
My Fault: London,Drama|Romance,"An 18-year-old girl moves from America to London with her mother and wealthy stepfather. When she meets her stepbrother, an attraction sparks despite their efforts. Her estranged father also tracks her down after his release from ...","teenager bound and gagged,female pedal pumping,release from prison,racing instructor,teenage girl bound and gagged",2025-02-13,120,,Charlotte Fassler,Asha Banks,Matthew Broome,Eve Macklin,United Kingdom|Spain,English,6.2,,15586,134,15,23.6K,,,,https://www.imdb.com/title/tt32434379/,New Movies
Balti,Action|Comedy|Drama,"In a border town where kabaddi reigns supreme, four champion players dominate both the sport and the streets. When personal rivalries and dangerous feuds emerge, their unbreakable brotherhood faces its greatest test.",,2025-09-26,154,,Unni Shivalingam,Shane Nigam,Shanthnu Bhagyaraj,Shiva Hariharan,India,Malayalam|Tamil,6.5,,1962,6,,,"$293,616",,,https://www.imdb.com/title/tt34942608/,New Movies
Stiller &amp; Meara: Nothing Is Lost,Documentary|Biography,A tribute to the comedy duo and a personal exploration by Ben Stiller into his family&apos;s legacy.,"female comedian,comedy duo,comedian,husband wife relationship,family story",2025-10-24,97,,Ben Stiller,Jerry Stiller,Anne Meara,Ben Stiller,United States,English,7.1,75,1372,20,19,3.7K,,,,https://www.imdb.com/title/tt37674658/,New Movies
Rabbit Trap,Horror|Mystery|Thriller,Married couple Daphne and Darcy Davenport are two musicians who moved from London to a cottage in Wales to complete their new album. By accident they record a mystical sound never heard before and gradually disconnect from reality.,"suspense mystery,folk horror,asian man white woman relationship,interracial couple,two word title",2025-09-12,88,,Bryn Chainey,Dev Patel,Rosy McEwen,Jade Croot,United States|United Kingdom,English,4.8,57,2048,39,53,13.8K,"$102,909",,"$18,481",https://www.imdb.com/title/tt29567402/,New Movies
Dhurandhar The Revenge,Action|Crime|Thriller,"Jaskirat Singh Rangi descends deeper into his alias as Hamza Ali Mazari, rising through Karachi&apos;s criminal hierarchy to claim the feared title &quot;Sher-e-Baloch&quot; while balancing loyalty, betrayal, and survival in a ruthless underworld.","spy action,spy thriller,secret identity,gangster crime,gangwar",2026-03-19,230,,Aditya Dhar,Ranveer Singh,Akshaye Khanna,Sanjay Dutt,India,Hindi,8.6,,39333,631,23,20.0K,"$147,425,882",,"$10,037,581",https://www.imdb.com/title/tt39139925/,New Movies
Aap Jaisa Koi,Drama|Romance,"Lives of two unique individuals, Shrirenu Tripathi and Madhu Bose. Embark on a journey full of unexpected twists, heartfelt moments and plenty of fun.",,2025-07-11,114,TV-14,Vivek Soni,Madhavan,Fatima Sana Shaikh,Manish Chaudhari,India,Hindi|Telugu,5.8,,5901,157,16,1.6K,,,,https://www.imdb.com/title/tt33888131/,New Movies
If I Had Legs I&apos;d Kick You,Drama|Thriller,"While trying to manage her own life and career, a woman on the verge of a breakdown must cope with her daughter&apos;s illness, an absent husband, a missing person, and an unusual relationship with her therapist.","therapist,mother,long island new york,dramedy drama,dark comedy",2025-10-10,113,R,Mary Bronstein,Rose Byrne,Conan O&apos;Brien,Danielle Macdonald,United States,English,6.6,78,32958,271,152,94.1K,"$1,694,909",,"$90,267",https://www.imdb.com/title/tt18382850/,New Movies
The Constable,Action,"A small-town constable&apos;s peaceful life in Mokila takes a dark turn when mysterious killings disrupt the village. Alongside his loyal partner and an intriguing admirer, he must solve a case that tests his resolve.",,2025-10-10,130,,Aryan Subhan,Muralidhar Goud,Kalpalatha,Kashishh Rajput,India,Telugu|Tamil,5.2,,5106,,,,,,,https://www.imdb.com/title/tt28182053/,New Movies
Brat,,A son&apos;s rebellion against his father&apos;s strict moral code leads to a tense adventure. Kristy challenges Constable Mahadevaiah&apos;s unwavering honesty as he pursues his own path.,,2025-10-31,155,,Shashank,Giriraj B.M.,Payal Chengappa,Ramesh Indhira,India,Kannada|Hindi|Telugu|Tamil|Malayalam,7.7,,2003,7,,,,,,https://www.imdb.com/title/tt35064377/,New Movies
The Astronaut,Horror|Sci-Fi|Thriller,"When an astronaut crash-lands back to Earth, a General places her in quarantine for rehabilitation and testing. As disturbing events unfold, she fears that something extraterrestrial has followed her home.","psychological thriller,general,no opening credits,suspense,commando raid",2025-10-17,90,,Jess Varley,Kate Mara,Laurence Fishburne,Gabriel Luna,United States,English,4.8,40,8507,189,28,12.7K,"$114,800",,,https://www.imdb.com/title/tt13964560/,New Movies
825 Forest Road,Horror,"After a family tragedy, Chuck Wilson hopes to start a new life in Ashland Falls with his wife Maria and little sister Isabelle, but he quickly discovers that the town has a dark secret.",town with a dark secret,2025-04-04,101,,Stephen Cognetti,Elizabeth Vermilyea,Kathryn Miller,Joe Falcone,United States,English,5,,2958,53,25,4.5K,"$8,181",,,https://www.imdb.com/title/tt15173952/,New Movies
Honey Don&apos;t!,Comedy|Crime|Mystery,A small-town private investigator delves into a series of strange deaths tied to a mysterious church.,"skinny dipping,lesbian,lesbian protagonist,female topless nudity,female nudity",2025-08-22,89,R,Ethan Coen,Margaret Qualley,Aubrey Plaza,Chris Evans,United Kingdom|United States,English,5.2,46,24647,294,122,70.1K,"$7,469,564","$20,000,000 (estimated)","$3,025,525",https://www.imdb.com/title/tt30645201/,New Movies
Sangee,Comedy,"Baman seeks a reunion with old classmates, hoping for an interest-free loan. His friends, wise to his tricks, are wary. Can Baman charm them, or will he be turned away? A light, humorous story of friendship and schemes unfolds.",,2025-01-17,102,,Sumit Mohan Kulkarni,Sharib Hashmi,Sanjay Bishnoi,Gaurav More,India,Hindi,7.6,,1959,15,5,,,,,https://www.imdb.com/title/tt33084735/,New Movies
Neighborhood Watch,Crime|Thriller,"When a mentally ill young man thinks he witnesses an abduction and the police refuse to believe him, he reluctantly turns to his next-door neighbor, a bitter and retired security guard, to help him find the missing person.","voice in head,police investigation,two word title,bus,job interview",2025-04-25,92,R,Duncan Skiles,Jeffrey Dean Morgan,Jack Quaid,Malin Akerman,United States,,6.2,74,10152,70,31,17.3K,"$35,896",,"$3,603",https://www.imdb.com/title/tt1714918/,New Movies
Bambi: The Reckoning,Horror|Thriller,"A car wreck strands a mother and son in the deep woods where a mutated, vengeful deer stalks them. As local hunters and an obsessive grandmother converge, the forest becomes a bloody arena for a grieving creature&apos;s primal rage.","bambi,monster horror,deer,twisted childhood nightmare universe,woods",2025-08-27,80,Not Rated,Dan Allen,Roxanne McKee,Samira Mighty,Nicola Wright,United Kingdom|United States,English,4.9,,5810,60,47,9.9K,"$408,758",,"$105,642",https://www.imdb.com/title/tt23621682/,New Movies
Vijeyta,Drama,"After establishing successful businesses in Kolkata, a determined entrepreneur moves to Mumbai with his family, where their growing success attracts unwanted attention from extortionists.",,2025-09-19,103,,Varsha Jiriwala,Ravi Bhatia,Bharti Awasthi,Godaan Kumar,India,Hindi,5.5,,1059,7,,,,,,https://www.imdb.com/title/tt36591334/,New Movies
Idli Kadai,Comedy|Drama|Sport,"A rural man moves to Dubai pursuing dreams and work. After disaster strikes, he returns home, discovering his village&apos;s worth and fighting to fulfill his father&apos;s wishes despite challenges.","feel good romance,folk music,workplace drama,coming of age drama",2025-10-01,148,,Dhanush,Dhanush,Arun Vijay,Sathyaraj,India,Tamil,6.5,,6570,137,5,2.5K,"$400,316",,,https://www.imdb.com/title/tt33029024/,New Movies
Sarzameen,Action|Drama|Mystery,"An Army officer will stop at nothing to free Kashmir valley from terrorism, even if it means paying a terrible price.",secret,2025-07-25,137,,Kayoze Irani,Prithviraj Sukumaran,Kajol,Ibrahim Ali Khan,India,Hindi,3.9,,1673,58,11,,,,,https://www.imdb.com/title/tt23865942/,New Movies
Inspector Zende,Comedy|Crime,"After escaping prison, serial killer Carl Bhojraj returns to Mumbai, where Inspector Zende pursues him to capture the elusive criminal again.",crime thriller,2025-09-05,112,TV-MA,Chinmay Mandlekar,Manoj Bajpayee,Jim Sarbh,Sachin Khedekar,India,Hindi,5.8,,3144,62,16,1.3K,,,,https://www.imdb.com/title/tt35076553/,New Movies
Good Boy,Horror|Thriller,"A loyal dog moves to a rural family home with his owner, only to discover supernatural forces lurking in the shadows. As dark entities threaten his human companion, the brave pup must fight to protect the one he loves most.","dog,dog as protagonist,two word title,bleeding mouth,brother sister relationship",2025-10-03,72,PG-13,Ben Leonberg,Indy,Shane Jensen,Arielle Friedman,United States,English,6.1,73,30068,412,204,61.0K,"$8,780,014","$70,000 (estimated)","$2,343,694",https://www.imdb.com/title/tt35521922/,New Movies
Tavaszi szél - az ébredés,Documentary,"A year-long look at Péter Magyar&apos;s journey between public and private life, revealing how collaboration transforms a personal choice into a nationwide political and social movement.",,2026-03-12,101,,Tamas Yvan Topolanszky,Péter Magyar,Márk Radnai,Bálint Ruff,Hungary,Hungarian,7.5,,2416,99,,,"$940,144",,,https://www.imdb.com/title/tt40381358/,New Movies
Nirvanna the Band the Show the Movie,Adventure|Comedy|Sci-Fi,"When their plan to book a show at the Rivoli goes horribly wrong, Matt and Jay accidentally travel back to the year 2008.","mockumentary comedy,time travel sci fi,buddy comedy,rv,2025",2025-11-17,100,R,Matt Johnson,Matt Johnson,Jay McCarrol,Ben Petrie,Canada,English,8.1,78,4770,53,54,20.2K,"$4,355,833","$2,000,000 (estimated)","$1,255,889",https://www.imdb.com/title/tt35522483/,New Movies
Murder in Monaco,Documentary|Crime,"Monaco, 1999: Billionaire banker Edmond Safra is found dead in his penthouse. The documentary examines the puzzling circumstances surrounding this wealthy financier&apos;s murder.","crime documentary,billionaire,assassins,bodyguard,aristocrat",2025-12-17,90,TV-MA,Hodges Usry,Hodges Usry,Isabel Vincent,Lady Colin Campbell,United Kingdom,English|French|Italian,6.5,,3276,26,15,2.7K,,,,https://www.imdb.com/title/tt38984577/,New Movies
Pee chai dai ka,Comedy|Drama|Fantasy,"A spirit possesses a vacuum cleaner, causing many consequences.","gay kiss,male nudity,gay sex,gay,married",2026-01-20,130,Not Rated,Ratchapoom Boonbunchachoke,Davika Hoorne,Wisarut Himmarat,Apasiri Nitibhon,Thailand|France|Singapore|Germany,Thai|English|Lao|Teochew,6.6,85,1124,10,62,3.9K,"$2,620",,,https://www.imdb.com/title/tt22530226/,New Movies
The Surrender,Drama|Horror|Thriller,"When the family patriarch dies, a grieving mother and daughter risk their lives to perform a brutal resurrection ritual and bring him back from the dead.","ritual,female protagonist,psychological horror,supernatural horror,cancer",2025-05-23,96,,Julia Max,Colby Minifie,Kate Burton,Chelsea Alden,Canada|United States,English,5.4,66,3419,34,42,6.0K,"$190,535",,,https://www.imdb.com/title/tt33270263/,New Movies
Warfare,Action|Drama|War,"A platoon of Navy SEALs embark on a dangerous mission in Ramadi, Iraq, with the chaos and brotherhood of war retold through their memories of the event.","iraq war,based on true story,based on real people,survival,screaming in pain",2025-04-11,95,R,Alex Garland,D&apos;Pharaoh Woon-A-Tai,Will Poulter,Cosmo Jarvis,United States|United Kingdom,English,7.1,78,108612,657,185,140K,"$34,902,602","$20,000,000 (estimated)","$8,317,989",https://www.imdb.com/title/tt31434639/,New Movies
Prakambanam,Comedy|Horror,Three college buddies navigate campus politics and pranks at their Ernakulam hostel until a surprise event throws their world into hilarious disarray.,,2026-01-30,150,,Vijesh Panathur,Rajesh Madhavan,Sheethal Joseph,Ameen,India,Malayalam,5.9,,2122,13,,,"$460,175",,,https://www.imdb.com/title/tt36457300/,New Movies
Clown in a Cornfield,Horror|Mystery|Thriller,"A fading midwestern town in which Frendo the clown, a symbol of bygone success, reemerges as a terrifying scourge.","killer clown,cornfield,slasher horror,gay kiss,teen horror",2025-05-09,96,R,Eli Craig,Katie Douglas,Aaron Abrams,Carson MacCormac,United States|Luxembourg|United Kingdom|Canada,English,5.6,55,25298,247,150,35.9K,"$13,850,731","$1,000,000 (estimated)","$3,648,991",https://www.imdb.com/title/tt23060698/,New Movies
United Kingdom of Kerala,Family,"Tony, a diligent Kerala student, defies his father&apos;s dream of him going abroad. His decision challenges their bond and ignites a youth movement in Kerala.",,2025-07-04,127,,Arun Vaiga,Ranjith Sajeev,Johny Antony,Indrans,India,Malayalam,5.2,,1086,,,,"$82,205","₹2,000,000 (estimated)",,https://www.imdb.com/title/tt32166743/,New Movies
The Chronology of Water,Biography|Drama|Romance,"A woman, after an abusive childhood, escapes into competitive swimming, sexual experimentation, toxic relationships, and addiction before finding her voice through writing.","vulva,woman shaves her vulva,closeup of a woman&apos;s vulva,lesbian,title directed by female",2026-01-09,128,,Kristen Stewart,Imogen Poots,Thora Birch,Jim Belushi,United States|France|Latvia,English,6.4,78,2592,26,80,22.0K,"$469,598",,"$18,594",https://www.imdb.com/title/tt8667404/,New Movies
The Wedding Banquet,Comedy|Romance,"A gay man makes a deal with his lesbian friend: a green-card marriage for him, in exchange for in vitro fertilization treatments for her. Plans evolve as Min&apos;s grandmother surprises them with a Korean wedding banquet.","gay,gay interest,gay man marries lesbian,remake,feel good romance",2025-04-18,103,R,Andrew Ahn,Bowen Yang,Lily Gladstone,Kelly Marie Tran,United States,English|Korean,6.3,68,4327,38,77,15.8K,"$2,450,072",,"$918,598",https://www.imdb.com/title/tt32214413/,New Movies
Anaconda,Action|Adventure|Comedy,A group of friends are going through a mid-life crisis. They decide to remake a favorite movie from their youth but encounter unexpected events when they enter the jungle.,"anaconda,one word title,singing along to music on a car radio,singing in a car,dead squirrel",2025-12-25,99,PG-13,Tom Gormican,Jack Black,Paul Rudd,Steve Zahn,United States,English,5.6,43,46043,496,140,77.5K,"$134,996,951","$45,000,000 (estimated)","$14,502,218",https://www.imdb.com/title/tt33244668/,New Movies
L&apos;étranger,Crime|Drama,"In 1930s Algeria, the daily life of an indifferent Frenchman is shaken by the death of his mother and a fateful encounter on a beach.","male full frontal nudity,male frontal nudity,male nudity,male rear nudity,gay interest",2025-10-29,122,,François Ozon,Benjamin Voisin,Rebecca Marder,Pierre Lottin,France,French|Arabic|Latin,7,76,2747,12,64,9.1K,"$6,765,256",,,https://www.imdb.com/title/tt36243564/,New Movies
Valathu Vashathe Kallan,Crime,"When Samuel Joseph&apos;s life unravels, he pulls Circle Inspector Antony Xavier into a critical investigation. Antony must rush to reveal the truth before time runs out.",,2026-01-30,135,,Jeethu Joseph,Lenaa,Vyshnavi Raj,Biju Menon,India,Malayalam,6.1,,1736,14,,,"$305,446",,,https://www.imdb.com/title/tt37049996/,New Movies
Being Eddie,Documentary|Biography,A comprehensive look at Eddie Murphy&apos;s life and career.,,2025-11-12,103,R,Angus Wall,Eddie Murphy,Dave Chappelle,Jerry Seinfeld,United States,English,6.9,62,4365,37,21,3.0K,,,,https://www.imdb.com/title/tt35627915/,New Movies
Dímelo bajito,Drama,"Kamila&apos;s life turns upside down when the Di Bianco brothers return after 7 years. Thiago gave her first kiss, Taylor was her protector. Now she&apos;s changed, but they still have a way of getting through to her like no one else can.",,2025-12-12,119,,Denis Rovira van Boekholt,Alícia Falcó,Fernando Lindez,Diego Vidales,Spain,Spanish,4.7,,2278,25,9,2.7K,,,,https://www.imdb.com/title/tt34434461/,New Movies
The Girlfriend,Drama|Romance,"A young woman explores love, compatibility and self-discovery during college, experiencing relationship complexities and personal growth.",,2025-12-05,138,,Rahul Ravindran,Rashmika Mandanna,Anu Emmanuel,Gayatri Bhargavi,India,Telugu|Hindi|Tamil|Kannada|Malayalam,6.5,,9781,109,6,4.6K,"$75,692",,,https://www.imdb.com/title/tt29606526/,New Movies
Gabby&apos;s Dollhouse: The Movie,Animation|Adventure|Comedy,Gabby and Grandma Gigi&apos;s road trip takes an unexpected turn when Gabby&apos;s prized dollhouse ends up with eccentric cat lady Vera. Gabby embarks on a adventure to reunite the Gabby Cats and retrieve her beloved dollhouse before it&apos;s ...,"live action animation,cg animation,jukebox musical,pop musical",2025-09-26,98,G,Ryan Crego,Laila Lockhart Kraner,Kristen Wiig,Gloria Estefan,Canada|United States,English,5.5,46,2557,51,30,4.5K,"$80,760,088","$32,000,000 (estimated)","$13,697,595",https://www.imdb.com/title/tt32214143/,New Movies
Ett ärligt liv,Drama|Mystery|Thriller,Simon&apos;s law school dreams fade as he meets Max during a protest. Her anarchist lifestyle of excess and deception entraps him before he can recognize the destructive path he is on.,"male underwear,male nudity,law school,school,student",2025-07-31,122,TV-MA,Mikael Marcimain,Simon Lööf,Nora Rios,Peter Andersson,Sweden,Swedish,5.6,,1678,13,12,1.3K,,,,https://www.imdb.com/title/tt29383300/,New Movies
Brick,Drama|Mystery|Sci-Fi,A couple whose apartment building is suddenly surrounded by a mysterious brick wall must work with their neighbors to find a way out.,"brick wall,hamburg germany,boyfriend girlfriend relationship,finding a dead body,apartment",2025-07-10,99,TV-MA,Philip Koch,Matthias Schweighöfer,Ruby O. Fee,Frederick Lau,Germany,German|English,5.5,53,26510,170,47,15.8K,,,,https://www.imdb.com/title/tt31806049/,New Movies
Nobody 2,Action|Comedy|Crime,"Suburban dad Hutch Mansell, a former lethal assassin, is pulled back into his violent past after thwarting a home invasion, setting off a chain of events.","sequel,cat,russian mafia,revenge,one man army",2025-08-15,89,R,Timo Tjahjanto,Bob Odenkirk,Connie Nielsen,Christopher Lloyd,United States|Canada,English,6.3,59,86193,515,182,99.6K,"$43,285,109","$25,000,000 (estimated)","$9,251,190",https://www.imdb.com/title/tt28996126/,New Movies
Aavaa De,Comedy|Romance,"When love finds you - you don&apos;t stop it - you say &quot;Aavaa De!&quot; AAVAA DE is an innocent Khaati-Meethi Love story, A Tale you have never felt before. One that will stay in your heart forever.",,2025-11-28,136,,Nihar Thakkar,Parikshit Tamaliya,Kumpal Patel,Hemant Kher,India,Gujarati,8,,1062,26,,,,,,https://www.imdb.com/title/tt38875479/,New Movies
Aan Paavam Pollathathu,Comedy|Drama|Romance,"A middle-class husband struggles to accept his wife&apos;s modern, progressive attitudes, creating tension in their marriage.",,2025-10-31,122,,Kalaiarasan Thangavel,Rio Raj,Malavika Manoj,Rj Vigneshkanth,India,Tamil|Telugu|Hindi|Kannada|Malayalam,7,,2221,35,,1.2K,"$4,644",,,https://www.imdb.com/title/tt32284122/,New Movies
Anniversary,Thriller,"A provocative thriller about a very close-knit family that is torn apart as a new movement, &quot;The Change,&quot; envelops the country.","mother in law daughter in law conflict,fascist state,psychological thriller,wedding anniversary,female author",2025-10-29,111,R,Jan Komasa,Diane Lane,Kyle Chandler,Madeline Brewer,United States,English|German,6.7,57,10646,165,76,38.8K,"$672,711",,"$260,691",https://www.imdb.com/title/tt12583926/,New Movies
Play Dirty,Action|Crime|Drama,A ruthless thief and his expert crew stumble onto the heist of a lifetime.,"see through bra,female topless nudity,christmas time,fiance fiancee relationship,interrupted sex",2025-10-01,125,R,Shane Black,Mark Wahlberg,LaKeith Stanfield,Rosa Salazar,Australia|United States,English,5.9,46,26881,247,63,31.4K,,,,https://www.imdb.com/title/tt18392014/,New Movies
Ata Thambaycha Naay!,Drama,"The real based story of Mumbai&apos;s workers from cleaning department. Government officer tries to get cleaning workers should get basic education qualification along with the job, which will help them in improvement in life.","mumbai india,municipal worker,second chance,night school,adult education",2025-05-01,144,,Shivraj Waichal,Ashutosh Gowariker,Bharat Jadhav,Siddharth Jadhav,India,Marathi,8.8,,1229,47,3,1.1K,,,,https://www.imdb.com/title/tt35851696/,New Movies
A Line of Fire,Action|Drama|Thriller,An ex-FBI agent is pulled back into a dangerous world when his former partner&apos;s niece asks for his help.,"bound and gagged,b action",2025-09-02,90,R,Matt Shapira,David A.R. White,Cuba Gooding Jr.,Jason Patric,United States,English,3.6,,1641,62,4,1.1K,,"$2,000,000 (estimated)",,https://www.imdb.com/title/tt33712667/,New Movies
"Oneul bam, segyeeseo i sarangi sarajinda haedo",Drama|Romance,"The pure and touching love story between a high school girl who suffers from anterograde amnesia, whose memories are reset when she wakes up, and an ordinary high school boy who lives a dull daily life.",,2026-02-03,105,TV-14,Kim Hye-young,Choo Young-woo,Shin Si-ah,Jo Yoo-jung,South Korea,Korean,7.5,,2709,38,10,2.3K,"$5,709,270",,,https://www.imdb.com/title/tt39049192/,New Movies
Bhairavam,Action,The relationship between three childhood friends begins to crumble as their loyalty is tested.,,2025-05-30,155,,Vijay Kanakamedala,Sai Srinivas Bellamkonda,Nara Rohith,Aditi Shankar,India,Telugu,4.5,,3999,8,2,1.0K,"$28,355",,,https://www.imdb.com/title/tt34442678/,New Movies
Den sidste viking,Comedy|Crime|Drama,A bank robber released from jail must unlock his traumatised brother&apos;s memory to recover stolen loot.,"dark comedy,mental illness,brother brother relationship,buried money,animated prologue",2025-10-09,116,Not Rated,Anders Thomas Jensen,Mads Mikkelsen,Nikolaj Lie Kaas,Sofie Gråbøl,Denmark|Sweden,Danish|Swedish,7.2,82,11175,35,62,20.1K,"$2,552,983",,,https://www.imdb.com/title/tt27817389/,New Movies
The Truth About Jussie Smollett?,Documentary,"Features a Smollett interview plus talks with police, lawyers, and investigators claiming new case evidence. Viewers can judge who is telling the truth about the Jussie Smollett case.",,2025-08-22,90,TV-MA,Gagan Rehill,Melissa Staples,Jussie Smollett,Eddie Johnson,United Kingdom|United States,English,4.9,,2173,66,10,,,,,https://www.imdb.com/title/tt37670615/,New Movies
Jay Kelly,Comedy|Drama,"Famous movie actor Jay Kelly embarks on a journey of self-discovery, confronting his past and present with his devoted manager Ron. Poignant and humor-filled, pitched at the intersection of regrets and glories.","showbiz drama,showbiz,buddy comedy,character name as title,actor",2025-12-05,132,R,Noah Baumbach,George Clooney,Adam Sandler,Stanley Townsend,United States|United Kingdom|Italy,English,6.5,67,38375,335,168,60.2K,,,,https://www.imdb.com/title/tt30446847/,New Movies
Rehna Nahi Bin Tere,Romance,"The film &quot;Rehna Nahi Bin Tere&quot; intimately explores his life, his experiences with love, and his evolution into the responsible man his industrialist father always envisioned, as he rises to lead the family business.",,2025-12-12,111,,G. Naveen Reddy,Anish Tejeshwar,Krishi Thapanda,Adithi Rao,India,Hindi,8,,1033,27,,,,,,https://www.imdb.com/title/tt20673370/,New Movies
Zombies 4: Dawn of the Vampires,Adventure|Comedy|Family,"Zed and Addison discover the warring worlds of Sunnyside and Shadyside on a summer road trip after their first year of college, encountering two new groups of monsters.","zombie,vampire,disney channel,monster,number 4 in title",2025-07-11,86,TV-G,Paul Hoen,Milo Manheim,Meg Donnelly,Malachi Barton,United States,English,5.5,,3671,86,11,8.0K,,,,https://www.imdb.com/title/tt31241595/,New Movies
Another Simple Favor,Comedy|Crime|Mystery,"Stephanie Smothers and Emily Nelson reunite on the island of Capri, Italy for Emily&apos;s extravagant wedding to a rich Italian businessman, which is interrupted by murder and betrayal.","wedding,drone,murder,whodunit,male nudity",2025-05-01,120,R,Paul Feig,Blake Lively,Anna Kendrick,Allison Janney,United States,English,5.3,54,30967,235,84,38.6K,,,,https://www.imdb.com/title/tt20214908/,New Movies
Kaal Trighori,Horror|Thriller,Three nights waited a 100 years to give birth to the Trighori and Three lives are ensnared in this Vicious cycle. When Reality begins to blur one question remains: is this a perfectly crafted trap or is something far more sinister...,"myth,belief",2025-11-14,159,,Nitin N Vaidya,Arbaaz Khan,Mahesh Manjrekar,Aditya Srivastav,India,Hindi,5.2,,1762,23,,,,,,https://www.imdb.com/title/tt18815884/,New Movies
G20,Action|Thriller,"Terrorists take over the G20 summit with President Sutton, bringing her governing and military experience to defend her family, company, and the world.","budapest,washington d.c.,female president,mother daughter relationship,mother son relationship",2025-04-10,108,R,Patricia Riggen,Viola Davis,Anthony Anderson,Ramón Rodríguez,United States,English,5.1,52,25715,363,70,25.8K,,,,https://www.imdb.com/title/tt23476986/,New Movies
Kumail Nanjiani: Night Thoughts,Comedy,"After nearly a decade away, Kumail Nanjiani returns to Chicago, where he got his start in standup, in a special that tackles anxiety, the perils of buying drugs pre-legalization, and cat medication.",stand up comedy special,2025-12-19,55,TV-MA,Bill Benz,Kumail Nanjiani,,,United States,English,7,,1105,9,2,,,,,https://www.imdb.com/title/tt39131664/,New Movies
Islands,Crime|Drama|Thriller,"Tom, a tennis pro washed up on a holiday island. Now he&apos;s the coach at a hotel resort, hitting countless balls over the net to tourists. When he crosses paths with a particular tourist family, it seems he&apos;s found an escape of his ...","escape,holiday,psychological drama,psychological thriller,tennis coach",2026-01-30,121,Not Rated,Jan-Ole Gerster,Sam Riley,Stacy Martin,Jack Farthing,Germany,English|Spanish|German,6.4,76,2585,19,66,6.3K,"$344,036",,"$26,717",https://www.imdb.com/title/tt27796126/,New Movies
"Good Luck, Have Fun, Don&apos;t Die",Action|Adventure|Comedy,A &quot;Man From the Future&quot; arrives at a diner in Los Angeles where he must recruit the precise combination of disgruntled patrons to join him on a one-night quest to save the world from the terminal threat of a rogue artificial intel...,"quest,married,diner,artificial intelligence,rogue artificial intelligence",2026-02-13,134,R,Gore Verbinski,Sam Rockwell,Juno Temple,Haley Lu Richardson,Germany|United States,English,7.1,66,31071,339,155,116K,"$9,319,127","$20,000,000 (estimated)","$3,644,275",https://www.imdb.com/title/tt1341338/,New Movies
Los dos hemisferios de Lucca,Drama,"Determined to help her son, who has cerebral palsy, Bárbara takes her family to India for an experimental treatment.","life,nature,india,trip,mexico",2025-01-31,96,TV-14,Mariana Chenillo,Bárbara Mori,Juan Pablo Medina,Abhinav Grover,Mexico,Spanish|English,6.9,,1799,20,14,1.5K,,,,https://www.imdb.com/title/tt28657879/,New Movies
Last Breath,Drama|Thriller,A true story that follows seasoned deep-sea divers as they battle the raging elements to rescue their crew mate trapped hundreds of feet below the ocean&apos;s surface.,"divers,ocean,rescue mission,rescue,sea adventure",2025-02-28,93,PG-13,Alex Parkinson,Woody Harrelson,Simu Liu,Finn Cole,United States|United Kingdom,English,6.6,65,36649,188,112,58.2K,"$24,823,454","$24,000,000 (estimated)","$7,851,190",https://www.imdb.com/title/tt14403504/,New Movies
Border 2,Action|History|War,Young Indian fighters prepared to protect their homeland from a greater threat during the 1971 Indo-Pak war.,"violence,epic action,epic history,epic war,period drama",2026-01-23,200,TV-MA,Anurag Singh,Sunny Deol,Varun Dhawan,Diljit Dosanjh,India,Hindi,6.4,,19840,545,15,8.6K,"$2,021,266","₹1,800,000,000 (estimated)",,https://www.imdb.com/title/tt30387012/,New Movies
Virgin Boys,Comedy|Romance,"Arya, Rony and Dundi three naive boys joins posh co-ed college and clash with a rich brat&apos;s gang. Arya finds love, Rony forms a bond and Dundi causes chaos with his antics. A fun emotional journey of campus life, friendship and fi...",,2025-07-11,133,,Dayanandh Gaddam,Mitraaw Sharma,Geethanandh,Shrihan Chotu,India,Telugu,7.6,,1534,,,,,,,https://www.imdb.com/title/tt36955269/,New Movies
Sitaare Zameen Par,Comedy|Drama|Sport,"After a DUI, an arrogant basketball coach must train Neurodivergent adults for community service. His initial prejudice fades as his players show him a new perspective on life.","basketball sport,coach as protagonist,basketball player,remake of spanish film,coach",2025-06-20,155,Not Rated,R.S. Prasanna,Aamir Khan,Genelia Deshmukh,Ashish Pendse,India,Hindi,6.9,,33376,405,21,13.8K,"$3,545,195",,,https://www.imdb.com/title/tt29471573/,New Movies
Psycho Killer,Crime|Horror|Thriller,"A police officer tracks a killer after her husband, a highway patrolman, becomes one of his victims.","male rear nudity,female frontal nudity,female nudity,orgy,female full frontal nudity",2026-02-20,91,R,Gavin Polone,Georgina Campbell,James Preston Rogers,Malcolm McDowell,United States|Germany,English,4.7,26,1359,50,38,20.0K,"$2,555,070",,"$1,613,435",https://www.imdb.com/title/tt1764551/,New Movies
Diesel,Action|Drama|Thriller,Showcases the diesel mafia and the politics around it.,,2025-11-21,144,Not Rated,Shanmugam Muthusamy,Athulya Ravi,Harish Kalyan,Sai Kumar,India,Tamil,5.3,,1371,5,,,"$7,535",,,https://www.imdb.com/title/tt28252935/,New Movies
Redux Redux,Action|Adventure|Crime,"Irene Kelly travels through parallel universes, repeatedly killing her daughter&apos;s murderer. As she becomes consumed by vengeance, her humanity hangs in the balance.",,,109,R,Kevin McManus,Michaela McManus,Stella Marcus,Jeremy Holm,United States,English,6.2,72,3987,47,69,13.2K,,,,https://www.imdb.com/title/tt33295741/,New Movies
Jewel Thief: The Heist Begins,Action|Adventure|Thriller,A master thief accepts a mission to steal the legendary African Red Sun diamond. What begins as a meticulously planned heist spirals into a dangerous game of double-crosses and shifting loyalties.,heist crime,2025-04-25,116,,Robbie Grewal,Saif Ali Khan,Jaideep Ahlawat,Nikita Dutta,India,Hindi,4.2,,5998,88,18,2.2K,,,,https://www.imdb.com/title/tt27843798/,New Movies
The Stranger in My Home,Drama|Thriller,"A handsome stranger&apos;s claim that a couple&apos;s 15-year-old daughter was switched at birth throws their perfect family into turmoil, unearthing shattering secrets.",,2025-06-24,91,R,Jeff Fisher,Sophia Bush,Chris Carmack,Amiah Miller,United States,English,4.4,,1394,25,8,5.2K,,,,https://www.imdb.com/title/tt32147653/,New Movies
Winter as Frida Kahlo,Biography,The year is 1935. Frida Kahlo&apos;s husband has just begun an affair with her younger sister. A sister that had been her closest friend.,,2025-02-28,75,,Bramwell Noah,Katie Archibald,Nicola Butler,Janet Christofi,Australia,English,8.1,,2135,7,3,,,,,https://www.imdb.com/title/tt27611709/,New Movies
6 Journey,Drama,"A psychiatrist finds six suicidal youth and suggests one last trip to Goa. Their journey becomes dangerous when a tech-wielding mafia traps them in a forest with captive scientists, forcing them to fight for survival.",,2025-05-09,131,,Basheer Aluru,Palayam Ravi Prakash Reddy,Pallavi Rathod,Sameer Datta,India,,7.7,,1078,,,,,,,https://www.imdb.com/title/tt36792014/,New Movies
Broke,Drama|Western,"Follows True Brandywine, a struggling rodeo rider, as he gets trapped in a blizzard and must confront his life choices while battling the elements for survival.",,2025-05-06,103,R,Carlyle Eubank,Wyatt Russell,Auden Thornton,Dennis Quaid,United States,English,6.1,,2962,45,9,4.1K,,,,https://www.imdb.com/title/tt35048826/,New Movies
Los domingos,Drama|Thriller,"A young woman named Ainara faces personal crossroads while exploring career possibilities, much to her family&apos;s concern.","triple f rated,f rated,religion,singing,church",2025-10-17,115,,Alauda Ruiz de Azúa,Blanca Soroa,Patricia López Arnaiz,Miguel Garcés,Spain|France,Spanish|Basque|English,7.4,,3700,11,26,4.4K,"$6,502,708",,,https://www.imdb.com/title/tt35513027/,New Movies
Shiver Me Timbers,Comedy|Horror,"In 1986 Northern California, Olive Oyl, her brother Castor and friends, go on a camping trip to see the meteor shower with Halley&apos;s comet. But the night turns into horror as a meteor transforms Popeye, into a unstoppable killing m...","popeye,b horror,slasher horror,overalls,castor oyl character",2025-04-01,73,,Paul Stephen Mann,Murdo Adams,Stephen Corrall,Paul Dewdney,United Kingdom,,4.3,,2742,25,18,1.2K,,"£100,000 (estimated)",,https://www.imdb.com/title/tt33305581/,New Movies
Kantara: A Legend - Chapter 1,Action|Drama|Fantasy,"While exploring Kantara&apos;s mystical forest, Bangra&apos;s King Vijayendra dies during the Kadamba reign. Rajashekara seals their realm. Prince Kulashekara massacres to reopen it. Berme, seeking wealth, crosses the divide.","epic drama,epic action,period drama,epic fantasy,supernatural fantasy",2025-10-03,165,Not Rated,Rishab Shetty,Rishab Shetty,Rukmini Vasanth,Jayaram,India,Kannada|Hindi|English|Telugu|Tamil|Malayalam|Bengali,8.1,,55516,880,23,22.5K,"$5,781,691",,"$540,000",https://www.imdb.com/title/tt26439764/,New Movies
Killing Faith,Thriller|Western,"A widowed doctor escorts a freed slave and her daughter across the West to find a distant faith healer, battling the mother&apos;s belief of possession and the doctor&apos;s suspicion of disease as everything the child touches dies.",,2025-11-04,108,R,Ned Crowley,Guy Pearce,DeWanda Wise,Bill Pullman,United States,English,5.6,,1458,21,23,6.4K,"$2,482","$7,000,000 (estimated)",,https://www.imdb.com/title/tt29101725/,New Movies
Heer Express,,"Heer Express is a family drama film, blended with elements of humor and life&apos;s challenges.",,2025-09-12,142,Not Rated,Umesh Shukla,Divita Juneja,Prit Kamani,Ashutosh Rana,India,,5.4,,9164,784,,,"$1,551",,,https://www.imdb.com/title/tt28754073/,New Movies
R.L. Stine&apos;s Pumpkinhead,Comedy|Fantasy|Horror,"When his brother disappears and everyone forgets he existed, Sam must unravel the mystery before Finn is gone forever.","teen horror,monster horror,cursed book,curse,halloween",2025-10-17,91,,Jem Garrard,Bean Reid,Adeline Lo,Kevin McNulty,Canada,English,5.8,,1234,23,8,2.0K,,,,https://www.imdb.com/title/tt38218065/,New Movies
Con Mum,Documentary|Crime,"A chef&apos;s world turns chaotic when a globetrotting socialite appears, claiming to be his mother. The documentary uncovers their story.",crime documentary,2025-03-25,88,TV-MA,Nick Green,Graham Hornigold,,,United Kingdom,English,6.6,,3312,31,9,2.2K,,,,https://www.imdb.com/title/tt35955855/,New Movies
Deathstalker,Action|Adventure|Fantasy,A remake of the cult classic 1983 sword and sorcery film.,"b action,sword and sorcery fantasy,swordsman,fighter,good versus evil",2025-10-10,102,Not Rated,Steven Kostanski,Daniel Bernhardt,Patton Oswalt,Christina Orjalo,United States|Canada,English,5.7,,2587,56,45,6.4K,,,,https://www.imdb.com/title/tt33996087/,New Movies
Me No Pause Me Play,,"Me No Pause Me Play is a heartwarming and empowering story of women navigating life&apos;s transitions, rediscovering their strength, and redefining identity beyond age, delivering a powerful message of awareness and acceptance around ...",,2025-11-28,140,,Samar K. Mukherjee,Kamya Punjabi,Dipshikkha Nagppal,Manoj Kumar Sharma,India,,8.3,,1539,2,,,,,,https://www.imdb.com/title/tt38672269/,New Movies
Death of a Unicorn,Comedy|Fantasy|Horror,"A father and daughter accidentally hit and kill a unicorn while en route to a weekend retreat, where his billionaire boss seeks to exploit the creature&apos;s miraculous curative properties.","unicorn,mythical creature,fairy tale creature in real world,father daughter relationship,family business",2025-03-28,107,R,Alex Scharfman,Paul Rudd,Jenna Ortega,Will Poulter,United States|Hungary,English,5.8,51,51826,410,177,83.5K,"$16,423,464","$15,000,000 (estimated)","$5,787,425",https://www.imdb.com/title/tt28443655/,New Movies
Lilo &amp; Stitch,Action|Adventure|Comedy,"A lonely Hawaiian girl befriends a runaway alien, helping to mend her fragmented family.","alien,girl,hawaii,disney live action remake of animated film,live action adaptation",2025-05-23,108,PG,Dean Fleischer Camp,Maia Kealoha,Sydney Agudong,Chris Sanders,United States|Australia|Canada,English,6.7,53,93221,883,161,102K,"$1,038,027,526","$100,000,000 (estimated)","$146,016,175",https://www.imdb.com/title/tt11655566/,New Movies
Ruth &amp; Boaz,Drama|Romance,Modern-day retelling of one of the most iconic love stories in the Bible. A young woman escapes the Atlanta music scene to care for an elderly widowed woman and in the process finds the love of her life and gains the mother she ne...,"small town,parent,modern day,love,life",2025-09-26,93,TV-14,Alanna Brown,Serayah,Tyler Lepley,Phylicia Rashad,United States,English,6,,2464,39,12,3.1K,,,,https://www.imdb.com/title/tt32306048/,New Movies
The Home,Horror|Mystery|Thriller,"Follows Max, who realizes that the residents and caretakers in the retirement home he started working at hide sinister secrets.","nursing home,janitor,male protagonist,hurricane,doctor",2025-07-25,95,R,James DeMonaco,Pete Davidson,John Glover,Mugga,United States,English,5.5,39,9011,124,59,24.2K,"$1,946,613",,"$1,037,791",https://www.imdb.com/title/tt17023012/,New Movies
Ejen Ali the Movie 2,Animation|Action|Adventure,"A secret agent&apos;s life changes after being selected to pilot an experimental suit enhanced by artificial intelligence, designed to revolutionize covert operations.","based on tv series,second part,spy action,computer animation,sequel",2025-05-22,115,TV-PG,Usamah Zaid Yasin,Ida Rahayu Yusoff,Noorhayati Maslini,Shafiq Isa,Malaysia,Malay,7.8,,2263,36,,13.8K,,"MYR 10,000,000 (estimated)",,https://www.imdb.com/title/tt33381728/,New Movies
Ástin sem eftir er,Comedy|Drama|Family,"Captures a year in the life of a family as the parents navigate their separation. Through intimate vignettes and strange occurrences, the film explores the complexities of family, love, and the impact of shared memories.","iceland,divorce,dog,artist,fisherman",2026-01-30,109,,Hlynur Pálmason,Panda,Saga Garðarsdóttir,Ída Mekkín Hlynsdóttir,Iceland|Denmark|Sweden|France,Icelandic|English|French,6.8,76,1300,13,35,6.9K,"$393,325",,"$23,248",https://www.imdb.com/title/tt33381401/,New Movies
Ustaad Bhagat Singh,Action|Comedy|Drama,"Inspired by his teacher, who named him Bhagat Singh and shaped his values, a tribal boy grows up rooted in strong morals and unwavering courage. Standing firm against injustice, he takes on evil forces despite overwhelming odds.",,2026-03-19,150,,Harish Shankar,Pawan Kalyan,Sriram Reddy Polasane,Sreeleela,India,Telugu,5,,1177,13,,,"$338,674",,,https://www.imdb.com/title/tt14338246/,New Movies
Abraham&apos;s Boys,Horror,Abraham van Helsing moves his two sons to the United States in an attempt to escape their past.,"young,stranger",2025-07-11,89,R,Natasha Kermani,Titus Welliver,Brady Hepner,Judah Mackey,United States|United Kingdom,English,4.2,39,1438,31,38,5.8K,"$231,968",,"$131,042",https://www.imdb.com/title/tt14808764/,New Movies
Not Without Hope,Drama|Thriller,A group of friends&apos; fishing boat capsizes during a storm in the Gulf of Mexico and they&apos;re left alone stranded at sea and struggling for survival.,"boat,docudrama drama,drowning,capsized boat,football player",2025-12-12,121,R,Joe Carnahan,Zachary Levi,Josh Duhamel,Quentin Plair,United States,English,5.4,,1774,33,14,7.1K,"$231,571","$18,000,000 (estimated)",,https://www.imdb.com/title/tt3331548/,New Movies
It Ends,Fantasy|Horror|Sci-Fi,"Friends on a late-night food run become trapped on an infinite highway with otherworldly terrors lurking beyond. Confined in their Jeep Cherokee, they must decide whether to accept their fate or attempt escape.","fear of the unknown,loss of hope,chronic existential dread,drifting apart,post college",2025-12-10,89,,Alex Ullom,Mitchell Cole,Akira Jackson,Noah Toth,United States,English,5.7,,3386,76,26,12.6K,,,,https://www.imdb.com/title/tt35519455/,New Movies
D.I.S.C.O.,Action|Comedy,"A suspended spy&apos;s vacation gets complicated when a hairdresser discovers his identity and blackmails him into completing a failed mission together, with their wives unexpectedly joining the operation.",,2026-01-01,102,,Ömer Faruk Sorak,Giray Altinok,Kerem Özdogan,Özge Özacar,Turkey,Turkish,7.2,,1401,9,3,,"$5,422,937",,,https://www.imdb.com/title/tt39105882/,New Movies
Madha Gaja Raja,Comedy|Action,"Childhood friends gather for a wedding celebration, but their joyous reunion takes an unexpected turn, forcing them to confront a crisis while navigating personal struggles.",,2025-01-15,146,,Sundar C.,Vishal,Anjali,Varalaxmi Sarathkumar,India,Tamil,5.6,,1552,13,,,"$169,618",,,https://www.imdb.com/title/tt3575156/,New Movies
Mom Tane Nai Samjay,Family,"Devoted mother Aashka sacrifices her career to raise Meera and Kabir while husband Kunal gets consumed by work. Feeling neglected, she leaves but mentors students needing maternal care. Her absence makes the family realize her worth.",,2025-01-10,117,,Dharmessh Mehta,Amar Upadhyay,Rashami Desai,Namit Shah,India,Gujarati,7.3,,1369,16,,,,,,https://www.imdb.com/title/tt27972552/,New Movies
Mirai,Action|Adventure|Fantasy,A warrior is tasked with the protection nine sacred scriptures that can turn any mortal into a deity.,"epic drama,epic fantasy,epic action,supernatural fantasy,quest adventure",2025-09-12,169,Not Rated,Karthik Gattamneni,Teja Sajja,Manoj Kumar Manchu,Rana Daggubati,India,Telugu,7.1,,10467,130,8,6.7K,"$513,313","₹400,000,000 (estimated)",,https://www.imdb.com/title/tt30858568/,New Movies
Sarah&apos;s Oil,Biography|Drama|History,"The remarkable true story of eleven year old Sarah Rector, an African American girl born in Oklahoma Indian Territory in the early 1900s, who believes there is oil beneath the barren land she&apos;s allotted and whose faith is proven r...","oil,father daughter relationship,belief in god,oil drilling,11 year old",2025-11-07,103,PG,Cyrus Nowrasteh,Zachary Levi,Naya Desir-Johnson,Sonequa Martin-Green,United States,English,6.8,,1724,31,14,12.0K,"$11,675,627",,"$4,261,446",https://www.imdb.com/title/tt31727267/,New Movies
The New Yorker at 100,Documentary,"The New Yorker&apos;s centennial reveals behind-the-scenes access to editors, writers, and archives of this culturally vital magazine, one of print&apos;s last survivors.",,2025-12-05,96,R,Marshall Curry,David Remnick,Françoise Mouly,Nick Paumgarten,United States,English,7.2,,1282,11,15,1.5K,,,,https://www.imdb.com/title/tt35631328/,New Movies
"Silent Night, Deadly Night",Horror,"After seeing his parents killed by someone dressed as Santa, a grown man later wears a Santa suit himself and seeks violent revenge.","slasher,horror movie remake,slasher horror,slasher killer,brutal violence",2025-12-12,96,R,Mike P. Nelson,Rohan Campbell,Ruby Modine,Mark Acheson,France|Canada|United States,English,6.1,53,6014,92,96,13.7K,"$5,586,884",,"$1,023,784",https://www.imdb.com/title/tt34508974/,New Movies
Am Ah,Drama,"When Stephen, a road construction supervisor, visits Kavantha, an enigmatic yet beautiful mountainside, he uncovers a series of heart-warming events that shows love in its purest form.",,2025-01-24,115,,Thomas K. Sebastian,Devadarshini Chetan,Maala Parvathi,Dileesh Pothan,India,Malayalam|Tamil,6,,4873,56,,,"$7,014",,,https://www.imdb.com/title/tt34852931/,New Movies
Dom dobry,Drama,"Online romance leads Goska to Grzesiek, who seems perfect with his flowers and Venice proposal. But their love story takes a dark turn as their shared home becomes increasingly dangerous for her.","psychological drama,husband wife relationship,domestic abuse,fractured narrative,husband rapes wife",2025-11-07,107,,Wojciech Smarzowski,Agata Turkot,Tomasz Schuchardt,Agata Kulesza,Poland,Polish,7.2,,2057,2,2,1.4K,"$3,102,226",,,https://www.imdb.com/title/tt32246406/,New Movies
L&apos;homme qui rétrécit,Adventure|Sci-Fi,"Shipbuilder inexplicably shrinks, gets trapped in basement, few inches tall. Must fight for survival in now-hostile ordinary household environment. Sci-fi premise, no explanation given for shrinking phenomenon.","based on novel,no opening credits,butterfly,matchbox,swimming",2025-10-22,99,,Jan Kounen,Jean Dujardin,Marie-Josée Croze,Daphné Richard,France|Belgium,French,5.9,,1231,7,22,2.6K,"$2,172,771",,,https://www.imdb.com/title/tt32642156/,New Movies
Kesari Chapter 2: The Untold Story of Jallianwala Bagh,Drama|History,"After learning the truth behind the brutal massacre at the Jallianwala Bagh, C Sankaran Nair, a member of the Viceroy&apos;s Council, sets out to challenge the Crown and the military general responsible.","indian history,jallianwala bagh massacre,period drama,legal drama,docudrama drama",2025-04-18,133,,Karan Singh Tyagi,Akshay Kumar,Madhavan,Ananya Panday,India|Ireland,Hindi|English,8,,15689,217,14,7.8K,"$1,232,060",,,https://www.imdb.com/title/tt3562110/,New Movies
På villspor,Comedy,"A struggling divorced mom must learn to ski and complete a grueling 54km race to stay at her brother&apos;s place. As she trains for the impossible challenge, she discovers inner strength she never knew she had.","male full frontal nudity,male nudity,clothed female naked male scene,male frontal nudity,female nudity",2025-02-27,92,,Hallvar Witzø,Ada Eide,Trond Fausa,Christian Rubeck,Norway,Norwegian,6,,1289,4,12,,,,,https://www.imdb.com/title/tt31828532/,New Movies
Karate Kid: Legends,Action|Drama|Family,"After kung fu prodigy Li Fong relocates to New York City, he attracts unwanted attention from a local karate champion and embarks on a journey to enter the ultimate karate competition with the help of Mr. Han and Daniel LaRusso.","sequel,coach,bullying,teacher,teenager",2025-05-30,94,PG-13,Jonathan Entwistle,Jackie Chan,Ben Wang,Joshua Jackson,United States|Canada,English|Mandarin,6.3,51,46519,453,160,81.9K,"$117,105,466","$45,000,000 (estimated)","$20,302,016",https://www.imdb.com/title/tt1674782/,New Movies
Warlord,Action|Adventure|Fantasy,"Revolt brews in ancient Lloris as a merciless Sheriff and Brute oppress citizens. A young human seeks elves&apos; mystical aid to free the people, but secrets and hidden motives threaten an alliance that could doom all.",,2026-02-27,101,,Stuart Brennan,Ryan Gage,Stuart Brennan,Aliona Baranova,United States,English,5,,2399,34,,,,,,https://www.imdb.com/title/tt35042637/,New Movies
"Ma mère, Dieu et Sylvie Vartan",Drama,"A mother&apos;s unwavering devotion helps her son, born with a clubfoot in 1963, overcome physical challenges and social barriers. Her powerful promise drives their remarkable journey through life&apos;s ups and downs.","cancer,physical abnormality,inspired by a true story,dancing,1960s",2025-03-19,102,Not Rated,Ken Scott,Leïla Bekhti,Jonathan Cohen,Joséphine Japy,France|Canada,French,7,,1785,7,19,1.8K,"$12,467,758",,,https://www.imdb.com/title/tt29927144/,New Movies
Kaantha,Crime|Drama|Horror,"In 1950s Madras, tension between a legendary director, an egotistical leading man, and a young starlet lead to murder on the film set.","period drama,showbiz drama,neo noir,psychological thriller,whodunnit mystery",2025-12-12,150,,Selvamani Selvaraj,Dulquer Salmaan,Bhagyashri Borse,Samuthirakani,India,Tamil,7.3,,9580,73,8,3.4K,"$341,827",,,https://www.imdb.com/title/tt28508934/,New Movies
Hans Zimmer &amp; Friends: Diamond in the Desert,Documentary|Music,"A journey through Dubai featuring live performances at Coca-Cola Arena, intimate talks with friends, and stunning moments across desert dunes and the iconic Burj Al Arab.","film music,dubai,seven word title,musician,colon in title",2025-03-19,158,,Paul Dugdale,Hans Zimmer,Billie Eilish,Christopher Nolan,United States|United Kingdom,English,8.4,,1221,19,9,2.0K,"$431,405",,,https://www.imdb.com/title/tt35616060/,New Movies
House Mates,Comedy|Horror,"Newly married Karthik and Anu buys an old apartment and starts their life, soon they start witnessing strange things happening in the house and and they think it is an act of ghost, but soon they find the shocking truth.",,2025-08-01,129,,Rajavel,Darshan,Kaali Venkat,Dheena,India,Tamil,7.3,,1734,25,,,"$1,110",,,https://www.imdb.com/title/tt32278054/,New Movies
Mithra Mandali,Comedy,"A group of misfit friends stumbles into chaos when one falls for a politician&apos;s headstrong daughter, leading to a comedy of errors that turns their simple lives into a spectacular mess.",,2025-10-16,150,,Vijayender S,Brahmanandam,Satya,Vennela Kishore,India,Telugu,6.2,,1328,11,,,"$12,755",,,https://www.imdb.com/title/tt37273405/,New Movies
O Agente Secreto,Crime|Drama|Mystery,"Amid the political turmoil of 1977 Brazil, a technology expert is forced into hiding and seeks help from the underground resistance as he tries to flee the country with his young son.","period drama,political thriller,1970s,recife brazil,year 1977",2025-11-06,161,R,Kleber Mendonça Filho,Robson Andrade,Rubens Santos,Licínio Januário,Brazil|France|Mexico|Germany|Netherlands,Portuguese|German|English,7.2,91,49400,262,190,131K,"$19,115,745","R$27,000,000 (estimated)","$47,968",https://www.imdb.com/title/tt27847051/,New Movies
Preparation for the Next Life,Drama,"A Uyghur woman, trained by her military father, migrates to NYC where she finds herself laboring in Chinatown&apos;s underground kitchens. She fatefully encounters a young American soldier who just returned from three tours in the Midd...",,2025-12-12,115,R,Bing Liu,Sebiye Behtiyar,Fred Hechinger,Alicher Adill,United States,English,5.9,80,1203,8,19,3.5K,"$45,001",,"$31,848",https://www.imdb.com/title/tt31727191/,New Movies
Eesha,Horror|Thriller,"When four childhood friends attempt to disprove superstition, they cross paths with a powerful spiritual figure whose unsettling revelations shake their understanding of life, death, and the unknown.",,2026-01-01,135,,Manne Srinivas,Siri Hanmanth,Mime Madhu,Hebah Patel,India,Telugu,8.2,,1920,15,,,,,,https://www.imdb.com/title/tt39109585/,New Movies
Udaipur Files: Kanhaiya Lal Tailor Murder,Crime|Drama|Thriller,"Based on the 2022 brutal murder of tailor Kanhaiya Lal in Udaipur, exploring the radicalization and conspiracy behind the targeted killing.","true crime,tragedy drama,fundamentalist,radical,terrorism",2025-09-05,125,,Bharat S Shrinate,Nikunj Aggarwal,Uday Atrolia,Praveen Atulkar,India,Hindi,6.3,,5307,101,2,1.5K,$178,,,https://www.imdb.com/title/tt28630806/,New Movies
Mamlaket al-qasab,Drama,"In 1990s Iraq, 9-year-old Lamia must bake the President&apos;s birthday cake. She scrambles to find ingredients for this compulsory task while facing potential punishment if she fails.","iraq,1990s,little girl,9 year old,police arrest",2026-02-27,105,PG-13,Hasan Hadi,Baneen Ahmad Nayyef,Waheed Thabet Khreibat,Sajad Mohamad Qasem,Iraq|Qatar|United States,Arabic,7.7,84,1675,14,69,8.1K,"$2,504,141",,"$6,734",https://www.imdb.com/title/tt36580119/,New Movies
Paradise Records,Action|Comedy|Music,A record store owner and his eccentric staff fight to save their beloved shop from closing down.,"bare chested male,man shaves,brushing teeth,blow up doll,man wears glasses",2025-12-23,106,R,Logic,Diedrich Bader,Arkira Chantaratananond,Kevin Corrigan,United States,English,5.2,,1215,118,7,4.5K,,,,https://www.imdb.com/title/tt35168834/,New Movies
The Thursday Murder Club,Comedy|Crime|Mystery,"Four irrepressible retirees spend their time solving cold case murders for fun, but their casual sleuthing takes a thrilling turn when they find themselves with a real whodunit on their hands.","community,friend,retirement,murder,detective",2025-08-28,118,PG-13,Chris Columbus,Helen Mirren,Pierce Brosnan,Ben Kingsley,United States|United Kingdom,English|Polish,6.5,60,84789,700,102,84.9K,,,,https://www.imdb.com/title/tt12001534/,New Movies
Sinners,Action|Drama|Horror,"Trying to leave their troubled lives behind, twin brothers return to their hometown to start again, only to discover that an even greater evil is waiting to welcome them back.","1930s,supernatural horror,period horror,vampire,urination",2025-04-18,137,R,Ryan Coogler,Michael B. Jordan,Jack O&apos;Connell,Hailee Steinfeld,United States|Australia|Canada,English|Chinese,7.5,84,454490,2.8K,375,395K,"$369,933,701","$90,000,000 (estimated)","$48,007,468",https://www.imdb.com/title/tt31193180/,New Movies
Cover-Up,Documentary,Seymour Hersh has been at the front lines of political journalism in the United States. Hersh&apos;s breakthrough reportage has brought to the public&apos;s attention many of the most damning constitutional wrongdoings and cover-ups.,"newsies,cover up,male journalist,journalism ethics,journalist",2025-12-26,117,R,Mark Obenhaus,Seymour Hersh,David Obst,Bob Woodward,United States,English|Vietnamese|Arabic,7.5,86,3400,13,43,8.7K,,,,https://www.imdb.com/title/tt37660887/,New Movies
It Feeds,Horror,"After a young girl bursts into their home psychiatry practice claiming an entity is feeding on her, Jordan and her clairvoyant mother must find a way to stop the force before the girl is taken completely.","buried alive,psychological horror",2025-04-18,102,Not Rated,Chad Archibald,Ashley Greene,Ellie O&apos;Brien,Juno Rinaldi,Canada,English,5.6,66,7262,84,33,11.0K,"$1,386,745",,,https://www.imdb.com/title/tt28230296/,New Movies
Detective Sherdil,Comedy|Mystery,Follows an amateur detective. A simulated comedy set in a criminal investigation.,,2025-06-20,106,,Ravi Chhabriya,Diljit Dosanjh,Diana Penty,Boman Irani,India,,5.1,,5573,377,8,,,,,https://www.imdb.com/title/tt28076316/,New Movies
Violent Ends,Thriller,"A southern revenge thriller of star-crossed lovers set against the backdrop of the Ozark Mountains, Violent Ends chronicles the life of Lucas Frost, an honest man brought up in a crime family whose only legacy is violence.","retribution,psychological thriller",2026-02-02,112,R,John-Michael Powell,Billy Magnussen,James Badge Dale,Kate Burton,United States,English,5.8,53,1388,16,19,5.2K,"$185,131",,"$117,813",https://www.imdb.com/title/tt6902560/,New Movies
Odela 2,Crime|Drama|Horror,"In a remote village, steeped in rich cultural heritage and age-old traditions, its true saviour Odela Mallanna Swamy always protects his village from evil forces.",,2025-04-17,150,,Ashok Teja,Tamannaah Bhatia,Hebah Patel,Vasishta N. Simha,India,Telugu|Tamil|Hindi,4.6,,6844,23,2,4.7K,$58,,,https://www.imdb.com/title/tt31529147/,New Movies
1000 Waala,Action|Drama,1000 Waala Movie Is Good Love Story it&apos;s an action drama movie.,,2025-03-14,129,,Afzal Shaik,Amith,Sharuk,Suman,India,Telugu,8,,2033,,,,,,,https://www.imdb.com/title/tt36071714/,New Movies
Apoorva Puthranmar,Comedy|Drama,"Two brothers embark on a quest to fulfill their father&apos;s dying wish. However, the simple journey takes a complicated turn that alters their lives forever.",,2025-07-18,142,,Rejith RL,Ammayra Goswami,Bibin George,Vishnu Unnikrishnan,India,Malayalam,4,,1186,,,,"$3,326",,,https://www.imdb.com/title/tt34180853/,New Movies
M3GAN 2.0,Action|Sci-Fi|Thriller,"Two years after M3GAN&apos;s rampage, her creator, Gemma, resorts to resurrecting her infamous creation in order to take down Amelia, the military-grade weapon who was built by a defense contractor who stole M3GAN&apos;s underlying tech.","robot,sequel,second part,doll,artificial intelligence",2025-06-27,120,PG-13,Gerard Johnstone,Allison Williams,Violet McGraw,Amie Donald,United States|New Zealand|Canada,English|Persian,6,54,51008,520,197,61.1K,"$39,083,707","$25,000,000 (estimated)","$10,201,625",https://www.imdb.com/title/tt26342662/,New Movies
Madras Matinee,Drama,"An aging sci-fi writer is challenged by his caretaker to write about the common man. Reluctantly, he begins the story of Kannan, a TukTuk driver, and his family - only to discover that ordinary life holds unexpected depth and drama.",,2025-06-06,135,,Karthikeyan Mani,Kaali Venkat,Sathyaraj,Roshini Haripriyan,India,Tamil,7.9,,1683,30,2,,,,,https://www.imdb.com/title/tt36454677/,New Movies
Officer on Duty,Action|Crime|Thriller,"A demoted police inspector investigates a counterfeit jewelry racket, becoming entangled in a dangerous web of crime that puts his life at stake.",cop drama,2025-02-20,134,,Jithu Ashraf,Kunchacko Boban,Priyamani,Jagadish,India,Malayalam,7.5,,11580,94,4,5.7K,"$1,266,113",,,https://www.imdb.com/title/tt34388152/,New Movies
Companion,Sci-Fi|Thriller,A weekend getaway with friends at a remote cabin turns into chaos after it&apos;s revealed that one of the guests is not what they seem.,"sex robot,robot human relationship,tied to a chair,humanoid robot,sex doll",2025-01-31,97,R,Drew Hancock,Sophie Thatcher,Jack Quaid,Lukas Gage,United States,English|German,6.9,70,172250,638,240,176K,"$36,969,122","$10,000,000 (estimated)","$9,300,113",https://www.imdb.com/title/tt26584495/,New Movies
Noviembre,Biography|Drama|History,"A dramatized account of Colombia&apos;s 1985 Palace of Justice siege combines fictional elements with historical footage, exploring themes of belief, turmoil, and lasting national trauma.",,2025-10-02,78,,Tomás Corredor,Santiago Alarcón,Natalia Reyes,Max Duran,Mexico|Brazil|Norway|Colombia,Spanish,6.3,,1089,16,7,,"$129,661",,,https://www.imdb.com/title/tt18274520/,New Movies
The Life List,Comedy|Drama|Romance,"A woman revisits her childhood aspirations, endeavoring to achieve her old goals, only to discover that pursuing these lifelong dreams takes her on an unforeseen and surprising journey.","pregnant woman,last will,lawyer,bean salad,tattoo",2025-03-28,123,PG-13,Adam Brooks,Sofia Carson,Kyle Allen,Sebastian De Souza,United States,English,6.8,49,39800,165,31,40.6K,,,,https://www.imdb.com/title/tt2172954/,New Movies
Mission C1000,Action,"Hindu Atankwad and the Honey Trap is a film about a character named Ram who tries to stop terrorists from stealing a scientific formula. The movie explores themes of patriotism, cultural identity, and the fight against terrorism",,2025-01-23,128,,Tejeshwar,Tejeshwar,V. Jayaprakash,Sudha,India,Hindi|Telugu,9.4,,5764,71,,,,₹100 (estimated),,https://www.imdb.com/title/tt35022209/,New Movies
The Alabama Solution,Documentary,Incarcerated men defy the odds to expose a cover-up in one of the United States&apos; deadliest prison systems.,"prisoner,alabama,violence,death,prison",2025-10-10,117,TV-MA,Andrew Jarecki,Raoul Poole,Robert Earl Council,Melvin Ray,United States,English,7.8,90,5587,39,18,13.3K,,,,https://www.imdb.com/title/tt35307139/,New Movies
L&apos;accident de piano,Comedy,"A social media star famous for posting shocking content takes a break after a mysterious piano incident while filming one of her videos. Isolated in a chalet mountain, her retreat is interrupted by a journalist who begins to black...","suicide,accidental death,ice pick,reincarnation,flashback",2025-07-02,88,,Quentin Dupieux,Adèle Exarchopoulos,Jérôme Commandeur,Sandrine Kiberlain,France,French,6.4,,2881,6,27,2.2K,"$3,154,074","€8,600,000 (estimated)",,https://www.imdb.com/title/tt35431236/,New Movies
Surviving Ohio State,Documentary,Jon Wertheim&apos;s cover story detailing the decades-long abuse scandal in the athletic department at Ohio State University.,"coach,open secret,ohio,college athlete,scandal",2025-06-17,108,TV-MA,Eva Orner,Richard Strauss,Russ Hellickson,Jim Jordan,United States,English,7.7,,1357,15,9,2.1K,,,,https://www.imdb.com/title/tt14263818/,New Movies
Pretty Lethal,Action|Horror|Thriller,It follows a group of ballerinas as they try to escape from a remote inn after their bus breaks down on the way to a dance competition.,"escape,bound and gagged,violence,woman bound and gagged,team action",2026-03-25,88,R,Vicky Jewson,Maddie Ziegler,Lana Condor,Lydia Leonard,United States|United Kingdom|Hungary,English,5.8,51,6222,88,62,14.0K,,,,https://www.imdb.com/title/tt26678938/,New Movies
Bad Girlz,Comedy|Romance,"Four conservative girls sneak away on a secret trip, but what starts as fun soon turns into an unexpected adventure that tests their courage, friendship, and beliefs.","emotional journey,bold choices,defying traditions,youthful romance,independent women",2025-12-25,136,,Phani Pradeep Dhulipudi,Payal Chengappa,Renu Desai,Anchal Gowda,India,,9.4,,2039,4,,1.3K,,"₹40,000,000 (estimated)",,https://www.imdb.com/title/tt38045101/,New Movies
Saayavanam,,"A Woman is abandoned, deceived, and wounded - but she stands again with pride. Saayavanam is sita&apos;s journey from pain to power, from silence to strength.",,2025-12-19,120,,Anil,Appukutty,Santhosh Damodaran,Janaki,India,Tamil,8.8,,1017,,,,,,,https://www.imdb.com/title/tt39195686/,New Movies
Conan O&apos;Brien: The Kennedy Center Mark Twain Prize for American Humor,Comedy,Comedy stars unite to honor Conan O&apos;Brien as he receives the Mark Twain Prize for American Humor.,,2025-05-04,86,TV-MA,Marcus Raboy,Conan O&apos;Brien,John Mulaney,Will Ferrell,United States,English,8,,1487,7,,,,,,https://www.imdb.com/title/tt35445387/,New Movies
Laalo: Krishna Sada Sahaayate,Drama|Family,"A rickshaw driver trapped in a farmhouse confronts his past demons while experiencing visions of Lord Krishna, who guides him through a transformative journey of self-discovery and healing.","reference to krishna the hindu deity,devotional,rickshaw driver",2025-11-05,135,,Ankit Sakhiya,Karan Joshi,Reeva Rachh,Shruhad Goswami,India,Gujarati|Hindi,8.3,,2564,118,5,5.1K,"$391,542",,,https://www.imdb.com/title/tt37956153/,New Movies
Vleesdag,Horror,"To join an activist group, Mirthe films a pig farm&apos;s cruelty. When they return to free the pigs, they&apos;re already dead. The leader seeks revenge on the farmer&apos;s children, forcing Mirthe to choose sides as violence erupts.","splatter horror,psychological horror,cannibalism",2025-11-11,86,,Martijn Smits,Caro Derkx,Sem Ben Yakar,Sweder de Sitter,Netherlands,Dutch,5.8,,1313,29,18,2.4K,,,,https://www.imdb.com/title/tt34113961/,New Movies
Kambi Katna Kathai,,"A con artist&apos;s scheme to become divine leads him through wild adventures as he scams his way up society&apos;s ladder, culminating in his status as a worshipped guru with an island sanctuary.",,2025-10-17,139,,Rajanadhan Periyasamy,Chaams,Karate Karthi,Fire Karthik,India,Tamil,6.2,,1236,,,,,,,https://www.imdb.com/title/tt38504365/,New Movies
Stolen: Heist of the Century,Documentary|Crime,"In 2003, elite thieves dubbed &apos;The School of Turin&apos; pulled off a historic heist at a supposedly unbreakable vault in Antwerp&apos;s diamond district, making off with hundreds of millions in gems that remain missing today.",crime documentary,2025-08-08,96,TV-14,Mark Lewis,Agim De Bruycker,Patrick Peys,Peter Kerkhof,United States,English|Italian|Flemish,6.5,,2129,13,11,2.6K,,,,https://www.imdb.com/title/tt37543886/,New Movies
Enai Sudum Pani,Crime|Thriller,A young couple&apos;s peaceful life in Pollachi takes a dark turn when local women begin disappearing and a body is discovered. Their simple routines shatter as they become unexpectedly involved in a dangerous investigation.,,2025-03-21,120,,Ram Sevaa,Nataraj Sundarraj,Bhagyaraj,Upasana RC,India,Tamil,5.7,,1199,,,,,,,https://www.imdb.com/title/tt36256256/,New Movies
Rental Family,Comedy|Drama,"An American actor in Tokyo struggling to find purpose lands an unusual gig: working for a Japanese &quot;rental family&quot; agency, playing stand-in roles for strangers. He rediscovers purpose, belonging, and the beauty of human connection.","family relationships,actor,tokyo japan,japan,asia",2025-11-21,109,PG-13,Hikari,Brendan Fraser,Takehiro Hira,Mari Yamamoto,Japan|United States,English|Japanese,7.6,64,45099,311,164,91.4K,"$26,585,129",,"$3,336,147",https://www.imdb.com/title/tt14142060/,New Movies
Palestine 36,Biography|Drama|History,"In 1936, as Palestinian villages revolt against British colonial rule, Yusuf navigates between Jerusalem and his rural home, amidst escalating unrest and a pivotal moment for the British Empire.","1930s,year in title,year 1936,20th century,country name in title",2026-04-03,115,,Annemarie Jacir,Robert Aramayo,Jeremy Irons,Liam Cunningham,Occupied Palestinian Territory|United Kingdom|United States|France|Denmark|Norway|Qatar|Saudi Arabia|Jordan,Arabic|English,7.5,66,5947,81,37,12.9K,"$1,203,016",,"$30,736",https://www.imdb.com/title/tt29271622/,New Movies
Plainclothes,Drama|Romance|Thriller,A promising undercover agent assigned to lure and arrest gay men defies professional orders when he falls in love with a target.,"male nudity,gay protagonist,gay,gay kiss,bare chested male",2025-11-04,95,Not Rated,Carmen Emmi,Tom Blyth,Russell Tovey,Maria Dizzia,United States|United Kingdom,English,7.1,65,4367,51,51,17.6K,"$300,578",,"$17,628",https://www.imdb.com/title/tt27550504/,New Movies
Bazooka,Action|Crime|Thriller,An Action-packed Cat-and-Mouse game thriller about a Cop and a Businessman teaming up for a mission for capturing a Psychopath through a series of elaborate games to track him down.,,2025-04-10,154,,Deeno Dennis,Mammootty,Gautham Vasudev Menon,Shine Tom Chacko,India,Malayalam,6.9,,2656,33,4,1.4K,"$601,567",,,https://www.imdb.com/title/tt26732332/,New Movies
Trainwreck: Balloon Boy,Documentary,"A father claims his son is trapped in a runaway homemade balloon. News helicopters follow the chase live.The empty balloon lands, sparking outrage as the story becomes one of America&apos;s most infamous hoaxes.",reenactment,2025-07-15,52,TV-MA,Gillian Pachter,Richard Heene,Mayumi Heene,Bradford Heene,United Kingdom|United States,English,5.5,,3084,39,12,1.6K,,,,https://www.imdb.com/title/tt36856514/,New Movies
The Ritual,Drama|Horror|Thriller,"Two priests, one in crisis with his faith and the other confronting a turbulent past, must overcome their differences to perform a risky exorcism.","possessed girl,exorcism,catholic priest,demon possession,supernatural horror",2025-06-06,98,Not Rated,David Midell,Al Pacino,Dan Stevens,Ashley Greene,United States|India,English|Latin|German|Spanish|Polish,4.5,33,7078,108,74,19.6K,"$5,680,487",,"$329,198",https://www.imdb.com/title/tt32194932/,New Movies
Sorda,Drama,"Angela&apos;s deafness raises concerns during her pregnancy regarding connecting with her daughter. Post-delivery, partner Héctor supports her as she learns to mother in a society lacking adequate accommodations for the hearing-impaired.","deaf mother,first time parents,deaf woman,deaf,f rated",2025-04-04,99,,Eva Libertad,Miriam Garlo,Álvaro Cervantes,Elena Irureta,Spain,Spanish|Spanish Sign Language,7.3,,2288,6,36,3.0K,"$913,835",,,https://www.imdb.com/title/tt26923797/,New Movies
Now You See Me: Now You Don&apos;t,Crime|Thriller,The Four Horsemen reunite and team up with a new generation of young illusionists to expose a diamond heiress&apos;s global money laundering scheme for criminals.,"sequel,third part,ensemble cast,magic,illusion",2025-11-14,113,PG-13,Ruben Fleischer,Jesse Eisenberg,Woody Harrelson,Dave Franco,United States|United Arab Emirates|Canada|Hungary,English|French,5.9,50,60706,476,123,133K,"$243,950,780","$90,000,000 (estimated)","$21,013,793",https://www.imdb.com/title/tt4712810/,New Movies
Anugrahan,,"In Anugrahan , an 11-year-old boy travels to the past to befriend his young father and help him chase his dreams, creating a magical bond across time through love, music, and sacrifice.",,2025-07-04,123,,Sundarkrish,Sonu Gowda,Raaghavan Murugan,Hemen Muruganandam,India,Tamil,7,,1010,,,,,,,https://www.imdb.com/title/tt15528486/,New Movies
The Hand That Rocks the Cradle,Horror|Thriller,"An upscale suburban mom brings a new nanny, Polly Murphy, into her home, only to discover she is not the person she claims to be.","lesbian sex,lesbian,nanny,baby,hair bangs",2025-10-22,105,R,Michelle Garza Cervera,Maika Monroe,Mary Elizabeth Winstead,Raúl Castillo,United States,English,5.3,52,10082,144,67,19.8K,,,,https://www.imdb.com/title/tt33502160/,New Movies
Amoz Alexander,Crime|Thriller|Drama,A determined crime reporter&apos;s routine prison interview turns into a life-altering encounter when an inmate&apos;s disturbing confession forces her to question everything she knows about justice and truth.,,2025-11-14,130,,Ajay Shaji,Dayana Hameed,Jaffer Idukki,Tara Amala Joseph,India,Malayalam,4.8,,2243,,,,,,,https://www.imdb.com/title/tt38772072/,New Movies
Guard: Revenge for Love,Horror|Thriller,"A security guard&apos;s nightly encounters with supernatural forces in Building M lead to romance with a doctor, until ancient building secrets threaten their lives.",,2025-02-28,135,,Jaga Peddi,Viraj Reddy Cheelam,Shilpa Balakrishnan,Lavit Chaksh,Australia,Telugu,5.1,,2565,19,,,,,,https://www.imdb.com/title/tt16591746/,New Movies
Thamma,Comedy|Horror|Thriller,"Two destined lovers battle supernatural forces, family ties, and nature itself to defend their forbidden romance in a mystical world where ancient powers and prophecies threaten to keep them apart.","maddock horror comedy universe,supernatural horror",2025-10-21,150,,Aditya Sarpotdar,Ayushmann Khurrana,Rashmika Mandanna,Nawazuddin Siddiqui,India,Hindi,5.8,,49037,398,21,5.1K,"$2,034,359",,"$548,062",https://www.imdb.com/title/tt28102562/,New Movies
Straw,Drama|Thriller,A series of devastating events leads a single mother down an unforeseen path on which she becomes embroiled in an unthinkable situation and lands in the center of suspicion in an indifferent world.,"raining,rain,water,one word title,hospital",2025-06-06,105,TV-MA,Tyler Perry,Taraji P. Henson,Sherri Shepherd,Teyana Taylor,United States,English,6.5,56,30796,471,33,32.7K,,,,https://www.imdb.com/title/tt32550101/,New Movies
Baby &amp; Baby,Comedy,Two couples traveling to introduce their newborns to grandparents accidentally switch babies along the way.,,2025-02-14,132,,Prathap,Yogi Babu,Sathyaraj,Motta Rajendran,India,Tamil,5.3,,1361,4,,,$56,,,https://www.imdb.com/title/tt35124777/,New Movies
Kingdom,Action|Crime|Drama,"A cop haunted by his brother&apos;s disappearance accepts a covert mission to infiltrate a crime syndicate, but discovers its leader is a man from his past.","spy action,period drama,epic drama,epic action,brotherhood",2025-07-31,158,,Gowtam Tinnanuri,Vijay Deverakonda,Satyadev Kancharana,Bhagyashri Borse,India,Telugu|Tamil|Hindi,5.5,,5457,106,6,3.3K,"$400,392",,,https://www.imdb.com/title/tt11773426/,New Movies
The Great Shamsuddin Family,Comedy|Drama,"A writer faces her most important deadline while her house erupts in family chaos, forcing her to juggle a 12-hour writing sprint with an unfolding domestic emergency.",,2025-12-12,97,,Anusha Rizvi,Sheeba Chaddha,Shreya Dhanwanthary,Farida Jalal,India|United States|France|United Kingdom,English|Hindi|Urdu,7.4,,1012,31,7,,,"$1,000,000 (estimated)",,https://www.imdb.com/title/tt7944312/,New Movies
Youth,Comedy|Family|Romance,"15-year-old Praveen enters adolescence determined to find true love before school ends. Through relationships and heartbreaks, he discovers love&apos;s real meaning, shaping his maturity and outlook on life.","adolescence,coming of age drama",2026-03-19,140,,Ken Karunas,Ken Karunas,Anishma Anilkumar,Devadarshini Chetan,India,Tamil|Telugu,7.5,,4349,70,,1.6K,"$344,752",,,https://www.imdb.com/title/tt38693888/,New Movies
Narivetta,Action|Drama|Thriller,"A global examination of state-sanctioned violence through policing, exploring how power structures meant to protect citizens can transform into systems of control, particularly affecting marginalized communities.",,2025-05-23,150,,Anuraj Manohar,Tovino Thomas,Suraj Venjaramoodu,Arya Salim,India,Malayalam|Tamil,6.5,,3764,37,4,1.6K,"$591,328",,,https://www.imdb.com/title/tt28479285/,New Movies
Mike &amp; Nick &amp; Nick &amp; Alice,Action|Comedy|Crime,"Two friends navigate the dangerous world of organized crime, testing their loyalty and survival skills as they get deeper into the criminal underworld.",twins,2026-03-27,107,R,BenDavid Grabinski,Vince Vaughn,James Marsden,Eiza González,United States,English,6.3,69,7645,68,63,39.0K,,,,https://www.imdb.com/title/tt27552099/,New Movies
Tur Rehberi,Comedy,Ercument is a showman but something went wrong and now he is a tour guide and he is in a tour with a suicide team made out of old people.,,2025-01-01,109,,Hakan Algül,Cem Gelinoglu,Eda Akalin,Meral Çetinkaya,Turkey,Turkish,5.4,,1696,2,2,,"$866,080",,,https://www.imdb.com/title/tt34895052/,New Movies
Andaaz 2,Musical,"Filmmaker Suneel Darshan (Jaanwar, Ek Rishtaa, Andaaz, Barsaat, Dosti, Ajay, Lootere, etc.) returns with a fresh approach to a wholesome family entertainer replete with 8 Smash hit songs/music by Nadeem (of Nadeem Shravan Fame) an...",,2025-08-08,148,,Suneel Darshan,Aayush Kumar,Akaisha Vats,Natasha Fernandez,India,Hindi,6.8,,1671,3,6,,"$1,943",,,https://www.imdb.com/title/tt30224735/,New Movies
Chhaava,Action|Drama|History,"After the death of his father, warrior-king Sambhaji Maharaj battles Mughal forces led by Aurangzeb to keep the Maratha Empire alive.","17th century,maratha empire,epic drama,epic history,epic action",2025-02-14,161,TV-MA,Laxman Utekar,Vicky Kaushal,Akshaye Khanna,Rashmika Mandanna,India,Hindi,7.3,,43528,716,41,29.3K,"$8,219,603",,"$1,790,000",https://www.imdb.com/title/tt27922706/,New Movies
Babo - Die Haftbefehl-Story,Documentary|Music,"Raw and unfiltered, German rap star opens up about his journey through intimate conversations, while family and friends share untold stories from his remarkable rise in music.",,2025-10-28,92,TV-MA,Juan Moreno,Aytac Anhan,Nina Anhan,Majid Bakhtiari,Germany,German,7.2,,3821,13,4,,,,,https://www.imdb.com/title/tt38504137/,New Movies
Merrily We Roll Along,Musical,"Spanning three decades, the turbulent relationship between a composer and his two lifelong friends, a writer and a lyricist and playwright.","interracial marriage,man hugs a man,interracial kiss,affair,play",2025-12-05,145,PG-13,Maria Friedman,Daniel Radcliffe,Jonathan Groff,Lindsay Mendez,United States,English,7.2,78,1099,15,26,8.2K,"$2,669,435",,"$1,308,947",https://www.imdb.com/title/tt32641442/,New Movies
Vadh 2,Thriller|Crime,"A prison guard and inmate form an unlikely bond. When faced with a moral dilemma where truth remains hidden, they must make a choice with lasting consequences.",,2026-02-06,131,,Jaspal Singh Sandhu,Sanjay Mishra,Neena Gupta,Kumud Mishra,India,Hindi,7.6,,4721,407,15,1.4K,"$31,325",,,https://www.imdb.com/title/tt30176955/,New Movies
Joe&apos;s College Road Trip,Comedy,Madea&apos;s brother Joe accompanies his grandson B.J. on a college road trip.,male nudity,2026-02-13,111,R,Tyler Perry,Tyler Perry,Jermaine Harris,Amber Reign Smith,United States,English,5.4,,2284,75,18,2.1K,,,,https://www.imdb.com/title/tt33603921/,New Movies
Uppercut,Drama|Thriller,"Follows Toni&apos;s journey from seeking boxing training from Elliott, a gym owner, to becoming a pioneering female boxing manager guiding Payne to a championship fight, while drawing upon lessons learned from Elliott.","uppercut,female trainer,training,sparring,sweating",2025-01-23,104,R,Torsten Ruether,Ving Rhames,Luise Großmann,Jordan E. Cooper,Germany|United States,English,5.1,,3205,11,13,1.6K,$1,,,https://www.imdb.com/title/tt29603375/,New Movies
Gekijô-ban Kimetsu no Yaiba Mugen Jô-hen,Animation|Action|Adventure,"The Demon Slayer Corps are drawn into the Infinity Castle, where Tanjiro and the Hashira face terrifying Upper Rank demons in a desperate fight as the final battle against Muzan Kibutsuji begins.","adult animation,dark fantasy,shonen anime animation,based on manga,demon",2025-09-12,155,R,Hikaru Kondô,Zach Aguilar,Saeko Akiho,Yôhei Azakami,Japan|United States,Japanese,8.4,67,68052,740,57,62.4K,"$737,251,321","$20,000,000 (estimated)","$70,611,098",https://www.imdb.com/title/tt32820897/,New Movies
The Grove,Horror|Mystery|Thriller,"When Terrance, a Black Ops soldier, goes under an experiment to create a better life for him and his fiancée Alice, his homecoming turns tragic when he stops taking medication, descending into feral madness.",,2025-04-04,95,,Patrycja Kepa,Acoryé White,Carl Anthony Payne II,Psalms Salazar,United States,English,4.9,,2174,20,6,4.9K,,,,https://www.imdb.com/title/tt7891844/,New Movies
She diao ying xiong zhuan: Xia zhi da zhe,Action|Adventure|Drama,"The Mongols, led by Genghis Khan, went west to destroy the Jin Dynasty, wanted to go south to destroy the Song Dynasty. Martial Arts Masters from several Schools in the Central Plains of China fought gathering strength to defend X...","mongolia,period drama,wuxia,martial arts action",2025-01-29,146,R,Hark Tsui,Zhan Xiao,Dafei Zhuang,Tony Ka Fai Leung,China|Hong Kong,Mandarin|Mongolian,6.3,,7150,181,15,3.4K,"$4,133,881",CN¥200 (estimated),"$344,430",https://www.imdb.com/title/tt28131433/,New Movies
Home Sweet Home: Rebirth,Action|Horror|Mystery,"When a city is overrun with a demonically-possessed crowd, a cop must find the source of evil to save his family.","apocalypse,gates of hell,demon,giant demon,thailand",2025-05-08,93,,Steffen Hacker,William Moseley,Michele Morrone,Urassaya Sperbund,United States|Thailand,English,4.3,,3641,51,11,4.1K,"$245,426",,,https://www.imdb.com/title/tt29425792/,New Movies
Hateshinaki Sukâretto,Animation|Action|Adventure,"A medieval princess on a quest to avenge her father&apos;s death awakens in a realm between life and death, where she encounters an idealistic young man from the present day who shows her the possibility of a future free of bitterness ...","anime animation,female protagonist,for grown ups animation,surrealism,cg animation",2026-02-06,111,PG-13,Mamoru Hosoda,Mana Ashida,Masaki Okada,Masachika Ichimura,Japan,Japanese,6.3,56,1516,26,71,6.5K,"$2,264,126",,,https://www.imdb.com/title/tt35114460/,New Movies
Siko Siko,Comedy,"Two cousins, both from a middle-class background, finally see their dream come true when their inheritance is rightfully returned to them following their uncle&apos;s death. They discover that the inheritance is in the form of illegal ...",,2025-03-30,100,,Omar Fouad El Mohandes,Taha Desouky,Suliman Eid,Ahmed Essam El Sayed,Egypt,Arabic,7.3,,2415,3,,1.5K,"$1,122,277",,,https://www.imdb.com/title/tt35927674/,New Movies
Jurassic World: Rebirth,Action|Adventure|Sci-Fi,"Five years post-Jurassic World: Dominion (2022), an expedition braves isolated equatorial regions to extract DNA from three massive prehistoric creatures for a groundbreaking medical breakthrough.","jurassic park,dinosaur,island,monster,blockbuster",2025-07-02,133,PG-13,Gareth Edwards,Scarlett Johansson,Mahershala Ali,Jonathan Bailey,United States|United Kingdom|Malta|India|Taiwan|Japan,English|French|Spanish,5.8,50,191988,2.6K,300,167K,"$869,146,189","$180,000,000 (estimated)","$92,016,065",https://www.imdb.com/title/tt31036941/,New Movies
Trainwreck: Poop Cruise,Documentary,"A luxury cruise turns disastrous when an engine fire cuts power to the entire ship. 4,000 passengers face failing systems, sewage leaks, and food shortages, sparking passenger unrest and media coverage of &quot;The Poop Cruise.&quot;","lasagna,cruise ship,cruise,carnival cruise lines,gulf of mexico",2025-06-24,55,TV-MA,James Ross,Devin Marble,Larry Poret,Rebekah Poret,United States|United Kingdom,English,6,,9412,75,15,4.7K,,,,https://www.imdb.com/title/tt36856455/,New Movies
Shaunki Sardar,Action,A mentor returns from prison to find his former proteges transformed. Their reunion stirs up complex bonds of loyalty and hidden tensions as they face their shared past and present challenges.,,2025-05-16,130,,Dheeraj Rattan,Babbu Mann,Guru Randhawa,Guggu Gill,India|Australia,Punjabi,8,,7378,68,,1.1K,"$51,135",,,https://www.imdb.com/title/tt32965688/,New Movies
The Perfect Neighbor,Documentary|Crime|Drama,"A minor disagreement between neighbors in Florida takes a lethal turn, with police body camera footage and interviews probing the aftermath of the state&apos;s controversial &quot;stand your ground&quot; laws.","body cam,florida,neighbor,911 call,children playing",2025-10-17,96,R,Geeta Gandbhir,Susan Lorincz,Ajike Owens,Franklin Baez-Colon,United States,English,7.1,83,29521,225,55,32.3K,,,,https://www.imdb.com/title/tt34962891/,New Movies
Yadang: The Snitch,Action|Comedy|Crime,"In drug crime circles, &apos;Ya-Dang&apos; informants sell criminals&apos; info. Criminals use this to reduce sentences, while law enforcement uses it for arrests. Ya-Dang, police and prosecutors form a key triangle.","female topless nudity,female nudity",2025-04-16,122,Not Rated,Hwang Byeng-Gug,Kang Ha-neul,Yoo Hai Jin,Park Hae-joon,South Korea,Korean,6.5,,1183,8,24,1.8K,"$24,508,523",,"$53,108",https://www.imdb.com/title/tt35851026/,New Movies
Interrogation,Thriller,"Retired judge found dead, police interrogate 4 associates who met him that fateful day. Unimaginable twists unfold in this gripping tale.",,2025-05-30,122,,Preksha S. Agarwal,Manu Singh,Rajpal Naurang Yadav,Darshan Jariwala,India,Hindi,7.1,,3645,110,,,,,,https://www.imdb.com/title/tt33245951/,New Movies
#Viral Prapancham,Drama|Mystery,"#ViralPrapancham is a Suspense relationship drama that happens over computer screens, series of video calls, several YouTube videos, collection of Instagram stories and a lot of text messages.",,2025-03-07,97,,Brijesh Tangi,Sunny Naveen,Sai Ronak,Priyanka Sharma,India,Telugu,7.9,,1069,5,,,,,,https://www.imdb.com/title/tt14851344/,New Movies
Janata Bar,Action|Drama,"Follows a woman&apos;s revolutionary journey, sacrificing greatly in her pursuit of justice under the law.",,2025-11-28,122,,Ramana Mogili,Raai Laxmi,Suresh,Pradeep Singh Rawat,India,Telugu|Tamil|Hindi,8.8,,2843,,,,,"₹65,000,000 (estimated)",,https://www.imdb.com/title/tt26694732/,New Movies
Dead Man&apos;s Wire,Biography|Crime|Drama,"On February 8, 1977, Tony Kiritsis entered the office of Richard Hall, president of the Meridian Mortgage Company, and took him hostage with a sawed-off shotgun wired with a &quot;dead man&apos;s wire&quot; from the trigger to Tony&apos;s own neck.","period drama,dead man&apos;s switch,dark comedy,docudrama drama,true crime",2026-01-16,105,R,Gus Van Sant,Bill Skarsgård,Dacre Montgomery,Al Pacino,United States,English,6.5,67,6273,53,99,40.4K,"$2,553,308","$13,000,000 (estimated)","$150,659",https://www.imdb.com/title/tt15181326/,New Movies
Kempu Haladi Hasiru,Comedy|Thriller,"A humble supermarket worker lives modestly despite his wealth. When a mysterious figure forces him and his friends into a dangerous plot, they must race against time to survive, uncover the truth, and outsmart their manipulator.",,2025-12-05,103,,Mani AJ Karthikeyan,Arjun,Aravind Bolar,Baby Chitritha,India,Kannada,8.5,,1035,55,,,,"₹50,000,000 (estimated)",,https://www.imdb.com/title/tt31732441/,New Movies
Bank of Dave 2: The Loan Ranger,Biography|Comedy|Drama,"This sequel to &quot;Bank of Dave&quot; sees Dave Fishwick taking on a new, more dangerous adversary: The Payday Lenders","sequel,second part,based on real people,bank,money",2025-01-10,104,,Chris Foggin,Alison Hammond,Dermot O&apos;Leary,Rory Kinnear,United Kingdom|United States,English,6.3,,2784,33,10,3.1K,"$18,539",,,https://www.imdb.com/title/tt27713772/,New Movies
His Story of Itihaas,Drama,It is a true story about a physics teacher who stands up against the system to question the wrong and distorted history told to Indians for generations in the schools.,,2025-05-30,144,,Manpreet Singh Dhami,Subodh Bhave,Yogendra Tikku,Ankur Vikal,India,Hindi,8.9,,1218,63,,,,,,https://www.imdb.com/title/tt36491337/,New Movies
Druga Furioza,Action|Drama,Female cop blackmails her ex&apos;s brother with jail time unless he spies on a hooligan gang.,"female rear nudity,female nudity,female frontal nudity,female star appears nude,nipple pierced",2025-10-15,167,,Cyprian T. Olencki,Piotr Bak,Mateusz Banasiuk,Anna Bielecka,Poland,Polish,6.2,,2003,7,5,1.2K,,,,https://www.imdb.com/title/tt36265413/,New Movies
Accused,Drama|Mystery|Thriller,"When a celebrated queer doctor in London is accused of sexual misconduct, her life unravels.","psychological thriller,lgbtq,mind game,marriage",2026-02-20,107,TV-MA,Anubhuti Kashyap,Konkona Sen Sharma,Pratibha Ranta,Mashhoor Amrohi,India,Hindi,4.5,,2044,61,13,1.2K,,,,https://www.imdb.com/title/tt39631179/,New Movies
Final Destination Bloodlines,Horror|Thriller,"Plagued by a recurring violent nightmare, a college student returns home to find the one person who can break the cycle and save her family from the horrific fate that inevitably awaits them.","death,fate,accidental death,gore,graphic violence",2025-05-16,110,R,Zach Lipovsky,Kaitlyn Santa Juana,Teo Briones,Rya Kihlstedt,United States,English,6.7,73,158259,941,241,117K,"$317,854,739","$50,000,000 (estimated)","$51,600,106",https://www.imdb.com/title/tt9619824/,New Movies
The Alto Knights,Biography|Crime|Drama,"Two of New York City&apos;s most notorious crime bosses vie for control of the city&apos;s streets. Once best friends, petty jealousies and a series of betrayals set them on a deadly collision course.","based on real people,1950s,year 1957,mafia,gangster",2025-03-21,123,R,Barry Levinson,Robert De Niro,Debra Messing,Kathrine Narducci,United States,English,5.9,47,20377,216,103,39.7K,"$10,225,566","$45,000,000 (estimated)","$3,165,349",https://www.imdb.com/title/tt21815562/,New Movies
Karmanye Vadhikaraste,Thriller,"Suspended but unbroken, an NIA agent, an ACP, and a constable race against time to expose a deadly nexus of arms, espionage, and human weapon camps-fighting from the shadows against a faceless enemy.",,2025-10-31,119,,AmardeepChallapalli,Brahmaji,Shatru,Mahendran,India,Telugu,8.3,,1058,,,,,"₹50,000,000 (estimated)",,https://www.imdb.com/title/tt36411794/,New Movies
Lefter: Bir Ordinaryüs Hikayesi,Biography|Drama|History,"An aspiring footballer defies his strict father to chase his dream, navigating challenges in family, love, and identity - all in the name of greatness.","soccer sport,football,based on real people,docudrama drama,soccer",2025-11-14,126,TV-14,Can Ulkay,Erdem Kaynarca,Deniz Isin,Aslihan Malbora,Turkey,Turkish,6.4,,3392,7,4,,,,,https://www.imdb.com/title/tt34433451/,New Movies
Kutram Thavir,,"After losing his sister to medical insurance fraud, Rudra discovers a dark web of corruption targeting vulnerable citizens. His quest for answers leads him down a dangerous path of revenge and justice.",,2025-09-26,137,,M. Gajendra,Aradhya,S. Deepak Darshin,Dayanand,India,Tamil,6.3,,1062,7,,,,,,https://www.imdb.com/title/tt36772224/,New Movies
Aatli Baatmi Futli,,"Fleeing the cops, Sachin hides in a chawl room but finds a mad old man plotting his wife&apos;s murder. Trapped, he must outsmart a killer who&apos;s been planning it for decades.",,2025-09-19,114,,Vishal P Gandhi,Mohan Agashe,Bharat Ganeshpure,Rohini Hattangadi,India,Marathi,9.3,,1107,,,,,,,https://www.imdb.com/title/tt37593934/,New Movies
The Islander,Action|Adventure|Sci-Fi,"300 years after the Big Flood, the legend of an outlawed Storm Rider inspires two rebellious islanders to find out the truth about the origin of their world.",the future,2026-04-14,105,,Zoran Lisinac,Frances Tomelty,Billy Barratt,James Cosmo,United States,English,6.3,,1198,19,9,3.1K,,,,https://www.imdb.com/title/tt8080418/,New Movies
Mr. Nobody Against Putin,Documentary,"A Russian teacher secretly documents his small town school&apos;s transformation into a war recruitment center during the Ukraine invasion, revealing the ethical dilemmas educators face amid propaganda and militarization.","primary school teacher,curriculum change,karabash,russian invasion of ukraine,education policy",2025-03-22,90,,David Borenstein,Pavel Talankin,Vladimir Putin,Galina Aleksandrovna,Denmark|United Kingdom|Germany|Czech Republic,Russian,7.4,80,8671,64,51,24.2K,"$396,687",,"$4,464",https://www.imdb.com/title/tt34965515/,New Movies
Hot Milk,Drama,"With a strange illness, a mother and her daughter embark on a journey to the Spanish coast to find a cure, and along the way the daughter discovers another reality far from her controlling mother.","spain,mother daughter relationship,bisexual,psychological drama,bisexual woman",2025-05-28,93,R,Rebecca Lenkiewicz,Emma Mackey,Fiona Shaw,Patsy Ferran,United Kingdom|Australia,English,5.6,55,3595,29,80,10.5K,"$522,892",,"$42,185",https://www.imdb.com/title/tt17538632/,New Movies
Solo Mio,Comedy|Romance,"Left heartbroken in Rome after a wedding disaster, a stranded groom finds his ruined honeymoon transformed by a determined local and a few meddling travelers-proving that sometimes heartbreak is only the beginning.",romantic comedy,2026-02-06,96,PG,Charles Kinnane,Kevin James,Nicole Grimaudo,Kim Coates,United States,,6.8,48,7976,779,36,20.1K,"$26,128,044",,"$7,001,169",https://www.imdb.com/title/tt32306991/,New Movies
Meitantei Konan Sekigan no Furasshubakku,Animation|Action|Mystery,Detectives Conan and Kogoro Mouri are pulled into a mystery connected to the past of police inspector Kansuke Yamato.,"anime animation,hand drawn animation",2025-04-18,110,Not Rated,Katsuya Shigehara,Show Hayami,Megumi Hayashibara,Hiroaki Hirata,Japan,Japanese,6.7,,1390,10,10,2.0K,"$166,061,012",,,https://www.imdb.com/title/tt35444710/,New Movies
Homem com H,Biography|Drama|Music,"From a repressive childhood to artistic revolution, Ney Matogrosso transforms Brazil&apos;s stages - and himself - through music, creativity and inner fire.","male full frontal nudity,bisexual male protagonist,bisexuality,gay kiss,male frontal nudity",2025-05-01,129,TV-MA,Esmir Filho,Jesuíta Barbosa,Rômulo Braga,Hermila Guedes,Brazil,Portuguese,7.8,,5799,16,7,3.3K,,,,https://www.imdb.com/title/tt35301431/,New Movies
Thalavara,Drama,"Shunned for his vitiligo, Jyothish finds love and aspires to greatness. Through rejection and cruelty, he discovers true victory lies in self-acceptance and courage, not fame or others&apos; approval.",,2025-08-22,121,Not Rated,Akhil Anilkumar,Arjun Ashokan,Revathi Sharma,Ashokan,India,Malayalam,7,,1024,14,3,,"$32,213",,,https://www.imdb.com/title/tt31721293/,New Movies
Amsterdamned II,Action|Horror|Thriller,"After 37 years, Amsterdam&apos;s canals turn blood red again. Young detective Tara Lee investigates gruesome incidents and enlists retired Visser, who once caught a canal serial killer. They face an enemy with seemingly superhuman abil...","murder,police,police chase,speedboat,zoo",2025-12-04,110,,Dick Maas,Holly Mae Brood,Huub Stapel,Bas Keijzer,Netherlands,Dutch|English,5.5,,1865,48,13,2.0K,,"€6,500,000 (estimated)",,https://www.imdb.com/title/tt29943172/,New Movies
La femme la plus riche du monde,Comedy|Drama,An elderly billionaire woman gives hundreds of millions of euros to a younger gay artist she is close to. Her daughter files a complaint for abuse of a vulnerable person and a scandal erupts.,"male frontal nudity,male nudity,filing a complaint,male full frontal nudity,billionaire",2025-10-29,121,,Thierry Klifa,Isabelle Huppert,Laurent Lafitte,Marina Foïs,France|Belgium,French|Hebrew,6.4,,1016,,22,2.0K,"$7,387,436",,,https://www.imdb.com/title/tt32759477/,New Movies
Tron: Ares,Action|Adventure|Sci-Fi,"A highly sophisticated program, Ares, is sent from the digital world into the real world on a dangerous mission.","cyberpunk,portal,sequel,third part,cyberpunk sci fi",2025-10-10,119,PG-13,Joachim Rønning,Jared Leto,Greta Lee,Jeff Bridges,United States|Canada|New Zealand,English,6.2,48,76880,1.3K,189,121K,"$142,249,983","$220,000,000 (estimated)","$33,241,433",https://www.imdb.com/title/tt6604188/,New Movies
Freakier Friday,Comedy|Family|Fantasy,"22 years after Tess and Anna endured an identity crisis, Anna now has a daughter and a soon-to-be stepdaughter. As they navigate the challenges that come when two families merge, Tess and Anna discover that lightning might strike ...","body swap comedy,sequel to remake,second part,disney,sequel",2025-08-08,110,PG,Nisha Ganatra,Jamie Lee Curtis,Lindsay Lohan,Julia Butters,United States,English,6.2,60,37855,318,134,62.8K,"$153,176,952","$42,000,000 (estimated)","$28,583,167",https://www.imdb.com/title/tt31956415/,New Movies
Robinhood,Action|Comedy|Crime,A modern Robin Hood switches from stealing to protecting when circumstances make him the reluctant bodyguard of a high-profile client.,"masala,masala film",2025-03-28,150,,Venky Kudumula,Sreeleela,Kyle Paul,Nithiin,India,Telugu,4.5,,1520,9,,3.7K,"$44,478",,,https://www.imdb.com/title/tt27171077/,New Movies
Rajini Gaang,Comedy|Horror,"A couple&apos;s hasty marriage using a stolen sacred necklace leads to supernatural possession, forcing the husband to work with others to investigate the necklace&apos;s dark history and rescue his wife.",,2025-11-27,126,,M. Ramesh Baarathi,Dwiwika,Rajini Kiishen,Munishkanth,India,Tamil,4.2,,9664,2,,,,,,https://www.imdb.com/title/tt38938222/,New Movies
Code 3,Action|Comedy|Drama,"A burnt-out two-man paramedic crew and their student trainee ride-along embark on a 24-hour shift that exposes the funny, tragic, and broken aspects of the health-care system.","job,comatose patient,breaking the fourth wall by talking to the audience,baby,burnt out",2025-09-12,104,R,Christopher Leone,Rainn Wilson,Lil Rel Howery,Aimee Carrero,United States,English,7.2,,17276,154,25,29.5K,"$35,190",,,https://www.imdb.com/title/tt26394837/,New Movies
Mangla,Drama,"Acid attack survivor faces rejection. Pursues music despite challenges. Earns PhD, becomes music teacher. Uses voice to overcome prejudice. Demonstrates resilience and talent in face of adversity.",,2025-01-17,115,,Aparana S Hosing,Shashank Shende,Shivali Parab,Alka Kubal,India,Marathi,6.5,,2950,,4,,,,,https://www.imdb.com/title/tt34930449/,New Movies
Kuberaa,Action|Crime|Drama,"A beggar undergoes a dramatic transformation, exploring themes of greed, ambition, and moral dilemmas faced by the characters leading to a quest for redemption.","political thriller,organized crime,domestic drama,socio thriller,socio economic",2025-06-20,181,,Sekhar Kammula,Dhanush,Nagarjuna Akkineni,Rashmika Mandanna,India,Telugu|Tamil|Hindi|Malayalam|Kannada,6.4,,9245,127,9,5.4K,"$2,250,518",,"$1,750,000",https://www.imdb.com/title/tt23846482/,New Movies
War 2,Action|Adventure|Thriller,"Working as a mercenary, Kabir accepts a high-risk mission for a criminal network. But soon, his task pits him against his unflinching former ally.","yrf spy universe,spy,action hero,spy action,epic action",2025-08-14,170,TV-MA,Ayan Mukerji,Hrithik Roshan,N.T. Rama Rao Jr.,Kiara Advani,India,Hindi|Telugu|Tamil,5.2,,33670,720,33,11.7K,"$6,207,333","₹3,000,000,000 (estimated)","$1,677,835",https://www.imdb.com/title/tt27425164/,New Movies
Il falsario,Drama|History,"Rome, 1970s. When Toni arrives in the city with the dream of becoming a great artist. But his hunger for life, destiny and perhaps even History will lead him to become the greatest of all forgers.","20th century,painting,period drama,period piece,1970s",2026-01-23,116,TV-MA,Stefano Lodovichi,Pietro Castellitto,Giulia Michelini,Andrea Arcangeli,Italy,Italian,6.6,,4810,15,14,4.2K,,,,https://www.imdb.com/title/tt36741457/,New Movies
The Most Beautiful Girl in the World,Comedy|Romance,A playboy stages a dating show to earn his inheritance by granting his father&apos;s last wish: for his son to marry the most beautiful girl in the world.,"feel good romance,love,playboy,romantic comedy,couple",2025-02-14,122,TV-14,Robert Ronny,Reza Rahadian,Sheila Dara Aisha,Kevin Julio,Indonesia,Indonesian,6.2,,1124,7,11,,,,,https://www.imdb.com/title/tt34749630/,New Movies
Le assaggiatrici,Drama|History,"Seven women are forced to taste Hitler&apos;s food to check for poison. As they spend time together, their relationships evolve between loyalty and betrayal.","women,world war two,year 1943,nazi germany,reference to adolf hitler",2025-03-27,123,,Silvio Soldini,Elisa Schlott,Max Riemelt,Alma Hasun,Italy|Belgium|Switzerland,German,6.4,,2412,7,33,2.6K,"$4,018,599",,,https://www.imdb.com/title/tt27811248/,New Movies
VidaaMuyarchi,Action|Crime|Drama,"A married couple&apos;s trip takes an unsettling turn when the wife goes missing, prompting the husband&apos;s frantic search while an unknown villain creates obstacles.","bound and gagged,road trip adventure,one person army action,azerbaijan,acid burn",2025-02-06,154,,Magizh Thirumeni,Ajith Kumar,Arjun Sarja,Trisha Krishnan,India,Tamil,6.2,,23760,190,7,4.6K,"$1,144,195",,,https://www.imdb.com/title/tt18926098/,New Movies
War of the Worlds,Action|Adventure|Sci-Fi,"A colossal invasion of Earth is coming in this off-kilter take on the legendary novel of the same name, filled with present-day themes of technology, government surveillance, and privacy.","alien invasion sci fi,department of homeland security,cybercriminal,government surveillance,surveillance",2025-07-30,91,PG-13,Rich Lee,Ice Cube,Eva Longoria,Iman Benson,United States|Germany,English|German|Italian,2.5,6,33130,1.2K,49,13.9K,,,,https://www.imdb.com/title/tt13186306/,New Movies
Kis Kisko Pyaar Karoon 2,Comedy,A man secretly married to three women of different faiths plans a fourth wedding while avoiding detection. A police officer searches for a triple-married suspect as the husband confesses to a priest.,"interfaith marriage,multiple marriages",2025-12-12,144,,Anukalp Goswami,Kapil Sharma,Manjot Singh,Hira Warina,India,Hindi,4.7,,4022,38,8,,"$218,107",,,https://www.imdb.com/title/tt33307516/,New Movies
Jongli,Action|Drama,"A troubled university student, haunted by family trauma and heartbreak, descends into isolation--until an unexpected bond with a little girl forces him to confront his pain and choose between redemption or remaining lost.",,2025-03-31,152,,M Raahim,Siam Ahmed,Noireeta Hasin Roudromoyee,Shabnam Bubly,Bangladesh,Bengali,7,,4181,42,,3.7K,"$85,769",,"$35,000",https://www.imdb.com/title/tt31951179/,New Movies
Heart Eyes,Comedy|Horror|Mystery,"When two coworkers have to survive the Heart Eyes Killer on Valentine&apos;s Day, the two have to find out who it is.","slasher horror,serial killer,valentine&apos;s day,murder mystery,whodunnit mystery",2025-02-07,97,R,Josh Ruben,Mason Gooding,Olivia Holt,Gigi Zumbado,New Zealand|United States,English,6,61,36996,371,159,38.2K,"$33,129,099","$18,000,000 (estimated)","$8,305,156",https://www.imdb.com/title/tt32558992/,New Movies
Borbaad,Action|Romance|Thriller,"After a heartbreak by Nitu, Ariyan Mirza seeks revenge, guided by his father Adib Mirza&apos;s wisdom. Their story transforms from romance to violence, culminating in courtroom confrontations over justice.",,2025-03-31,139,,Mehedi Hassan Hridoy,Shakib Khan,Jisshu Sengupta,Idhika Paul,Bangladesh,Bengali,6.9,,18223,238,8,26.9K,"$5,929","BDT 150,000,000 (estimated)",,https://www.imdb.com/title/tt33305312/,New Movies
Subedaar,Action|Drama,The man who once fought for the nation must now fight enemies within to protect his home and family.,,2026-03-05,145,,Suresh Triveni,Anil Kapoor,Radhika Madan,Aditya Rawal,India,Hindi|Tamil|Telugu,6.1,,12458,236,9,2.0K,,,,https://www.imdb.com/title/tt31852278/,New Movies
Frozen: The Hit Broadway Musical,Adventure|Comedy|Family,"Queen Elsa&apos;s hidden powers plunge Arendelle into an eternal winter and her sister Anna sets out to find her and save the kingdom. As the storm rages on, both sisters must learn that only an act of true love can thaw a frozen heart.","disney princess,based on broadway musical,prince,princess,winter",2025-06-20,111,TV-PG,Michael Grandage,Samantha Barks,Laura Dawkes,Craig Gallivan,United States,English,7.4,,1470,25,5,1.6K,,,,https://www.imdb.com/title/tt36985837/,New Movies
Wicked: For Good,Drama|Family|Fantasy,"Elphaba, the future Wicked Witch of the West and her relationship with Glinda, the Good Witch of the North. The second of a two-part feature film adaptation of the Broadway musical.","witch,based on stage musical,wicked witch of the west character,magic,land of oz",2025-11-21,137,PG,Jon M. Chu,Cynthia Erivo,Ariana Grande,Jeff Goldblum,United States|Canada|Australia,English,6.6,58,62867,652,200,88.3K,"$537,838,521","$150,000,000 (estimated)","$147,004,640",https://www.imdb.com/title/tt19847976/,New Movies
Wasteman,Crime|Drama|Thriller,"Follows parolee Taylor whose fresh start hopes are jeopardized by cellmate Dee&apos;s arrival. As Dee takes Taylor under his wing, a vicious attack tests their bond, forcing Taylor to choose between protecting Dee and his own parole ch...","prison,male full frontal nudity,cell mate,parole,male nudity",2026-02-20,90,,Cal McMau,Tom Blyth,David Jonsson,Alex Hassell,United Kingdom,English,7.7,74,1406,23,20,10.1K,"$1,172,444",,,https://www.imdb.com/title/tt29028515/,New Movies
Finding Joy,Comedy|Drama|Romance,"Stranded in Colorado after a devastating holiday revelation, a talented but overlooked NYC designer finds unexpected love, transforming her life and career path.",holiday,2025-11-05,107,R,Tyler Perry,Shannon Thornton,Tosin Morohunfola,Brittany S. Hall,United States,English,4.7,,1139,43,12,1.8K,,,,https://www.imdb.com/title/tt31193547/,New Movies
Crime 101,Crime|Drama|Thriller,"An elusive thief, eyeing his final score, encounters a disillusioned insurance broker at her own crossroads. As their paths intertwine, a relentless detective trails them hoping to thwart the multi-million dollar heist they are pl...","bare chested male,male underwear,downtown los angeles,los angeles california,pacific palisades",2026-02-13,140,R,Bart Layton,Chris Hemsworth,Mark Ruffalo,Barry Keoghan,United Kingdom|United States,English,6.9,68,30265,321,150,108K,"$72,328,973","$90,000,000 (estimated)","$14,251,834",https://www.imdb.com/title/tt32430579/,New Movies
The Devil,,"A saga of power, vengeance and true love",,2025-12-11,167,,Prakash Veer,Darshan Thoogudeep,Mahesh Manjrekar,Yuvraj Hemanth,India,Kannada,9,,5698,12,,,"$15,393",,,https://www.imdb.com/title/tt32135732/,New Movies
Daehongsu,Action|Adventure|Drama,"A disastrous great flood sweeps the planet. On what may be the last day on Earth, a desperate fight ensues to save a child from a flooding apartment.","flood,time loop,disaster action,disaster drama,disaster",2025-12-19,109,TV-MA,Byung-woo Kim,Kim Da-mi,Park Hae-soo,Kwon Eun-sung,South Korea,Korean,5.4,,22919,422,40,14.6K,,,,https://www.imdb.com/title/tt29927663/,New Movies
Eenie Meanie,Action|Comedy|Drama,A reformed teenage getaway driver is dragged back into her unsavory past when a former employer offers her a chance to save the life of her chronically unreliable ex-boyfriend.,"male rear nudity,full male rear nudity,male nudity,cleveland ohio,female topless nudity",2025-08-22,106,R,Shawn Simmons,Samara Weaving,Karl Glusman,Andy Garcia,United States,English,5.9,47,12371,97,55,17.7K,,,,https://www.imdb.com/title/tt15514498/,New Movies
Kaalidhar Laapata,Comedy|Drama,"An elderly man flees upon learning his family plans to abandon him. His life changes after meeting Ballu, an orphaned eight-year-old boy whose zest for life reawakens his spirit.",family relationships,2025-07-04,109,,Madhumita Sundararaman,Abhishek Bachchan,Daivik Baghela,Mohd. Zeeshan Ayyub,India,Hindi,7.6,,10110,110,11,2.9K,,,,https://www.imdb.com/title/tt27866781/,New Movies
Popeye the Slayer Man,Horror,"A curious group of friends sneak into an abandoned spinach canning factory to investigate the legend of the &quot;Sailor Man,&quot; who is said to haunt the factory and local docks.","slasher horror,man smoking a pipe,local legend,b horror,sailor",,88,Not Rated,Robert Michael Ryan,Mabel Thomas,Scott Swope,Sarah Nicklin,United States,English,3.6,,2907,58,39,4.4K,"$80,179",,"$7,018",https://www.imdb.com/title/tt30956852/,New Movies
Patsers,Action|Comedy|Crime,"In Antwerp, friends Badia, Junes, and Volt struggle to escape their past while crime pulls them back. As Adamo rises in the drug trade, they must choose between loyalty and safety, learning freedom comes at a steep cost.","dark comedy,gangster crime,male rear nudity,male nudity,bare chested male",2025-02-19,119,,Adil El Arbi,Matteo Simoni,Nora Gharib,Saïd Boumazoughe,Belgium|Netherlands,Dutch,6.2,,1378,8,2,,"$3,278,817",,,https://www.imdb.com/title/tt10380908/,New Movies
Missterious,Mystery|Romance|Thriller,"A police sub-inspector vanishes mysteriously. While investigating, ACP Anand Sai suspects an architect&apos;s wife based on call records. Through unexpected twists, the truth behind Ramki&apos;s disappearance reveals a deeper conspiracy.",,2025-12-19,132,,Mahi Komatireddy,Rohit Sahni,Meghna Rajput,Riya Kapoor,India,Telugu,9.3,,2549,,,,,,,https://www.imdb.com/title/tt37275151/,New Movies
One Battle After Another,Action|Crime|Drama,"When their enemy resurfaces after 16 years, a group of ex-revolutionaries reunite to rescue the daughter of one of their own.","revolution,political violence,terrorism,based on novel,father daughter relationship",2025-09-26,161,R,Paul Thomas Anderson,Leonardo DiCaprio,Sean Penn,Benicio Del Toro,United States,English|Spanish,7.7,95,379110,2.7K,354,418K,"$212,118,884","$130,000,000 (estimated)","$22,000,387",https://www.imdb.com/title/tt30144839/,New Movies
Shivangi Lioness,Drama|Thriller,"A fearless software engineer fights workplace harassment, societal blame, and a murder accusation-only to uncover a dark conspiracy behind her husband&apos;s tragic accident.",,2025-04-17,140,,Devaraj Bharani Dharan,Anandhi,Varalaxmi Sarathkumar,John Vijay,India,Telugu,6.9,,1642,2,,,,,,https://www.imdb.com/title/tt29002920/,New Movies
Captain America: Brave New World,Action|Adventure|Sci-Fi,"Sam Wilson, the new Captain America, finds himself in the middle of an international incident and must discover the motive behind a nefarious global plan.","marvel cinematic universe,superhero,shield,soldier,marvel shared universe",2025-02-14,118,PG-13,Julius Onah,Anthony Mackie,Harrison Ford,Danny Ramirez,United States|Canada,English|Spanish|Japanese,5.6,42,180019,1.5K,261,150K,"$415,101,577","$180,000,000 (estimated)","$88,842,603",https://www.imdb.com/title/tt14513804/,New Movies
Britain and the Blitz,Documentary|History,This approach brings history to life through vividly restored archival footage and firsthand accounts of WWII Britain during the Blitz.,"1930s,1940s",2025-05-05,77,,Ella Wright,Frieda Anderson,Ballard Berkeley,Tom Betts,United Kingdom,English,6.8,,1363,8,5,1.1K,,,,https://www.imdb.com/title/tt36462227/,New Movies
14 Days: Girlfriend Intlo,Comedy|Romance,Harsha gets trapped in his girlfriend Ahana&apos;s house with no way of escaping with out being seen by her parents,quirky comedy,2025-03-07,90,,Sriharsha Manne,Ashok Chandra,Indraja,Vennela Kishore,India,Telugu,6,,12451,36,4,,"$1,867",,,https://www.imdb.com/title/tt31116092/,New Movies
Chang&apos;an de li zhi,Comedy|Drama|History,"A Tang Dynasty minor official risks everything to deliver lychees across China. Li Shande, middle-aged and struggling, sees this dangerous mission as his last chance for success.","costume drama,satire comedy,workplace drama",2025-07-18,122,,Da Peng,Da Peng,White-K,Dafei Zhuang,China,Chinese|Mandarin|Cantonese,6.7,,1710,12,4,,"$520,859",,,https://www.imdb.com/title/tt34388866/,New Movies
Abadi Nan Jaya,Horror|Thriller,"A dysfunctional family running a renowned herbal medicine business. The owner of the company attempts to innovate by creating a new potion, which ends up triggering a zombie outbreak.","zombie outbreak,zombie horror,zombie,infection,zombie apocalypse",2025-10-23,116,TV-MA,Kimo Stamboel,Mikha Tambayong,Eva Celia Latjuba,Donny Damara,Indonesia,Indonesian,5.3,,6308,192,32,3.5K,,,,https://www.imdb.com/title/tt32643830/,New Movies
Aileen: Queen of the Serial Killers,Documentary|Crime,"Aileen Wuornos killed 7 men while working as a prostitute in Florida (1989-90), claiming self-defense against rape.","bisexual,bisexual woman,serial killer,female serial killer,prostitute",2025-10-30,104,TV-MA,Emily Turner,Aileen Wuornos,Steve Binegar,Jasmine Hirst,United States,English,6.1,,4056,56,15,2.6K,,,,https://www.imdb.com/title/tt38457052/,New Movies
Los Tigres,Crime|Thriller,"Antonio and Estrella are diving siblings. He works in maritime works, she studies underwater life and assists him. Its precarious economy could improve after finding cocaine hidden in the hull of a ship anchored in Huelva.","car in water,hospital,dead animal,fish,boat",2025-10-31,109,,Alberto Rodríguez,Antonio de la Torre,Bárbara Lennie,Joaquín Núñez,Spain,Spanish,6.5,,1326,5,14,1.0K,"$2,002,704","€10,000,000 (estimated)",,https://www.imdb.com/title/tt31450976/,New Movies
Goodbye June,Drama,Follows a group of fractured siblings who must come together under sudden and trying circumstances.,"title directed by female,christmas,christmas time",2025-12-24,114,R,Kate Winslet,Helen Mirren,Timothy Spall,Johnny Flynn,United Kingdom|United States,English,6.7,54,9685,99,53,18.2K,,,,https://www.imdb.com/title/tt35766629/,New Movies
Paul McCartney: Man on the Run,Documentary|Biography|Music,"An intimate portrait of Paul McCartney&apos;s trajectory after The Beatles, as he and his wife Linda form Wings.","music documentary,farm animals,recording,growing up,tv show",2026-02-27,115,R,Morgan Neville,Paul McCartney,Ringo Starr,Mick Jagger,United Kingdom|United States,English,7.5,78,2516,39,45,4.9K,"$103,739",,,https://www.imdb.com/title/tt26931594/,New Movies
Der Tiger,Action|Drama|Thriller,"The five-man crew of a German Tiger tank is sent on a secret mission far behind the fiercely contested front line. Fueled by the Wehrmacht&apos;s methamphetamine, their mission increasingly becomes a journey into the heart of darkness.","tiger tank,tank crew,tank,world war two,1940s",2026-01-02,116,R,Dennis Gansel,David Schütter,Laurence Rupp,Leonard Kunz,Germany,German,6.5,,14368,189,21,17.5K,,,,https://www.imdb.com/title/tt31495504/,New Movies
Ghantasala the Great,,,,2025-02-14,167,,C.H. Rama Rao,Ananth,Krishna Chaitanya,Mridula,India,Telugu,9.2,,1017,,,,,,,https://www.imdb.com/title/tt34856871/,New Movies
"13 jours, 13 nuits",Action|Biography|Drama,"Afghan troops guard French embassy during Taliban takeover of Kabul. Tasked with evacuating 500 people to airport amid chaos, facing grave risks as they attempt desperate escape from falling city.","2020s,taliban,afghanistan,based on true story,chaos",2025-06-27,112,Not Rated,Martin Bourboulon,Roschdy Zem,Lyna Khoudri,Sidse Babett Knudsen,France|Belgium,French|Dari|English,6.7,,2143,4,16,2.8K,"$3,908,039","€30,000,000 (estimated)",,https://www.imdb.com/title/tt28291010/,New Movies
The Testament of Ann Lee,Biography|Drama|History,"Ann Lee, the founding leader of the Shaker Movement, is proclaimed as the female Christ by her followers. This film depicts her establishment of a utopian society and the Shakers&apos; worship through song and dance, based on real events.","shaker,period drama,female full frontal nudity,female frontal nudity,female nudity",2026-01-23,136,R,Mona Fastvold,Amanda Seyfried,Lewis Pullman,Thomasin McKenzie,United Kingdom|United States,English,6.6,80,5971,70,142,41.8K,"$4,048,807",,"$74,796",https://www.imdb.com/title/tt34819091/,New Movies
Taylor Swift: The Eras Tour - The Final Show,Documentary|Music,"Taylor Swift&apos;s Vancouver Eras Tour finale features 45 songs, including a new &quot;Female Rage&quot; segment and special medleys. The concert marked the end of her record-breaking global tour at BC Place Stadium.",,2025-12-12,207,,Glenn Weiss,Taylor Swift,Mike Meadows,Max Bernstein,United States|United Kingdom,English,8.9,,1434,4,,1.0K,,,,https://www.imdb.com/title/tt38673135/,New Movies
Kaadumale,Drama|Sci-Fi,"A woman&apos;s suicide attempt lands her in a mysterious realm where she meets a man haunted by a supernatural force. Together, they face the dark secrets of their forest prison as time runs out and malevolent powers close in.",,2025-01-31,109,,Samartha,Karthik Bhatt,Gautham,Harshan,India,Kannada,6.6,,1741,3,,,,,,https://www.imdb.com/title/tt15137342/,New Movies
Your Host,Horror,"Four friends get trapped in a sadistic game show, forced to outwit a twisted serial killer while racing against time. Every move brings them closer to freedom or a gruesome fate.","killer game,hairy chested male,kidnapping,accusation,blood",2025-08-29,93,Not Rated,DW Medoff,Jackie Earle Haley,Ella-Rae Smith,Jamie Flatters,United States,,4.8,,1403,34,19,4.1K,"$35,214",,,https://www.imdb.com/title/tt33980854/,New Movies
I Am God,Romance|Thriller,"An intense love story brews between Deva and Bindhu. On the other side, a masked man who calls himself GOD shakes the city with his brutal serial killings.",,2025-11-07,155,,Ravi Gowda,Avinash,Aruna Balraj,Ravi Gowda,India,,8,,1290,11,,,,"₹50,000,000 (estimated)",,https://www.imdb.com/title/tt38775702/,New Movies
Homo Argentum,Comedy,Exposes the hypocrisy of many characters as they live a big city life.,"social stereotype,two word title,actor playing multiple roles,two directors,widower",2025-08-14,98,,Mariano Cohn,Guillermo Francella,Guillermo Arengo,Jorge Barril,Argentina,Spanish,5.7,,4679,35,5,2.4K,"$545,902",,,https://www.imdb.com/title/tt34996428/,New Movies
Hyakuemu,Animation|Drama|Sport,"Gifted runner Togashi dominates 100m races until transfer student Komiya arrives, motivating him to train harder. Years later, they compete as rivals on the racetrack.","anime animation,hand drawn animation,2020s movie,based on web manga,anime",2025-10-12,106,TV-PG,Kenji Iwaisawa,Tôri Matsuzaka,Shôta Sometani,Jun Kasama,Japan,Japanese,7.6,72,6438,63,15,6.0K,"$3,611,916",,"$62,131",https://www.imdb.com/title/tt32600395/,New Movies
Chien 51,Crime|Sci-Fi|Thriller,"In a future Paris divided by class, an AI named ALMA oversees society. When its creator is assassinated, a top agent and a jaded cop are forced to work together to solve a murder that may expose the dark secrets of the system they...","karaoke,escort girl,animal in title,murder,dog",2025-10-15,100,,Cédric Jimenez,Gilles Lellouche,Adèle Exarchopoulos,Louis Garrel,France,French,5.8,,2150,7,35,2.6K,"$11,346,859",,,https://www.imdb.com/title/tt33255286/,New Movies
Aghathiyaa,Action|Adventure|Fantasy,A group of entrepreneurs discover the dark history of a mansion when they attempt to turn a profit by converting it into a haunted house.,"suspense mystery,supernatural fantasy",2025-02-28,134,,Pa. Vijay,Jiiva,Arjun Sarja,Raashi Khanna,India,Tamil|Telugu,4.7,,1461,25,,,"$15,951",,,https://www.imdb.com/title/tt27217053/,New Movies
Love Hurts,Action|Comedy|Romance,"A realtor is pulled back into the life he left behind after his former partner-in-crime resurfaces with an ominous message. With his crime-lord brother also on his trail, he must confront his past and the history he never fully bu...","title based on song,female pedal pumping,martial arts action,valentines day,valentine&apos;s day",2025-02-07,83,R,Jonathan Eusebio,Ke Huy Quan,Ariana DeBose,Mustafa Shakir,United States|Japan,English|Russian,5.3,34,18050,177,147,31.5K,"$17,529,487","$18,000,000 (estimated)","$5,800,440",https://www.imdb.com/title/tt30788842/,New Movies
28 Years Later,Horror|Sci-Fi|Thriller,"A group of survivors of the rage virus live on a small island. When one of the group leaves the island on a mission into the mainland, he discovers secrets, wonders, and horrors that have mutated not only the infected but other su...","island,british horror,franchise,zombie,post apocalypse",2025-06-20,115,R,Danny Boyle,Jodie Comer,Aaron Taylor-Johnson,Ralph Fiennes,United Kingdom|Canada|United States,English|Swedish,6.6,77,206228,2.2K,294,258K,"$151,329,249","$60,000,000 (estimated)","$30,002,966",https://www.imdb.com/title/tt10548174/,New Movies
I&apos;m Beginning to See the Light,Drama,"A tale of self-rediscovery seen through the eyes of a grief-stricken trumpeter, who finds salvation in a lighthouse and its two suicidal visitors.","suicidal thoughts,self rediscovery,trumpet,lighthouse,psychological drama",2025-05-02,104,,Konstantin Khudyakov,Jack Huston,Abbie Cornish,Mario Alverson,United States,English,7.1,,1209,2,6,1.1K,,,,https://www.imdb.com/title/tt20424814/,New Movies
Bambukat 2,Drama,"Disgraced and disowned, a defiant village inventor gets one last shot at redemption when a royal crash sparks a class war-forcing him to race not just for glory, but for justice.",,2026-02-20,173,,Pankaj Batra,Varun Narang,Karamjit Anmol,Raghavv Bbhanot,India,Punjabi,9.6,,2281,103,,,"$341,149",,,https://www.imdb.com/title/tt11173332/,New Movies
The Woman in the Yard,Drama|Horror|Thriller,"A mysterious woman repeatedly appears in a family&apos;s front yard, often delivering chilling warnings and unsettling messages, leaving them to question her identity, motives and the potential danger she might pose.","grieving wife,manifestation,guilt,mother son relationship,mother daughter relationship",2025-03-28,88,PG-13,Jaume Collet-Serra,Danielle Deadwyler,Okwui Okpokwasili,Peyton Jackson,United States,English,5,51,20607,285,96,35.4K,"$23,311,502","$12,000,000 (estimated)","$9,395,255",https://www.imdb.com/title/tt31314296/,New Movies
Come See Me in the Good Light,Documentary|Biography|Family,"Facing an incurable diagnosis, two poet lovers embark on a poignant yet unexpectedly humorous exploration of love, mortality, and life&apos;s moments.","lesbian couple,lesbian,female female relationship,poet,wife wife relationship",2025-11-14,104,TV-MA,Ryan White,Megan Falley,Andrea Gibson,Tig Notaro,United States,English,7.5,81,2966,19,31,10.9K,,,,https://www.imdb.com/title/tt34966013/,New Movies
The Ballad of Wallis Island,Comedy|Drama|Music,An eccentric lottery winner who lives alone on a remote island tries to make his fantasies come true by getting his favorite musicians to perform at his home.,"island,widower,lottery winner,guitar,remote island",2025-04-18,99,PG-13,James Griffiths,Tom Basden,Tim Key,Sian Clifford,United Kingdom,English,7.4,78,22490,140,99,55.4K,"$6,245,540",,"$94,233",https://www.imdb.com/title/tt27674982/,New Movies
Perusu,Comedy,"Two brothers discover their dead father isn&apos;t fully gone. As they attempt a secret funeral, chaos unfolds, forcing them to confront their strained bond and their father&apos;s enduring presence.",,2025-03-14,125,,Ilango Ramanathan,Niharika NM,Munishkanth,Redin Kingsley,India,Tamil|Telugu|Kannada|Malayalam,6.2,,1886,7,,,,,,https://www.imdb.com/title/tt30406302/,New Movies
Whistle,Horror,"A misfit group of unwitting high school students stumble upon a cursed object, an ancient Aztec Death Whistle. They discover that blowing the whistle and the terrifying sound it emits will summon their future deaths to hunt them d...","supernatural horror,lesbian,supernatural death,aztec death whistle,whistle",2026-02-06,100,R,Corin Hardy,Dafne Keen,Sophie Nélisse,Sky Yang,Canada|Ireland,English,5.2,55,9134,127,106,32.5K,"$4,110,930",,"$705,080",https://www.imdb.com/title/tt29550683/,New Movies
The Other,Horror|Thriller,"Unable to conceive, a couple seeks to build a family with a young orphan, survivor of a tragic childhood. But their act of love turns to horror when they realize the violence in their foster&apos;s past has returned to destroy the new ...","supernatural horror,male nudity,male rear nudity,bare chested male",2025-06-13,98,,Paul Etheredge,Olivia Macklin,Dylan McTee,Avangeline Friedlander,United States,English,4.8,,1423,32,10,2.7K,"$56,622",,,https://www.imdb.com/title/tt28498159/,New Movies
Kadiköy Bogasi,Comedy,A big-budget epic follows a man facing financial abuse who must overcome his struggles before he can tackle bigger challenges. His destiny hangs in the balance.,fenerbahce,2025-08-22,83,Not Rated,Bülent Terzioglu,Mustafa Basaran,Nurullah Celebi,Ilayda Sumak,Turkey,Turkish,1,,6923,5,,1.0K,"$322,277",,,https://www.imdb.com/title/tt37836776/,New Movies
Trainwreck: The Cult of American Apparel,Documentary,"American Apparel rises as a major fashion brand in the 2000s, but its success under CEO Dov Charney masks workplace issues. As financial troubles grow and harassment claims emerge, employees face the reality of a toxic environment.","tv mini series,american apparel,reenactment",2025-07-01,54,TV-MA,Sally Rose Griffiths,Dov Charney,Jonny Makeup,Carson Giles,United Kingdom|United States,English,6.1,,3213,11,12,2.1K,,,,https://www.imdb.com/title/tt36856482/,New Movies
The Roses,Comedy,A tinderbox of competition and resentments underneath the façade of a picture-perfect couple is ignited when the husband&apos;s professional dreams come crashing down.,"remake,dark comedy,satire comedy,architect,cooking",2025-08-29,105,R,Jay Roach,Olivia Colman,Benedict Cumberbatch,Kate McKinnon,United Kingdom|Australia|United States,English,6.6,58,54841,377,153,87.2K,"$51,989,385","$35,000,000 (estimated)","$6,265,264",https://www.imdb.com/title/tt31973693/,New Movies
Inheritance,Thriller,"When a young woman learns her father was once a spy, she suddenly finds herself at the center of an international conspiracy.","female topless nudity,female star appears topless,conspiracy thriller,calling someone a cunt,slapping a woman",2025-01-24,101,R,Neil Burger,Phoebe Dynevor,Rhys Ifans,José Alvarez,United States,English,5.7,55,3423,42,42,12.0K,"$425,035",,"$124,817",https://www.imdb.com/title/tt31050620/,New Movies
Kärlek fårever,Comedy|Romance,The plans of Stockholmers Hanna and Samuel of an intimate countryside wedding in Gotland are shattered by family and friends.,"love,wedding,marriage,countryside,eastern europe",2025-02-14,96,TV-14,Staffan Lindberg,Matilda Källström,Charlie Gustafsson,Kjell Bergqvist,Sweden,Swedish,5.2,,1928,6,16,,,,,https://www.imdb.com/title/tt30308957/,New Movies
Gekijô-ban Purojekuto Sekai Kowareta Sekai to Utaenai Miku,Animation|Comedy|Drama,Shibuya teen musician Ichika meets Hatsune Miku after hearing her song in a store. The pair work together to help Miku forge emotional connections through music.,"hatsune miku character,anime animation,anime,singer,vocaloid",2025-04-11,110,PG,Hiroyuki Hata,Masaki Aizawa,Akina,Yurina Amami,Japan,Japanese,6.5,,1455,67,10,3.4K,"$14,693,294",,"$2,826,012",https://www.imdb.com/title/tt33050528/,New Movies
The Thing with Feathers,Drama,"After a tragic loss, a grieving father tries to raise his young sons whilst dealing with an unlikely, unpredictable and uninvited houseguest.","father son relationship,beach,man crying,crow,brother",2025-11-21,98,R,Dylan Southern,Benedict Cumberbatch,Sam Spruell,David Thewlis,United Kingdom,English,5.7,48,2475,25,64,15.8K,"$752,705",,"$110,204",https://www.imdb.com/title/tt27773954/,New Movies
Novocaine,Action|Comedy|Crime,"When the girl of his dreams is kidnapped, a man incapable of feeling physical pain turns his rare condition into an unexpected advantage in the fight to rescue her.","unable to feel pain,kidnapping,congenital insensitivity to pain,dating,bar",2025-03-14,110,R,Dan Berk,Jack Quaid,Amber Midthunder,Ray Nicholson,Canada|South Africa|United States,English,6.5,58,86976,408,188,86.7K,"$34,536,061","$18,000,000 (estimated)","$8,809,436",https://www.imdb.com/title/tt29603959/,New Movies
Gentlewoman,Drama,"A married woman&apos;s husband mysteriously disappears, leading to revelations of his affair with a client. As authorities investigate, tensions rise between the two women amid growing suspicions.",,2025-03-07,113,,Joshua Sethuraman,Lijo Mol Jose,Hari Krishnan,Losliya Mariyanesan,India,Tamil,5.6,,2912,8,,,,,,https://www.imdb.com/title/tt35674559/,New Movies
Tanvi: The Great,Drama,"Tanvi Raina, a woman with autism learns of her deceased Indian Army father&apos;s dream to salute the flag at Siachen Glacier. Despite barriers facing those with autism in military service, she resolves to complete her mission.",,2025-07-18,150,,Anupam Kher,Shubhangi Dutt,Anupam Kher,Pallavi Joshi,India,Hindi|English,6.9,,11804,46,,2.0K,"$9,507",,,https://www.imdb.com/title/tt31598703/,New Movies
Nonnas,Comedy,"After losing his beloved mother, a man risks everything to honor her by opening an Italian restaurant with actual grandmothers as the chefs.","based on true story,pasta sauce,grandmas recipe,cooking italian food,family relationships",2025-05-09,111,PG,Stephen Chbosky,Vince Vaughn,Lorraine Bracco,Talia Shire,United States,English,6.8,56,46326,256,62,36.5K,,,,https://www.imdb.com/title/tt28309594/,New Movies
Mana ShankaraVaraprasad Garu,Comedy|Action,A security officer protecting his estranged wife and kids from a vengeful ex-cop sees it as a chance to rebuild their relationship after six years apart.,,2026-01-12,156,,Anil Ravipudi,Chiranjeevi,Nayanthara,Catherine Tresa,India,Telugu,5.8,,2746,60,,2.6K,"$855,939",,,https://www.imdb.com/title/tt28629017/,New Movies
Safe House,Action|Thriller,Six federal agents in hiding after LA terror attack grow suspicious of each other as they realize the perpetrator could be among them.,"british actress playing american character,martial law,film starts with text,one day timespan,female agent",2025-10-31,90,,Marshall Jamie,Brian Borello,Michael Bradway,Markina Brown,United States,English,5.4,,1560,21,10,2.9K,"$32,024",,,https://www.imdb.com/title/tt30954952/,New Movies
The Electric State,Action|Adventure|Comedy,"An orphaned teen hits the road with a mysterious robot to find her long-lost brother, teaming up with a smuggler and his wisecracking sidekick.","dystopia,robot sci fi,1990s,based on graphic novel,based on novel",2025-03-14,128,PG-13,Anthony Russo,Chris Pratt,Millie Bobby Brown,Woody Harrelson,United States,English,5.9,30,83792,730,125,80.0K,,"$320,000,000 (estimated)",,https://www.imdb.com/title/tt7766378/,New Movies
Primitive War,Action|Adventure|Horror,Vietnam. 1968. A recon unit known as Vulture Squad is sent to an isolated jungle valley to uncover the fate of a missing Green Beret platoon. They soon discover they are not alone.,"jungle,vietnam war,dinosaur adventure,dinosaur,morphine addict",2025-10-03,133,,Luke Sparke,Ryan Kwanten,Tricia Helfer,Nick Wechsler,Australia,English|Vietnamese,5.3,,8382,251,40,25.1K,"$1,261,992",,"$551,915",https://www.imdb.com/title/tt18312380/,New Movies
This Is Not a Test,Horror|Thriller,Follows Sloane and four other students who take shelter in their high school during a zombie outbreak.,"students,zombie,zombie horror,fast zombie,abusive father",2026-03-11,103,R,Adam MacDonald,Olivia Holt,Jeff Roop,Froy Gutierrez,Canada,English,4.6,36,1643,34,37,7.4K,"$213,951",,"$143,067",https://www.imdb.com/title/tt35669125/,New Movies
Caramelo,Comedy|Drama|Family,"After a life-changing diagnosis, a promising chef finds hope and humor with the help of a fur-midable dog friend.","animals family,talking to a dog,cook as protagonist,german shepherd,woman wears a leather jacket",2025-10-08,101,TV-14,Diego Freitas,Rafael Vitti,Arianne Botelho,Kelzy Ecard,Brazil,Portuguese,7.1,,8510,78,14,5.9K,,,,https://www.imdb.com/title/tt32549601/,New Movies
Queen of Chess,Documentary|Biography,"Hungarian chess prodigy Judit Polgár challenges champion Garry Kasparov and her controlling father over 15 years, breaking gender barriers to become the greatest female player ever and one of history&apos;s finest.","chess,chess player,female chess player,prodigy",2026-02-06,93,TV-PG,Rory Kennedy,Tatev Abrahamyam,Harut Akopyan,Bobby Fischer,United States,English|Hungarian,7.6,75,3641,26,15,5.6K,,,,https://www.imdb.com/title/tt39162904/,New Movies
Takita Tadimi Tandana,Drama|Romance,"Days before his wedding, A man&apos;s life implodes, yet he stays silent. As secrets surface, financial and social pressures mount. Can their love survive?",,2025-02-27,107,,Raj Lohith,Aditya Gana,Gangavva,Priya Kommineni,India,Telugu,7.7,,1101,,,,,"₹22,000,000 (estimated)",,https://www.imdb.com/title/tt35683447/,New Movies
Fussclass Dabhade,Drama,"The Dabhade family&apos;s wedding brings together laughter, chaos, and emotional moments as old conflicts resurface. Despite the tension, the family is reminded of the unbreakable bonds of love, loyalty, and shared history that define ...",,2025-01-24,156,,Hemant Dhome,Dilip Aphale,Sarpanch Atul,Pushkaraj Bhansali,India,Marathi,7.2,,5224,16,,,"$4,286",,,https://www.imdb.com/title/tt33337007/,New Movies
Black Bag,Drama|Mystery|Romance,"When intelligence agent Kathryn Woodhouse is suspected of betraying the nation, her husband - also a legendary agent - faces the ultimate test of whether to be loyal to his marriage, or his country.","spy thriller,spy,british secret intelligence service,color in title,drone strike",2025-03-14,93,R,Steven Soderbergh,Michael Fassbender,Gustaf Skarsgård,Cate Blanchett,United States,English|Latin|French|German,6.7,85,92093,477,232,134K,"$43,887,905","$50,000,000 (estimated)","$7,607,250",https://www.imdb.com/title/tt30988739/,New Movies
The Encampments,Documentary,Students flooded Columbia University&apos;s lawn to create the Gaza Solidarity Encampment in order to pressure their university to divest from the US and Israeli weapons companies.,"gaza genocide,columbia university,palestinian genocide,first amendment",2025-05-30,81,,Kei Pritsker,Sueda Polat,Mahmoud Khalil,Grant Miner,United States,English,6.6,72,1705,9,17,1.1K,"$555,860",,"$77,091",https://www.imdb.com/title/tt35423402/,New Movies
Hurry Up Tomorrow,Thriller,"An insomniac musician encounters a mysterious stranger, leading to a journey that challenges everything he knows about himself.","insomniac thriller,psychological thriller,blue,three word title,red",2025-05-16,105,R,Trey Edward Shults,The Weeknd,Jenna Ortega,Barry Keoghan,United States,English,4.2,29,12378,269,73,19.9K,"$7,763,862","$15,000,000 (estimated)","$3,312,692",https://www.imdb.com/title/tt26927452/,New Movies
Oh. What. Fun.,Comedy,"Claire plans a special Christmas, but is forgotten by her family. When they realize that she&apos;s missing, their holiday is at risk until she returns to give them the celebration they deserve.","holiday comedy,holiday season,christmas,female pedal pumping,brother in law sister in law relationship",2025-12-03,106,PG-13,Michael Showalter,Michelle Pfeiffer,Denis Leary,Felicity Jones,United States,English,5.3,38,14644,265,51,20.9K,,,,https://www.imdb.com/title/tt31998881/,New Movies
Oklahoma City Bombing: American Terror,Documentary|Crime,Examines the devastating 1995 Oklahoma City federal building bombing - the worst domestic terror attack in US history.,"davidians,standoff at waco,bomb squad,secondary bomb,waco",2025-04-18,83,TV-MA,Greg Tillman,Amy Downs,Renee Moore,Robin Marsh,United States,English,6.8,,3653,11,7,1.9K,,,,https://www.imdb.com/title/tt36351149/,New Movies
Zeta,Thriller,"A Spanish spy must track down a former spy involved in an undercover mission decades ago, while a Colombian agent is also after him. Secrets from the past are uncovered.",,2026-03-20,133,,Dani de la Torre,Mario Casas,Luis Zahera,Mariela Garriga,,,5.8,,2122,12,9,2.5K,,,,https://www.imdb.com/title/tt32880540/,New Movies
Hell House LLC: Lineage,Horror,"After a near-death experience, Vanessa Shepherd faces nightmares in Abaddon. As mysterious deaths occur around her, she discovers her connection to the Abaddon Hotel, Carmichael Manor, and decades of unexplained murders.","b horror,supernatural horror",2025-09-18,108,,Stephen Cognetti,Elizabeth Vermilyea,Searra Sawka,Mike Sutton,United States,English,4.1,,2388,83,24,6.8K,"$739,034","$14,000,000 (estimated)","$152,884",https://www.imdb.com/title/tt32916228/,New Movies
Pretty Thing,Thriller,Follows the story of a successful executive who struggles with a scorned young lover who takes his obsession too far.,"erotic thriller,mature woman seduces younger man,mature woman younger man sex,mother son relationship,woman has sex with stranger",2025-07-04,96,,Justin Kelly,Karl Glusman,Alicia Silverstone,Catherine Curtin,United States,English,4.2,,1248,21,16,3.2K,"$94,713",,,https://www.imdb.com/title/tt29474633/,New Movies
Five Nights at Freddy&apos;s 2,Horror|Mystery|Thriller,"One year after the supernatural nightmare at Freddy Fazbear&apos;s Pizza, Abby runs away to reconnect with her animatronic friends, uncovering dark secrets about the true origins of Freddy&apos;s and unleashing a horror hidden for decades.","bound and gagged,animatronic,woman bound and gagged,sequel,second part",2025-12-05,104,PG-13,Emma Tammi,Josh Hutcherson,Piper Rubio,Elizabeth Lail,United States|Canada,English,5.1,26,35732,759,117,53.8K,"$238,569,570","$51,000,000 (estimated)","$64,007,430",https://www.imdb.com/title/tt30274401/,New Movies
Nenapugala Maathu Madhura,,"Anthology weaving four stories about four friends. Blends mystery, suspense, and humor while exploring modern youth experiences and relationships.",,2026-02-01,117,,Afzal Superstars,Afzal Superstars,Sevenraj,Ranveer,India,Kannada,8,,1041,10,,,,,,https://www.imdb.com/title/tt34695998/,New Movies
Peter Pan&apos;s Neverland Nightmare,Horror|Mystery|Thriller,"Wendy Darling strikes out in an attempt to rescue her brother Michael from &apos;the clutches of the evil Peter Pan.&apos; Along the way she meets Tinkerbell, who will be seen taking heroin, believing that it&apos;s pixie dust.","serial killer,kidnapping,dark fantasy,slasher horror,reference to neverland",2025-01-13,89,Not Rated,Scott Chambers,Megan Placito,Martin Portlock,Kit Green,United Kingdom,English,4.8,50,4784,61,39,12.3K,"$1,561,361","£315,000 (estimated)","$8,418",https://www.imdb.com/title/tt21955520/,New Movies
Good Boy,Crime|Drama|Horror,"A 19-year-old criminal, Tommy, is kidnapped and forced into a rehabilitation process by a dysfunctional couple, Chris and Kathryn, who try to make him a &quot;good boy.&quot; Tommy must find a way to escape.","male bondage,teenager,19 year old boy,19 year old man,chained",2026-03-06,110,,Jan Komasa,Stephen Graham,Andrea Riseborough,Anson Boon,Poland|United Kingdom,English,6.9,63,5944,65,46,44.1K,"$999,920",,"$3,720",https://www.imdb.com/title/tt34381258/,New Movies
EPiC: Elvis Presley in Concert,Documentary|Music,"Follows Elvis Presley, featuring never-before-seen footage and recordings.","concert film,concert music,music documentary,never before seen footage,rock n roll",2026-02-27,96,PG-13,Baz Luhrmann,Elvis Presley,James Burton,Glen D. Hardin,Australia|United States,English,8.3,86,4153,129,62,10.0K,"$23,326,360",,"$3,215,438",https://www.imdb.com/title/tt35003538/,New Movies
Jolly LLB 3,Comedy|Drama,"Smart-alec Jolly Mishra and jugadu Jolly Tyagi clash in Judge Tripathi&apos;s court with witty banter, wild twists, and heartfelt chaos in this ultimate courtroom comedy.","legal drama,courtroom drama",2025-09-19,157,Not Rated,Subhash Kapoor,Akshay Kumar,Arshad Warsi,Saurabh Shukla,India,Hindi,6.4,,40372,253,15,8.6K,"$1,430,676",,,https://www.imdb.com/title/tt27996020/,New Movies
Dragon,Comedy|Drama|Romance,"After a devastating breakup, troubled student Ragavan abandons his studies and enters the dangerous world of financial fraud, pursuing wealth and power while becoming entangled in escalating deception.","coming of age,success,coming of age drama,psychological drama",2025-02-21,157,,Ashwath Marimuthu,Pradeep Ranganathan,Anupama Parameswaran,Kayadu Lohar,India,Tamil,7.8,,18408,132,8,12.7K,"$738,241",,,https://www.imdb.com/title/tt32080876/,New Movies
With Love,Comedy|Drama|Romance,"Sathya reluctantly agrees to a blind date arranged by his sister and meets Monisha. They discover they attended the same school years ago. Bonding over shared memories and old crushes, they reconnect with their past and grow closer.","romantic comedy,feel good romance",2026-02-06,141,,Madhan,Abishan Jeevinth,Anaswara Rajan,Saravanan,India,Tamil,7.7,,4657,94,4,2.4K,"$93,665",,,https://www.imdb.com/title/tt38123566/,New Movies
Muzzle: City of Wolves,Action|Drama|Horror,"Haunted ex-K-9 officer Jake&apos;s peaceful life is shattered when a gang brutally attacks his family. With new K-9 partner Argos, he uncovers a drug ring, confronts corrupt officials, and fights inner demons while pursuing the criminals.",,2025-11-14,93,R,John Stalberg Jr.,Tanya van Graan,Karl Thaning,Grant Ross,United States,English|Spanish,4.6,,1369,30,13,3.8K,"$137,764",,"$88,584",https://www.imdb.com/title/tt32395062/,New Movies
La Dolce Villa,Comedy|Romance,"A successful businessman travels to Italy to stop his daughter from spending all her money to restore an old villa, but Italy has other romantic plans.","love,couple,life,villa,romantic comedy",2025-02-13,99,TV-14,Mark Waters,Scott Foley,Violante Placido,Maia Reficco,United States,English,6,44,12567,60,19,10.4K,"$97,572",,,https://www.imdb.com/title/tt31519456/,New Movies
Köln 75,Biography|Drama|Music,"Vera Brandes, who, in 1975 and at the age of 18, staged the famous Köln Concert by jazz musician Keith Jarrett.","1970s,promoter,musician,teenage girl,cologne germany",2025-03-13,112,,Ido Fluk,Mala Emde,John Magaro,Michael Chernus,Germany|Poland|Belgium,German|English,7.1,62,1731,8,46,3.6K,"$300,004",,"$7,818",https://www.imdb.com/title/tt20414360/,New Movies
Patang,Comedy|Sport,Three friends bond and their coming of age graph against a backdrop of kite-flying as a sports event.,"childhood friends,love triangle,competition,kite flying",2025-12-25,162,,Praneeth Prattipati,Preethi Pagadala,Vamsi Pujit,Pranav Kaushik,India,Telugu,7,,2937,5,2,,,,,https://www.imdb.com/title/tt32334452/,New Movies
Samagwi,Action|Thriller,"Mantis, an ace assassin, returns to the contract killer industry after a hiatus, encountering his trainee friend Jae-yi and a retired legendary killer Dok-go, who now runs the organization.","spin off,fight,killer,assassin,organization",2025-09-26,113,TV-MA,Lee Tae Sung,Yim Si-wan,Park Gyuyoung,Jo Woo-jin,South Korea,Korean,5.3,,3908,48,21,3.3K,,,,https://www.imdb.com/title/tt33312131/,New Movies
Meesha,,"Deep in the wilderness, six friends reunite for dinner, each harboring dangerous motives that threaten their long-standing bonds.",,2025-08-01,131,,Emcy Joseph,Hasli Amaan,Jeo Baby,Shine Tom Chacko,India,Malayalam,6.5,,5577,6,,,,,,https://www.imdb.com/title/tt33291804/,New Movies
Sardaar Ji 3,Musical,"Ghost hunter Jaggi and spirit friend Pinky investigate a haunted castle in the UK. As they confront a defiant ghost and uncover a dark secret, Jaggi races against time to solve his most difficult case.",,2025-06-27,155,,Amar Hundal,Diljit Dosanjh,Neeru Bajwa,Hania Aamir,India,Punjabi,5.2,,8806,143,3,2.0K,"$2,613,007",,,https://www.imdb.com/title/tt33022037/,New Movies
Kraken,Action|Mystery|Sci-Fi,"When a Russian submarine vanishes in the Greenland Sea, Commander Viktor Voronin leads a rescue mission to find his brother. Meanwhile, a Kraken monster emerges after a polar station&apos;s destruction.","kraken,sea monster,monster movie,monster horror,english",2025-04-17,134,,Nikolay Lebedev,Aleksandr Petrov,Diana Pozharskaya,Viktor Dobronravov,Russia,Russian,5.3,,1771,15,5,1.4K,"$15,929,525","RUR 1,200,000,000 (estimated)",,https://www.imdb.com/title/tt28364592/,New Movies
Steve,Drama,"Follows headteacher Steve battling for his reform college&apos;s survival while managing his mental health. Concurrently, troubled student Shy navigates his violent tendencies and fragility, torn between his past and future prospects.","man with a beard,character name as title,one word title,jumping on a car,drinking coffee",2025-09-19,93,R,Tim Mielants,Cillian Murphy,Tracey Ullman,Jay Lycurgo,Ireland|United Kingdom,English,6.4,66,18682,112,62,48.4K,,,,https://www.imdb.com/title/tt32985279/,New Movies
Chokkor 302,Mystery|Thriller,"A dedicated cop probes a murder case as evidence disappears over time. Traditional investigative methods fail, leaving him to find justice for all those connected to this complex mystery.","conspiracy thriller,suspense mystery",2025-03-31,142,,Sharaf Ahmed Jibon,Mosharraf Karim,Shimu Reekita Nondine,Sarah Alam,Bangladesh,Bengali,7.3,,2029,25,,1.0K,,,,https://www.imdb.com/title/tt36108604/,New Movies
120 Bahadur,Action|Drama|History,"Valiant Indian soldiers fight against Chinese troops during the 1962 Sino-Indian War, preventing a potential occupation of Ladakh region in the Battle of Rezang La.",,2025-11-21,137,,Razneesh Ghai,Farhan Akhtar,Sparsh Walia,Vivan Bhatena,India,Hindi,7.1,,4687,108,9,2.7K,"$114,872",,,https://www.imdb.com/title/tt15911108/,New Movies
Thugs of Goa,Drama,"In Goa, con artist Amar and his team Saloni, Neha, and Vicky run scams until Officer Vijay forces Neha to spy on a minister&apos;s corrupt son. As Amar tries to protect his crew, he faces off against Vijay&apos;s pursuit of justice.",,2025-05-30,96,,Sai Patil,Suryansh Tripathi,Gayatri Bansode,Ruchika Singh,India,Hindi,5.7,,1023,,,,,,,https://www.imdb.com/title/tt37027085/,New Movies
The Monkey,Horror,"When twin brothers Bill and Hal find their father&apos;s old monkey toy in the attic, a series of gruesome deaths start. The siblings decide to throw the toy away and move on with their lives, growing apart over the years.","toy,evil toy,twin brothers,toy monkey,monkey",2025-02-21,98,R,Osgood Perkins,Theo James,Tatiana Maslany,Christian Convery,United States|United Kingdom|Canada,English,5.9,62,92123,602,251,89.6K,"$68,871,071","$10,000,000 (estimated)","$14,014,649",https://www.imdb.com/title/tt27714946/,New Movies
El cautivo,Adventure|Biography|Drama,"In 1575, the young Miguel de Cervantes is taken prisoner and sold to the fearsome Hassan, Bajá of Alger. While awaiting a ransom, he discovers an unexpected refuge in the art of storytelling...And he devises a daring escape plan.","gay character,male nudity,gay baths,gay cinema,gay attraction",2025-09-12,134,,Alejandro Amenábar,Julio Peña,Alessandro Borghi,Miguel Rellán,Spain|Italy,Spanish|Arabic|Italian,6,,2371,23,13,2.6K,"$6,338,696",,,https://www.imdb.com/title/tt31101921/,New Movies
Akhanda 2,Action|Drama|Fantasy,"A heartwarming journey explores the connection between children&apos;s innocence, the natural world, and spiritual faith as communities strive for progress.",supernatural fantasy,2025-12-03,164,,Boyapati Srinu,Nandamuri Balakrishna,Aadhi,Samyuktha Menon,India,Telugu|Hindi|Tamil|Kannada|Malayalam,5.4,,4760,65,,1.8K,"$226,989",,,https://www.imdb.com/title/tt15387182/,New Movies
Soyut Disavurumcu Bir Dostlugun Anatomisi Veyahut Yan Yana,Comedy|Drama,"A wealthy man, paralysed after an accident, hires a caregiver from a completely different background. The unlikely relationship between these two opposite characters soon transforms into a powerful friendship that changes their li...","car,picture,disabled,nurse,sick",2025-11-14,148,,Mert Baykal,Haluk Bilginer,Feyyaz Yigit,Hatice Aslan,Turkey,Turkish,7.8,,5778,28,3,3.2K,"$15,563,052",,,https://www.imdb.com/title/tt37529347/,New Movies
Vecina,Comedy,A 55-year-old woman obsessed with lawsuits moves into an apartment building and demands total silence. Her neighbors&apos; peaceful lives are disrupted as they unite to resist her unreasonable rules.,,2025-09-30,95,,Eugene Buica,Mircea Popa,Cristina Gabriela Buburuz,Constantin Bojog,Romania,Romanian|French|Italian|English,6.3,,1576,13,,,"$2,611,063",,,https://www.imdb.com/title/tt38023049/,New Movies
The Man in My Basement,Mystery|Thriller,"Charles Blakey, a man living in Sag Harbor, is stuck in a rut, out of luck and about to lose his ancestral home when a peculiar businessman offers to rent his basement for the summer.","american,man,male frontal nudity,male nudity,male rear nudity",2025-09-26,115,R,Nadia Latif,Corey Hawkins,Willem Dafoe,Anna Diop,United Kingdom|United States,English,4.6,51,3660,35,31,11.1K,"$2,942",,,https://www.imdb.com/title/tt12619462/,New Movies
Middle Class,Comedy|Drama,"Karl Marx dreams of owning a farm while living a routine life with his vocal wife and kids. When his chance finally arrives, pressure and chaos send him on a desperate rush to transform his future.","marriage comedy,quirky marriage,husband wife drama,middle class life,middle class family",2025-11-21,125,,Kishore M. Ramalingam,Munishkanth,Kaali Venkat,Vijayalakshmi Ahathian,India,Tamil,7.2,,1093,6,,,"$3,100",,,https://www.imdb.com/title/tt14465196/,New Movies
The Witcher: Sirens of the Deep,Animation|Action|Adventure,"Hired to probe seaside village attacks, mutant monster hunter Geralt unravels an age-old conflict between humans and sea people that threatens war between kingdoms. Aided by allies, he must solve the mystery before hostilities esc...","monster,spin off,sword,violence,witcher",2025-02-11,91,TV-MA,Kang Hei Chul,Doug Cockle,Joey Batey,Anya Chalotra,Poland|South Korea|United States,English|Polish,6.1,54,11161,101,21,11.5K,,,,https://www.imdb.com/title/tt15495150/,New Movies
Flirt,,"A stylish romantic entertainer filled with love, drama, and unexpected twists. Get ready to fall in love, laugh, and lose yourself in the madness of Flirt.",,2025-11-28,164,,Chandan Kumar,Avinash,Akshitha Bopaiah,Vinay Gowda,India,,7.7,,1024,,,,,,,https://www.imdb.com/title/tt39105162/,New Movies
Put Your Soul on Your Hand and Walk,Documentary|Drama|War,"A filmmaker connects with a Palestinian woman in Gaza who documents life under bombardment. Their 200+ days of digital exchanges, the meaning shifts after Fatem&apos;s death in an Israeli attack on 16/ April 2025.","title directed by female,gaza war,gaza strip,children,loss of loved one",2025-09-24,113,,Sepideh Farsi,Sepideh Farsi,Fatima Hassouna,,France|Occupied Palestinian Territory|Iran,English|Arabic|Persian,7.5,83,1041,7,46,3.0K,"$103,797",,"$1,994",https://www.imdb.com/title/tt36598711/,New Movies
Putulnacher Itikatha,Drama,"Like puppets on invisible strings, characters wrestle with fate and free will as their lives intertwine in unexpected ways.",,2025-08-01,136,,Suman Mukhopadhyay,Jaya Ahsan,Surangana Banerjee,Abir Chatterjee,India,Bengali,7.2,,1362,17,,,,,,https://www.imdb.com/title/tt33098141/,New Movies
Central,,"The story is about the hero who comes to Chennai Central from a small village due to his family situation, what kind of hardships does he experience in the name of capitalism and how does he recover from it.",,2025-07-18,122,,Bharathi Sivalingam,J. Vignesh,Perarasu,Soneshwari,India,Tamil,5.3,,1077,,,,,"₹15,000,000 (estimated)",,https://www.imdb.com/title/tt36616361/,New Movies
Il nibbio,Drama,"Nicola Calipari, an Italian secret service agent, risks his life to rescue a kidnapped journalist from an Iraqi terrorist cell. As they escape, Calipari is tragically killed while shielding the journalist.",tragedy drama,2025-03-06,108,,Alessandro Tonda,Claudio Santamaria,Sonia Bergamasco,Anna Ferzetti,Italy|Belgium,Italian|English|Arabic,6.6,,1137,7,5,1.0K,"$1,061,798","€7,324,508 (estimated)",,https://www.imdb.com/title/tt31702278/,New Movies
Utshob,Comedy|Drama|Family,"Jahangir, a local businessman, guided by spiritual revelations, learns the essence of generosity and community, transforming from a self-centered miser to a compassionate man.",,2025-06-07,113,,Tanim Noor,Zahid Hasan,Chanchal Chowdhury,Jaya Ahsan,Bangladesh,Bengali,8.4,,3101,73,6,1.2K,"$179,605",,"$53,000",https://www.imdb.com/title/tt37034643/,New Movies
Gut Nuiuseu,Action|Comedy|Crime,"In the 1970s, a covert team is determined to land a hijacked plane by any means necessary.","hijack,20th century,plane,airplane,1970s",2025-10-17,136,TV-MA,Byun Sung-hyun,Sul Kyung-gu,Hong Kyung,Ryu Seung-beom,South Korea,Korean|Japanese,6.6,,3604,33,19,4.6K,,,,https://www.imdb.com/title/tt33550069/,New Movies
Chaurya Paatham,,"Four criminals target India&apos;s most peaceful village for robbery, but their heist plans are disrupted when they discover the seemingly tranquil community harbors sinister secrets.",,2025-04-25,124,,Nikhil Gollamari,Indhra Ram,Payal Radhakrishna,Mast Ali,India,Telugu,7,,1350,,,,,,,https://www.imdb.com/title/tt31311161/,New Movies
Hari Hara Veera Mallu Part 1: Sword Vs Spirit,Action|Adventure|Thriller,"Veera Mallu, born of resistance, rises as a hero against Aurangzeb&apos;s ruthless rule. From the mines of Kollur to the Mughal throne, he dares the impossible - steal the Kohinoor and ignite a revolution.","period drama,one person army action,epic action,epic drama",2025-08-20,150,Not Rated,Radha Krishna Jagarlamudi,Pawan Kalyan,Nidhhi Agerwal,Bobby Deol,India,Telugu|Hindi|Tamil|Kannada|Malayalam,6.1,,8581,133,3,3.0K,"$360,253",,,https://www.imdb.com/title/tt2691804/,New Movies
F1,Action|Drama|Sport,A Formula One driver comes out of retirement to mentor and team up with a younger driver.,"motorsport,auto racing,motorsports sport,racing,race",2025-06-27,155,PG-13,Joseph Kosinski,Brad Pitt,Damson Idris,Javier Bardem,United States,English|Spanish|German|Italian,7.6,68,343429,1.9K,257,261K,"$634,042,436","$200,000,000 (estimated)","$57,001,667",https://www.imdb.com/title/tt16311594/,New Movies
Rudra Garuda Purana,Action|Drama,"A minister&apos;s son vanishes post-college. Officer Rudra finds he rode a BMTC bus with his girlfriend - a route stopped 25 years ago after an accident. How did the bus return, and where&apos;s Manu?",,2025-01-24,142,,K.S. Nandeesh,Manish Rishi,Avinash,Prabhakar,India,Kannada,5.3,,1008,3,,,,,,https://www.imdb.com/title/tt27827305/,New Movies
La hora de los valientes,Comedy|Crime,A psychoanalyst is sentenced to community service following a traffic accident and is assigned to provide therapeutic support to a police agent devastated by his wife&apos;s infidelity. The two will face unimaginable dangers together.,"police officer,redemption,police,psychoanalyst,agent",2025-12-19,107,TV-MA,Ariel Winograd,Luis Gerardo Méndez,Memo Villegas,Christian Tappan,Mexico|Argentina,Spanish,6.2,,1667,10,9,,,,,https://www.imdb.com/title/tt37961727/,New Movies
Influencers,Horror|Thriller,"In Southern France, a young woman&apos;s chilling fascination with murder and identity theft sends her life into a whirlwind of chaos.","stabbing neck,male rear nudity,male nudity,lesbian,suspense mystery",2025-12-12,110,,Kurtis David Harder,Veronica Long,Cassandra Naud,Paulo Saraiva,United States,English,5.9,75,4774,45,51,8.1K,,,,https://www.imdb.com/title/tt36833584/,New Movies
Raat Akeli Hai: The Bansal Murders,Drama,"After the Bansal family is found murdered, Inspector Jatil Yadav discovers a web of greed, betrayal and secrets leading to a lethal conspiracy.",,2025-12-19,136,TV-MA,Honey Trehan,Nawazuddin Siddiqui,Radhika Apte,Chitrangda Singh,India,Hindi,6.6,,4643,53,10,1.9K,,,,https://www.imdb.com/title/tt37443891/,New Movies
Paru Parvathy,Adventure,"A road trip from Bangalore to the Himalayan foothills becomes a transformative experience for two unlikely companions. Amidst stunning scenery, they navigate humor and heartache, their bond gradually unfolding.",,2025-01-31,161,,Rohit Keerti,Mahantesh Hiremath,Dhanesh Koliyat,Anthony Mark McKeon,India,Kannada,5.1,,1163,,,,$193,,,https://www.imdb.com/title/tt33512998/,New Movies
Nesippaya,Romance,"Two lovers, separated by life&apos;s circumstances, are reunited by a tragic fate - a murder. Arjun, driven by love for Diya, defies all odds, crosses boundaries, and braves the unknown to uncover the truth behind her tragic fate.",,2025-01-14,144,,Vishnuvardhan,Akash Murali,Aditi Shankar,R. Sarathkumar,India,Tamil,5.7,,2264,,,,"$3,007",,,https://www.imdb.com/title/tt27190164/,New Movies
Trust,Thriller,"A Hollywood actress hides in a remote cabin after a scandal, only to find herself betrayed and fighting for survival against someone she once trusted.","woman sits on a toilet,hollywood actress,fighting for survival,remote cabin,scandal",2025-09-04,90,R,Carlson Young,Sophie Turner,Rhys Coiro,Billy Campbell,United States,English,3.9,,2273,36,18,6.2K,"$368,313",,"$240,635",https://www.imdb.com/title/tt31314745/,New Movies
CMantham,Action|Crime|Musical,"A detective&apos;s relentless pursuit of a serial killer becomes a dangerous obsession as bodies multiply across the city. Each clue draws him deeper into darkness, blurring the boundaries between duty and destiny.",,2025-11-14,111,,Sudhakar Paani,Vajrayogi,Shreya Bharti,Praveen Dacharam,India,,8,,1539,,,,,,,https://www.imdb.com/title/tt37919259/,New Movies
She Said Maybe,Comedy|Drama|Romance,"A German-raised woman named Mavi learns of her Turkish noble heritage and enters a world of luxury, challenging her relationship as she navigates her newfound identity.",,2025-09-19,107,TV-MA,Buket Alakus,Mehmet Atesci,Beritan Balci,Ilknur Boyraz,Germany,German|Turkish,5,,1897,13,13,1.5K,,,,https://www.imdb.com/title/tt36754289/,New Movies
Valiant One,Thriller,"With tensions between North and South Korea, a US helicopter crashes on the North Korean side. Now the survivors must work together to protect a civilian tech specialist and find their way out without the help of US military support.","political thriller,close combat,hand to hand combat,machine gun battle,wood burning truck",2025-01-31,86,R,Steve Barnett,Chase Stokes,Lana Condor,Desmin Borges,United States,English|Korean,5,,1666,19,18,5.6K,"$1,254,945",,"$735,099",https://www.imdb.com/title/tt21442114/,New Movies
Green and Gold,Drama,"A struggling family farmer wagers everything on a high-stakes Championship bet, while his granddaughter&apos;s musical ambitions could be their ticket to a new beginning.","family relationships,young,1990s,green bay packers",2025-01-03,105,,Anders Lindwall,Brandon Sklenar,M. Emmet Walsh,Craig T. Nelson,United States,English,6.7,59,1030,22,15,6.2K,"$1,719,105",,"$705,989",https://www.imdb.com/title/tt15143042/,New Movies
Zuopiezi nuhai,Drama,"A single mother and her two daughters relocate to Taipei to open a night market stall, each navigating the challenges of adapting to their new environment while striving to maintain family unity.","night market,life,city,daughter,children",2025-11-28,108,R,Shih-Ching Tsou,Janel Tsai,Shih-Yuan Ma,Nina Ye,Taiwan|France|United States|United Kingdom,Mandarin|Min Nan,7.3,77,8051,34,88,15.2K,"$758,410",,,https://www.imdb.com/title/tt27722618/,New Movies
Black Diamond,Thriller,"Follows a young woman whose idyllic life with her hedge funder boyfriend turns it into a deadly triangle of lust, obsession and murder after meeting a local cowboy handyman.","murder,seductress,cheating girlfriend,woman seduces a man,obsession",2025-01-10,89,,Judd Bloch,Inbar Lavi,Jake McLaughlin,Shaun Sipos,United States,English,5.5,,1962,8,5,1.8K,,,,https://www.imdb.com/title/tt21065274/,New Movies
Crazxy,Drama|Thriller,Abhimanyu Sood. Good surgeon. Bad father. Questionable human being. He is having the worst day of his life.,conspiracy thriller,2025-02-28,93,,Saini Abhishek,Raja Sevak,Tinnu Anand,Shilpa Shukla,India,Hindi,6.6,,17981,203,15,4.9K,,,,https://www.imdb.com/title/tt30798612/,New Movies
Sly Lives! (aka the Burden of Black Genius),Documentary|Music,"It focuses on the life and legacy of Sly and the Family Stone, telling the story behind the rise, reign and fadeout of one of pop music&apos;s most influential artists.","reference to sly stone,reference to sly and the family stone,black,career,hulu",2025-02-13,112,,Questlove,Sly Stone,Greg Errico,Larry Graham,United States,English,7.6,77,1578,14,16,4.4K,,,,https://www.imdb.com/title/tt26424928/,New Movies
Jatadhara,Horror|Thriller,"Investigates the enigma of Anantha Padmanabha Swamy Temple, examining myths and theories about its alleged supernatural powers.",,2025-11-07,135,,Abhishek Jaiswal,Sudheer Babu Posani,Sonakshi Sinha,Divya Khossla,India,Telugu|Hindi,3.3,,1503,10,2,,"$19,603",,,https://www.imdb.com/title/tt32813410/,New Movies
Maa,Horror,"A mother transforms into the goddess Kali to battle a demon&apos;s curse involving fear, blood, and betrayal.",female pedal pumping,2025-06-27,133,,Vishal Furia,Kajol,Yaaneea Bharadwaj,Dibyendu Bhattacharya,India,Hindi|Tamil|Telugu|Bengali,4.9,,18926,151,31,6.3K,"$282,403",,,https://www.imdb.com/title/tt30496762/,New Movies
Ready or Not 2: Here I Come,Comedy|Horror|Thriller,"After surviving one deadly game, Grace and her sister Faith must now outrun four rival families competing for a powerful throne - winner takes all.","dark comedy,2nd installment,sequel,splatter horror,bound and gagged",2026-03-20,108,R,Matt Bettinelli-Olpin,Samara Weaving,Kathryn Newton,Elijah Wood,United States,English,7,58,10069,133,129,75.4K,"$25,140,970","$20,000,000 (estimated)","$9,075,271",https://www.imdb.com/title/tt33978029/,New Movies
Tin Soldier,Action|Biography|Drama,A former agent is recruited by the government for a dangerous mission that will force him to confront a past he would rather forget.,"2007,year 2007,man wears sunglasses,man rides a motorcycle,rain",2025-07-23,86,Not Rated,Brad Furman,Scott Eastwood,Jamie Foxx,Nora Arnezeder,United Kingdom|United States,English,3.3,,3969,54,17,6.9K,"$89,572","$45,000,000 (estimated)",,https://www.imdb.com/title/tt20258920/,New Movies
DNA,,"A new mom with BPD believes her baby was switched after birth. While others doubt her, her reformed addict husband races to find their real child before time runs out.",,2025-06-20,140,,Nelson Venkatesan,Mohd. Zeeshan Ayyub,Atharvaa Murali,Nimisha Sajayan,India,Tamil,7.1,,2733,29,,1.5K,"$22,207",,,https://www.imdb.com/title/tt29471661/,New Movies
Lookout,Horror|Sci-Fi|Thriller,"A young woman takes respite from her turbulent life and lands a job at a fire lookout tower, only to take a chilling turn when otherworldly phenomena begin to unfold.",,2025-09-02,80,,Stefan Colson,Meghan Carrasquillo,Trent Culkin,Robert Clark,United States,English,3.8,,1075,44,6,,,,,https://www.imdb.com/title/tt33523851/,New Movies
The Map That Leads to You,Drama|Romance,Heather&apos;s European adventure takes a turn when she meets Jack-sparking an unexpected emotional journey neither of them saw coming.,"male nudity,female nudity,male rear nudity,best friends,adaption of a novel",2025-08-20,96,PG-13,Lasse Hallström,Madelyn Cline,KJ Apa,Sofia Wylie,United States,English,6.2,48,13356,116,37,28.1K,,,,https://www.imdb.com/title/tt33549478/,New Movies
Franz,Biography|Drama|History,"It narrates the life of Czech writer Franz Kafka, from his birth to his death.","male frontal nudity,male nudity,male rear nudity,bare chested male,male star appears shirtless",2025-09-25,127,,Agnieszka Holland,Peter Kurth,Daniel Dongres,Idan Weiss,Czech Republic|Poland|Germany|France|Turkey,German|Czech|Yiddish|English|French|Japanese,6.2,69,1325,10,31,3.6K,"$740,571",,,https://www.imdb.com/title/tt17070412/,New Movies
Cleaner,Action|Drama|Thriller,"Criminal activists hijack a gala, taking 300 hostages. One extremist plans mass murder as a message to the world. An Ex-soldier turned window cleaner now works to rescue the hostages.","die hard scenario,autistic,terrorist,hostage situation,london england",2025-06-13,97,R,Martin Campbell,Poppy Townsend White,Dudley Watts,Calvin Warrington-Heasman,United Kingdom,English|Spanish,5.2,51,15625,176,75,23.2K,"$1,426,334","£25,000,000 (estimated)","$403,560",https://www.imdb.com/title/tt27812086/,New Movies
Antaratma,Drama,,,2025-03-31,135,,Wajed Ali Sumon,Darshana Banik,Masum Basher,Aruna Biswas,Bangladesh,Bengali,7,,1076,,,1.0K,,"$50,000 (estimated)",,https://www.imdb.com/title/tt21875178/,New Movies
Sahakutumbaanam,,An orphan girl named Siri becomes intrigued when she discovers her neighbor Kalyan&apos;s seemingly perfect family life is a facade. She investigates to uncover the truth behind his deceptive lifestyle.,,2025-12-19,135,,Sharma Uday,Megha Akash,Brahmanandam,Giridhar,India,Telugu,8.1,,2071,,,,,,,https://www.imdb.com/title/tt35448249/,New Movies
One Mile: Chapter One,Action|Adventure|Drama,"An ex-special forces operative goes off-the-grid when his daughter is kidnapped by a violent community. Alone and outnumbered, he&apos;s forced to use every skill he has to track them down, take them apart, and bring his daughter home.","psychological thriller,survival thriller,bound and gagged,psychological drama",2026-02-20,89,R,Adam Davidson,Ryan Phillippe,Amélie Hoeferle,Sara Canning,United States,English,5.6,,2050,34,4,6.5K,,,,https://www.imdb.com/title/tt24326458/,New Movies
Forbidden Fruits,Comedy|Horror,"At a mall store, Apple leads a secret witch cult with coworkers Cherry and Fig. New hire Pumpkin questions their sisterhood, forcing them to confront inner darkness or meet violent ends.","female nudity,nudity,inner darkness,witch cult,witches",2026-03-27,103,R,Meredith Alloway,Lili Reinhart,Jordan Duarte,Victoria Pedretti,United States,English,6.1,54,1010,26,35,20.6K,"$1,171,861",,"$1,171,861",https://www.imdb.com/title/tt30691214/,New Movies
Dude,Action|Comedy|Drama,"Childhood friends Agan and Kural are inseparable. When Kural encounters romantic troubles, Agan must balance his hidden feelings for her with his desire to ensure her happiness.",dude,2025-11-14,140,,Keerthiswaran,Pradeep Ranganathan,Mamitha Baiju,Neha Shetty,India,Tamil|Telugu|Kannada|Malayalam|Hindi,6.2,,9113,205,,4.5K,"$624,439",,,https://www.imdb.com/title/tt36388163/,New Movies
Gamblers,,"Players gather at a hidden casino to compete for a 100 crore prize. As they play, their secret agendas surface, transforming the game into a lethal competition.",,2025-06-06,102,,K.S.K. Chaitanya,Sangeeth Shobhan,Madhusudhan Rao,Srikanth Iyengar,India,Telugu,5.7,,1634,,,,,,,https://www.imdb.com/title/tt37039919/,New Movies
Eddington,Comedy|Drama|Western,"In May of 2020, a standoff between a small-town sheriff and mayor sparks a powder keg as neighbor is pitted against neighbor in Eddington, New Mexico.","coronavirus,male frontal nudity,male full frontal nudity,male nudity,male pubic hair",2025-07-18,148,R,Ari Aster,Joaquin Phoenix,Deirdre O&apos;Connell,Emma Stone,United States|United Kingdom|Finland,English,6.6,65,56537,388,215,141K,"$13,741,720","$25,000,000 (estimated)","$4,404,742",https://www.imdb.com/title/tt31176520/,New Movies
Phule,Biography,"A husband and wife, it was the time of child marriage when girl child was refused education and pushed into marriage, he chose to educate his wife and were a social reformer they went to campaign for increased rights for underpriv...","husband,girl,wife",2025-04-25,129,,Ananth Mahadevan,Pratik Gandhi,Patralekhaa Paul,Alexx O&apos;Nell,India,Hindi,8.1,,3143,72,7,2.1K,"$1,454",,,https://www.imdb.com/title/tt21108804/,New Movies
Qodrat 2,Action|Drama|Fantasy,"After losing his child, Ustadz Qodrat must face an even more difficult test. Now the Devil is targeting his wife, Azizah, to destroy Qodrat&apos;s faith so that he will bow down to the devil and leave Allah.","sequel,second part,martial arts action,supernatural horror,supernatural fantasy",2025-09-25,115,,Imron Ayikayu,Vino G. Bastian,Acha Septriasa,Della Dartyan,Indonesia|Malaysia,Indonesian,6.5,,1036,6,6,2.1K,,,,https://www.imdb.com/title/tt32433566/,New Movies
Song Sung Blue,Biography|Drama|History,"Lightning and Thunder, a Milwaukee husband and wife Neil Diamond tribute act, experience soaring success and devastating heartbreak in their musical journey together.","reference to neil diamond,man wears tighty whities,hairy chest,bare chested male,white briefs",2025-12-25,132,PG-13,Craig Brewer,Hugh Jackman,Kate Hudson,Ella Anderson,United States,English,7.2,61,22264,304,141,49.9K,"$57,885,234","$30,000,000 (estimated)","$7,073,630",https://www.imdb.com/title/tt30343021/,New Movies
Uruttu Uruttu,,"A village girl&apos;s heart unexpectedly belongs to a gang member who allegedly wronged her. As she defies her gangster father to protect him, their forbidden love unleashes chaos in their dangerous world.",,2025-11-11,111,,Baskar Sadhasivam,Gajesh Nagesh,Motta Rajendran,Rithvika Shreya,India,Tamil,6.1,,1201,,,,,,,https://www.imdb.com/title/tt38098022/,New Movies
Grizzly Night,Drama,"On August 12th, 1967, in Montana&apos;s Glacier National Park, the unthinkable happened: On the same night, nine miles apart, there were not one-but two-fatal grizzly bear attacks.",,2026-01-30,87,R,Burke Doeren,Charles Esten,Oded Fehr,Brec Bassinger,United States,English,4.5,,1085,24,25,2.0K,,"$3,000,000 (estimated)",,https://www.imdb.com/title/tt28500290/,New Movies
Made in Korea,Adventure|Drama,"After her boyfriend&apos;s betrayal leaves her alone in Seoul, Shenba faces isolation and cultural differences. Through personal growth and new friendships, she finds strength and lasting connections.","sentimental,friendship,seoul,heartfelt",2026-03-12,113,,Ra Karthik,Priyanka Arulmohan,Rishikanth,Park Hye-jin,India,Tamil|Hindi|Korean|Telugu|Kannada|Malayalam,6,,1753,77,13,,,,,https://www.imdb.com/title/tt38674977/,New Movies
Mutton Soup,Thriller,Mutton Soup is a suspense thriller. It is about a young wife and husband. They face some complications in the process of their marriage and after the marriage. Suddenly one incident will happen in their life.,,2025-10-10,132,,Rama Chandra Vattikuti,Shri Charan,Gopal Maharshi,Raman,India,,9.1,,1009,,,,,"₹30,000,000 (estimated)",,https://www.imdb.com/title/tt37969698/,New Movies
Mandya,Action|Crime|Drama,Four Boys come to Mandya from Different place of India to start their career in crime and extortion from builders and high profiles peoples and they succeed...One day things take a turn when one of them (ganpat) missing.,,2025-02-07,133,,Sanjay Niranjan,Akshitaa Agnihotri,Gavie Chahal,Prakash Dhotre,India,Kannada,6.3,,3871,110,,,,"₹80,000,000 (estimated)",,https://www.imdb.com/title/tt27530836/,New Movies
Kaalamega Karigindhi..?,Romance,"A Light, Heartwarming, and conflict-less film on School Nostalgia with a poetic touch in its narration.",school,2025-03-21,110,,Singara Mohan,Aswadh Chilukuri,Vinay Kumar,Aravind Mudigonda,India,Telugu,6.1,,1828,33,,,,"₹9,700,000 (estimated)",,https://www.imdb.com/title/tt18246324/,New Movies
Pariwar,Family,"Bhaskara Pillai (99) lies bedridden, awaiting his final moments, while his four sons, having secured their own fortunes, fixate on one thing-the diamond ring on his finger.",,2025-03-07,117,,Fahad Nandu,Hrishikesh,Indrans,Jagadish,India,Malayalam,5.6,,1343,3,,,"$7,080","₹50,000,000 (estimated)",,https://www.imdb.com/title/tt36021272/,New Movies
Greenland 2: Migration,Action|Adventure|Sci-Fi,The surviving Garrity family must leave the safety of the Greenland bunker and embark on a perilous journey across the decimated frozen wasteland of Europe to find a new home.,"family relationships,journey,post apocalypse,natural disaster,survival adventure",2026-01-09,98,PG-13,Ric Roman Waugh,Gerard Butler,Morena Baccarin,Roman Griffin Davis,United Kingdom|United States,English,5.2,49,24909,324,100,54.4K,"$44,854,163","$90,000,000 (estimated)","$8,401,148",https://www.imdb.com/title/tt14850054/,New Movies
The Mortuary Assistant,Horror,"Follows Rebecca Owens, a mortuary science graduate who takes a night job at River Fields Mortuary. What begins as a routine job soon turns sinister as she faces terrifying supernatural forces.","based on video game,monster horror,supernatural horror,psychological horror,mortuary",2026-03-27,91,Not Rated,Jeremiah Kipp,Willa Holland,Paul Sparks,John Adams,United States,English,3.9,,1440,43,49,8.4K,"$728,962",,"$259,338",https://www.imdb.com/title/tt36647890/,New Movies
Sonunda Sen,Comedy|Romance,"Asli decides not to spend Valentines&apos;s Day alone and made lots of plans but unexpected things happen and she finds herself in totally different story. Asli, in this unexpected story, discovers that love can knock on one&apos;s door at ...",,2026-03-27,91,,Doga Can Anafarta,Eda Ece,Kaan Yildirim,Kursat Demir,Turkey,Turkish,4.6,,1403,9,,,,,,https://www.imdb.com/title/tt39130911/,New Movies
Machante Malakha,Comedy,"An over-affectionate wife and a husband, who tries hard to adjust with it.",,2025-02-27,127,,Boban Samuel,Vineeth Thattil David,Shruthi Jayan,Manoj K.U.,India,Malayalam,3.9,,1054,6,,,"$9,287",,,https://www.imdb.com/title/tt28364526/,New Movies
The 100,Action,Emotional Action Thriller.,,2025-07-11,135,,Raghav Omkar Sasidhar,Anand,Balakrishna,Dhanya Balakrishna,India,Telugu,7.4,,5836,76,,,,,,https://www.imdb.com/title/tt15509506/,New Movies
8-ban deguchi,Action|Adventure|Horror,"A man becomes increasingly desperate when he realizes he is trapped in a subway station, needing to complete a mission to get out.","based on video game,metro station,psychological,liminal space,corridor",2025-08-29,95,PG-13,Genki Kawamura,Kazunari Ninomiya,Yamato Kochi,Naru Asanuma,Japan,Japanese,6.4,63,11353,80,56,27.4K,"$39,201,904",,,https://www.imdb.com/title/tt35222590/,New Movies
Baahubali: The Epic,Action|Drama,"A legendary warrior emerges from humble beginnings to challenge powerful forces threatening his homeland, as ancient prophecies and family bonds shape his journey.","period drama,epic action,epic drama,one person army action",2025-10-31,225,,S.S. Rajamouli,Prabhas,Rana Daggubati,Anushka Shetty,India,Telugu,8.3,79,2019,27,9,2.4K,"$1,287,642",,"$825,040",https://www.imdb.com/title/tt37893389/,New Movies
Caught Stealing,Action|Comedy|Crime,"When his neighbor asks him to take care of his cat, a former baseball prodigy now working as a bartender finds himself in the middle of gangsters without knowing why. He must use all his cunning to survive and understand what is h...","cat,cow,new york city,peeing on oneself,male rear nudity",2025-08-29,107,R,Darren Aronofsky,Austin Butler,Regina King,Zoë Kravitz,United States,English|Spanish|Yiddish,6.8,65,77181,414,205,119K,"$33,251,665",,"$7,803,925",https://www.imdb.com/title/tt1493274/,New Movies
Aaryan,Action|Crime|Thriller,"A struggling writer announces he&apos;ll commit the perfect crime, sparking a tense pursuit as police try to prevent his methodically planned killing spree.","conspiracy thriller,serial killer crime",2025-10-31,134,,Praveen K.,Chandru,Maanasa Choudhary,Abishek Joseph George,India,Tamil|Telugu|Malayalam|Kannada|Hindi,6.3,,3135,41,,1.1K,"$21,702",,,https://www.imdb.com/title/tt28434143/,New Movies
2k Love Story,Romance,"A film director studies perspectives of 2000s-born individuals on relationships through Monika and Karthik, friends running a wedding business. Their friendship faces challenges when a new woman arrives, testing if platonic bonds ...",,2025-02-14,127,,Suseenthiran,Jagaveer,Meenakshi,V. Jayaprakash,India,,5,,1025,,,,,,,https://www.imdb.com/title/tt33059320/,New Movies
Songs of Paradise,Drama|Family|Musical,"A young artist delves into the enigmatic life of the first female radio singer of Kashmir, who with her resilience and determination left an indelible mark on the world of music, inspired by the music of Raj Begum.",,2025-08-29,106,13+,Danish Renzu,Saba Azad,Soni Razdan,Zain Khan Durrani,United States|India,Hindi,7.1,,1427,18,11,,,,,https://www.imdb.com/title/tt6540996/,New Movies
Shinkansen daibakuha,Action|Crime|Drama,"A bullet train from Shin Aomori to Tokyo is rigged with a bomb that will explode if speed drops below 100 km per hour. As the attacker demands ransom, the conductor, passengers, and rail staff race to stop a disaster.","terrorism,disaster,train,remake,high speed",2025-04-23,134,TV-14,Shinji Higuchi,Tsuyoshi Kusanagi,Kanata Hosoda,Non,Japan,Japanese,6.2,63,9111,74,35,5.5K,,,,https://www.imdb.com/title/tt33452974/,New Movies
Kalamkaval,Crime|Drama,"A Kerala Police investigation in Kottayikonam escalates when small clues expose multiple disturbing cases and mysteries, while facing strategic obstacles throughout the probe.",,2025-11-27,139,,Jithin K. Jose,Mammootty,Vinayakan,Rajisha Vijayan,India,Malayalam|Tamil|Telugu|Hindi,7.2,,4015,96,4,2.5K,"$2,333,820",,,https://www.imdb.com/title/tt33500164/,New Movies
Ozzy Osbourne: No Escape from Now,Documentary|Biography|Music,"Ozzy Osbourne faces his identity and mortality after his world stops. Dealing with health issues and Parkinson&apos;s, he questions if he can perform again while music remains his life&apos;s cornerstone.",music documentary,2025-10-07,123,,Tania Alexander,Ozzy Osbourne,Sharon Osbourne,Kelly Osbourne,United States|United Kingdom,English,8.3,,2138,22,2,4.3K,,,,https://www.imdb.com/title/tt35922832/,New Movies
Materialists,Comedy|Drama|Romance,An ambitious young New York City matchmaker finds herself torn between the perfect match and her imperfect ex.,"wedding,dating,matchmaker,love,love triangle",2025-06-13,116,R,Celine Song,Dakota Johnson,Chris Evans,Pedro Pascal,United States|Finland|United Kingdom,English,6.2,70,93725,777,210,128K,"$107,949,056","$20,000,000 (estimated)","$11,338,642",https://www.imdb.com/title/tt30253473/,New Movies
Landlord,Action|Drama|Family,"In a village under a brutal landlord&apos;s rule, fear silences the poor and justice is denied. A young woman constable challenges the system. When an innocent family is burnt alive, outrage erupts into violent uprising.",,2026-01-23,156,,Jadesh Kumar Hampi,Rakesh Adiga,Avinash,Shishira Baikady,India,Kannada,5.7,,6002,121,,,,,,https://www.imdb.com/title/tt35509393/,New Movies
Diablo,Action|Thriller,"Kris Chaney, a recently released ex-convict embarks on a perilous mission. He kidnaps Elisa, daughter of Vicente, a powerful gangster, which puts them in danger from El Corvo, a psychopathic killer seeking revenge against Vicente&apos;...","hunted,one person army action,martial arts action,gangster crime,kidnapping",2025-06-13,91,R,Ernesto Díaz Espinoza,Scott Adkins,Marko Zaror,Alanna De La Rossa,Colombia|United States,English|Spanish,5.7,,4151,50,32,5.9K,"$8,047",,,https://www.imdb.com/title/tt27757546/,New Movies
The Taj Story,Drama,A man embarks on a court case regarding the construction of the Taj Mahal.,,2025-10-31,165,,Tushar Amrish Goel,Paresh Rawal,Zakir Hussain,Namit Das,India,Hindi,5,,8715,231,13,1.5K,"$20,105",,,https://www.imdb.com/title/tt32495339/,New Movies
Nan Jing zhao xiang guan,Drama|History|War,"During the 1937 Nanjing Massacre, postman A Chang posed as a photo developer, helping Japanese forces while secretly sheltering Chinese refugees. He later risked his life evacuating them and revealing evidence of the atrocities.","period drama,psychological drama,japanese,world war two,massacre",2025-07-25,137,,Ao Shen,Haoran Liu,Chuan-jun Wang,Ye Gao,China,Chinese,7.7,,3225,64,16,5.6K,"$422,785,908",,,https://www.imdb.com/title/tt36598036/,New Movies
Premam Madhuram,Comedy,"Childhood friends Vikram and Meghana drift apart as they pursue separate paths in the film industry. Years later, fate brings them back into each other&apos;s orbit, stirring up old feelings and new possibilities.",,2025-11-14,155,,Gandhi Reddy,Gandhi Reddy,Aishwarya Dinesh,Anusha Jain,India,Kannada,8.7,,1052,,,,,,,https://www.imdb.com/title/tt38875911/,New Movies
Premante,Comedy|Romance,"A couple&apos;s perfect marriage following their cute first meeting is tested when the wife grows suspicious of her husband&apos;s odd conduct, leading to a revelation that transforms their view of love.",,2025-12-19,137,,Navaneeth Sriram,Priyadarshi Pulikonda,Anandhi,Vennela Kishore,India,Telugu,6.2,,1355,10,,,"$7,456",,,https://www.imdb.com/title/tt32237099/,New Movies
Champion,Action|Drama|Sport,"In pre-independence Secunderabad, Michael - a gifted footballer chasing his London dream - gets entangled in an unexpected turn that changes the course of his life.",gift,2025-12-25,165,,Pradeep Advaitham,Roshann Meka,Anaswara Rajan,Kalyan Chakravarthy Nandamuri,India,Telugu,6.2,,1134,15,,,"$22,272",,,https://www.imdb.com/title/tt27136041/,New Movies
Ikkis,Action|Biography|Drama,An untold true story of India&apos;s youngest Param Vir Chakra awardee - Second Lieutenant Arun Khetarpal,,2026-01-01,144,,Sriram Raghavan,Dharmendra,Jaideep Ahlawat,Agastya Nanda,India,Hindi,6.1,,26357,157,12,2.7K,"$62,514","₹1,250,000,000 (estimated)",,https://www.imdb.com/title/tt15464188/,New Movies
Gulkand,Comedy|Drama|Family,"A nostalgic romance unfolds when former lovers reconnect in their later years, facing new challenges and rediscovering the sweet complexities of love despite their age.",,2025-05-01,146,,Sachin Goswami,Sameer Chowgule,Sai Tamhankar,Prasad Oak,India,Marathi,7.5,,1497,11,5,,,,,https://www.imdb.com/title/tt32155764/,New Movies
Partir un jour,Comedy|Drama|Musical,"A rising chef, about to open her own restaurant in Paris, must return to her hometown for a family emergency. Far from city life, her memories resurface and her certainties are shaken.","restaurant kitchen,ice skating,singing,pregnancy test,vomiting",2025-05-14,98,Not Rated,Amélie Bonnin,Juliette Armanet,Bastien Bouillon,François Rollin,France,French,6.3,41,1356,3,43,1.6K,"$5,409,705",,,https://www.imdb.com/title/tt35453969/,New Movies
Peter Hujar&apos;s Day,Biography|Drama|History,Conversation between photographer Peter Hujar and Linda Rosenkrantz from 1974 sheds light on New York&apos;s vibrant downtown art world and the introspective journey of an artist&apos;s life.,"gay,gay actor gay character,year 1974,gay interest,gay protagonist",2025-11-06,76,Unrated,Ira Sachs,Rebecca Hall,Ben Whishaw,,United States|Germany|United Kingdom|Spain,English,6.3,82,1310,10,64,6.7K,"$333,318",,"$47,651",https://www.imdb.com/title/tt34250044/,New Movies
Badmashulu,Comedy|Drama,"Two mischievous middle-aged friends regularly stir up trouble in their village, causing chaos. A police constable tries to keep their antics under control.",,2025-06-06,118,,Shankar Cheguri,Mahesh Chintala,Muralidhar Goud,Vidyasagar Karampuri,India,Telugu,8.2,,1125,,,,,,,https://www.imdb.com/title/tt35714800/,New Movies
Evil Influencer: The Jodi Hildebrandt Story,Documentary|Crime,"Unravel the case of Utah therapist Jodi Hildebrandt, whose child abuse arrest with parenting Youtuber Ruby Franke exposed a twisted tale of manipulation.","abuse,psychology,child abuse,church of jesus christ of latter day saints,reference to jodi hildebrandt",2025-12-30,100,TV-MA,Skye Borgman,Jodi Hildebrandt,Jessica Bate,Eric Clarke,United States,English,6.1,,3852,27,11,2.4K,,,,https://www.imdb.com/title/tt39049795/,New Movies
Ash,Action|Adventure|Horror,A woman wakes up on a distant planet and finds the crew of her space station viciously killed. Her investigation into what happened sets in motion a terrifying chain of events.,"cosmic horror,trapped in space,space sci fi,arthouse horror,space station",2025-03-21,95,R,Flying Lotus,Eiza González,Aaron Paul,Iko Uwais,United States,English,4.6,63,16588,188,79,33.2K,"$1,083,743",,"$689,144",https://www.imdb.com/title/tt17489650/,New Movies
L&apos;Inconnu de la Grande Arche,Biography|Drama|History,"The story of Otto von Spreckelsen, a real-life architecture teacher from Copenhagen, who surprised the world when he won an open-call competition launched by French president François Mitterrand.","architect,dog,1980s,paris france,bare chested male",2025-11-05,104,,Stéphane Demoustier,Claes Bang,Sidse Babett Knudsen,Xavier Dolan,France|Denmark,French|English|Danish|Italian,6.9,,1310,4,34,3.3K,"$2,183,772","€6,000,000 (estimated)",,https://www.imdb.com/title/tt32398150/,New Movies
Neerukulla 35km,Thriller,"A sacred idol&apos;s theft leads to the hero&apos;s friend&apos;s mysterious death. Returning to investigate, he unravels hidden secrets behind the theft and murder.",,2025-03-07,155,,Ramesh Plassi,RK Little Star,Riddhi Oberoi,Chandra Teja,India,Telugu,7.4,,1583,,,,,,,https://www.imdb.com/title/tt35146735/,New Movies
Marching Powder,Action|Comedy|Crime,"Middle-aged Jack, arrested for drugs, strives in 6 weeks to repair marriage, curb bullying in-law, and guide stepbrother Kenny Boy, but his efforts fail as life spirals out of control.","breaking the fourth wall,reference to jeremy corbyn,cocaine,dark comedy,soccer hooligan",2025-03-07,96,,Nick Love,Danny Dyer,Stephanie Leonidas,Calum MacNab,United Kingdom,English,5.3,39,3853,70,12,4.7K,"$4,056,048",,,https://www.imdb.com/title/tt30324320/,New Movies
Pabrik Gula,Horror|Thriller,"Seasonal workers at a sugar factory face growing terror after one follows a mysterious figure at night. Accidents and brutal deaths follow, revealing angry spirits from a nearby demon realm now demanding lives.","ghost,based on twitter thread,terror,resident,factory",2025-08-07,133,Not Rated,Awi Suryadi,Arbani Yasiz,Ersya Aurelia,Erika Carlina,Indonesia,Indonesian,5.9,,2962,19,6,3.3K,"$720,992",,,https://www.imdb.com/title/tt33349807/,New Movies
Arco,Animation|Adventure|Fantasy,"In 2075, a girl witnesses a mysterious boy in a rainbow suit fall from the sky. He comes from an idyllic far future where time travel is possible. She shelters him and will do whatever it takes to help him return to his time.","the future,dome,one word title,forest,forest fire",2025-11-14,88,PG,Ugo Bienvenu,Margot Ringard Oldra,Oscar Tresanini,Nathanaël Perrot,France|United States|United Kingdom,French|English,7.3,72,5639,35,79,18.1K,"$5,184,434",,"$37,638",https://www.imdb.com/title/tt14883538/,New Movies
Ghatikachalam,Horror|Thriller,"A timid medical student, Kaushik, finds himself battling not only his inner demons but also a malevolent spirit named Ghatikachalam, who haunts his mind. As his family seeks answers through spiritual remedies.",spine chilling,2025-05-31,120,,Amar Kamepalli,Nikhil Devadula,Durga Devi,Aarvika Gupta,India,Telugu,6,,1184,7,,,,"₹50,000,000 (estimated)",,https://www.imdb.com/title/tt34117876/,New Movies
Restart,Comedy|Romance,"Mohamed, a humble phone technician, dreams of marrying Afaf, a small-time influencer.",,2025-05-29,96,,Sarah Wafiq,Tamer Hosny,Hana El Zahed,Basem Samrah,Egypt,Arabic,3.5,,1431,44,,1.0K,"$2,017,546",,,https://www.imdb.com/title/tt35220464/,New Movies
Tere Ishk Mein,Action|Drama|Musical,"Shankar and Mukti&apos;s intense love story unfolds against the backdrop of Benaras, exploring surrender and transformation through an all-consuming romance that heals, hurts and changes them.","jail,widower,crying,police officer,humiliation",2025-11-28,167,,Aanand L. Rai,Dhanush,Kriti Sanon,Priyanshu Painyuli,India,Hindi|Tamil|Telugu,6.2,,31016,462,,8.3K,"$993,721",,,https://www.imdb.com/title/tt28142095/,New Movies
The Family Plan 2,Action|Comedy|Family,"Now that Dan’s assassin days are behind him, all he wants for Christmas is quality time with his kids. But when he learns his daughter has her own plans, he books a family trip to London—putting them all in the crosshairs of an un...","buffalo new york,necklace,fat man,talking on the phone,kiss",2025-11-21,106,PG-13,Simon Cellan Jones,Mark Wahlberg,Michelle Monaghan,Kit Harington,United States|United Kingdom,English,5.6,38,15877,111,31,18.1K,,,,https://www.imdb.com/title/tt34276058/,New Movies
H Is for Hawk,Drama,"After losing her beloved father, Helen finds herself saved by an unlikely friendship with a stubborn hawk named Mabel.","tragedy drama,hawk,title directed by female,training a hawk,docudrama drama",2026-01-23,119,PG-13,Philippa Lowthorpe,Claire Foy,Brendan Gleeson,Denise Gough,United Kingdom|Singapore|United States,English,6.5,63,1281,38,46,8.7K,"$2,452,299",,"$147,473",https://www.imdb.com/title/tt10329560/,New Movies
Descendent,Drama|Horror|Mystery,"A troubled LA school guard, haunted by family tragedy, experiences strange visions after a mysterious light appears in the sky. As his wife&apos;s due date approaches, he races to face his demons before his growing obsession consumes him.",psychological thriller,2025-08-15,96,Not Rated,Peter Cilella,Ross Marquand,Sarah Bolger,Susan Wilder,United States,English,4.8,,1754,41,30,4.3K,"$8,163",,"$4,210",https://www.imdb.com/title/tt35521703/,New Movies
Sarah Silverman: PostMortem,Documentary|Comedy,"After losing both parents, Sarah Silverman turns grief into comedy, finding humor in funeral planning and final moments with her mother while maintaining her characteristic wit.","stand up comedy,stand up comedy special",2025-05-20,63,TV-MA,Sarah Silverman,Sarah Silverman,,,United States,English,6.4,,1335,11,3,,,,,https://www.imdb.com/title/tt36473825/,New Movies
La città proibita,Action|Romance,"The son of an indebted restaurant owner joins a foreign girl. He looks for his father, she&apos;s in search of her sister. Together, they&apos;ll have to fight side by side against the most ruthless members of the Roman criminal underworld.","kung fu,rome italy,fight,criminal,one person army action",2026-03-17,139,,Gabriele Mainetti,Enrico Borello,Yaxi Liu,Marco Giallini,Italy,Italian|Chinese,6.8,,2820,17,53,3.1K,"$1,820,645","€17,000,000 (estimated)",,https://www.imdb.com/title/tt27766538/,New Movies
Ek Chatur Naar,Comedy,"Set in a quirky small-town India, a seemingly naive yet razor-sharp woman outsmarts everyone. Ambitious and cunning, she seizes a lucrative chance, only to face unpredictable twists and darkly comic turns that test her wits at eve...",,2025-09-12,134,,Umesh Shukla,Divya Khossla,Neil Nitin Mukesh,Chhaya Kadam,India,Hindi,6.6,,7465,138,5,1.8K,,,,https://www.imdb.com/title/tt37970307/,New Movies
Luo Xiaohei zhan ji 2,Animation|Action|Adventure,"The film tells the story of a &quot;new mission&quot; from the Monster Hall. Faced with a series of mysteries, Xiaohei and his senior sister Luye embark on a new adventure to find the truth.","hand drawn animation,donghua,sequel,guoman,2d animation",2025-09-05,120,,Jie Gu,Xin Shan,Chenyang Fu,Seth Fuentes,China,Mandarin|Chinese|Japanese,8,,1317,31,2,3.6K,"$3,687,980",,"$229,205",https://www.imdb.com/title/tt37284198/,New Movies
Bridget Jones: Mad About the Boy,Comedy|Drama|Romance,"After jumping back into the dating pool, single mother Bridget Jones finds herself caught between a younger man and her son&apos;s science teacher.","widowed mother,single mother,climbing a tree,jumping into a pool with clothes on,widow",2025-02-13,124,R,Michael Morris,Renée Zellweger,Chiwetel Ejiofor,Leo Woodall,United Kingdom|France|United States,English,6.5,72,33953,226,114,36.5K,"$140,433,351","$50,000,000 (estimated)",,https://www.imdb.com/title/tt32063050/,New Movies
Georokhan: Demun heonteoseu,Action|Fantasy|Horror,An occult action film in which a team of several people fight against evil spirits.,"evil,spirit,hunter",2025-05-02,91,,Lim Dae-hee,Ma Dong-seok,Seohyun,Mitch Craig,South Korea,Korean,4.8,,1765,21,21,3.9K,"$6,618,803",,,https://www.imdb.com/title/tt15766876/,New Movies
I&apos;m Chevy Chase and You&apos;re Not,Documentary|Biography,"Chevy Chase rose to fame on SNL before becoming a movie star in the 1980s. Known for physical comedy and deadpan delivery, his career later declined amid reports of difficult behavior.","actor name in title,documentary subject&apos;s name in title,claim in title,entertainment documentary,name in title",2026-01-02,97,TV-14,Marina Zenovich,Chevy Chase,Peter Aaron,Ned Chase,United States,English,6.8,64,2226,25,14,2.7K,,,,https://www.imdb.com/title/tt36956674/,New Movies
Eagles of the Republic,Action|Drama|Thriller,"Egypt&apos;s most adored actor, George Fahmy, falls into disgrace with the authorities overnight. On the verge of losing everything, George is forced to accept an offer he can&apos;t refuse.","film about a film,political drama,adultery,political thriller,propaganda",2026-04-17,129,,Tarik Saleh,Cherien Dabis,Fares Fares,Amr Waked,Sweden|France|Denmark|Finland|Germany,Arabic,6.6,74,1230,11,26,5.0K,"$1,447,449","€9,000,000 (estimated)",,https://www.imdb.com/title/tt30781967/,New Movies
Langlang shan xiao yao guai,Animation|Comedy|Drama,"The little pig demon decided to leave Langlang Mountain and form a grassroots team with the toad demon, the weasel demon, and the gorilla demon, to start the journey to the west.","hand drawn animation,chinese animation,2d animation,sequel to a short form,donghua",2025-08-02,118,,Shui Yu,Ziping Chen,Yang Lu,Wenliang Dong,China,Mandarin,7.9,,1885,13,3,2.4K,"$1,745,461",,,https://www.imdb.com/title/tt36733027/,New Movies
Nidurinchu jahapana,Drama,"In a coastal Andhra fishing village, love and innocence intertwine with inner turmoil. Hearts navigate moral dilemmas while facing external pressures, as relationships evolve through harsh realities.",,2025-02-14,118,,Prasanna Kumar Devarapalli,Aanand Vardhan,Navami Gayak,Krishna Murali Posani,India,Telugu,7.3,,2135,2,,,,₹3 (estimated),,https://www.imdb.com/title/tt28455855/,New Movies
Brute 1976,Horror,In 1976 a group of people in the desert for a photo shoot stumble upon an abandoned town called Savage. But they are not alone. A family of masked psychopaths have claimed Savage as their own and are hell bent on living up to its ...,"female rear nudity,female nudity,female frontal nudity,female full frontal nudity",2025-09-30,105,,Marcel Walz,Adriane McLean,Sarah French,Gigi Gustin,United States,English,4.2,,1460,19,30,2.6K,,,,https://www.imdb.com/title/tt30561103/,New Movies
Chô Kaguya-hime!,Animation|Drama|Fantasy,"17-year-old Iroha leads a busy life juggling school and part-time work. Enter Kaguya, a mysterious girl from the moon who crash-lands into her life.","anime animation,singing,song,pop music,female protagonist",2026-01-22,143,PG,Shingo Yamashita,Yuko Natsuyoshi,Anna Nagase,Saori Hayami,Japan,Japanese,7.1,,2133,58,16,1.9K,"$9,491,252",,,https://www.imdb.com/title/tt38872297/,New Movies
Miracle: The Boys of &apos;80,Documentary|History|Sport,A young hockey team enters the 1980 Olympics as underdogs and emerges as heroes. Their iconic upset unfolds with new footage and firsthand reflections.,"year 1980,winter sport,winter olympics,ice hockey,the olympic games",2026-01-30,108,TV-14,Max Gershberg,Herb Brooks,John Powers,Craig Patrick,United States,English,7.9,,1578,12,7,1.5K,,,,https://www.imdb.com/title/tt39320452/,New Movies
Titan: The OceanGate Disaster,Documentary,Titan: The OceanGate Disaster examines CEO Stockton Rush&apos;s quest to become the next billionaire innovator and the doomed underwater endeavor that called into question the price of ambition in the depths of the ocean.,"submersible,sea,wreck,ocean,accident",2025-06-11,111,TV-MA,Mark Monroe,Stockton Rush,Emily Hammermeister,David Lochridge,United States,English,6.7,58,10351,73,17,5.7K,,,,https://www.imdb.com/title/tt35628853/,New Movies
Eko,Adventure|Mystery,"In misty Kaattukunnu hills, an elderly woman and her caretaker confront past memories while a hunted dog breeder named Kuriyachan eludes capture. As searchers arrive, buried secrets emerge.",,2025-11-21,125,,Dinjith Ayyathan,Sandeep Pradeep,Biana Momin,Saurabh Sachdeva,India,Malayalam|Hindi|Tamil|Telugu|Kannada,7.7,,9314,130,7,5.6K,"$1,342,756",,,https://www.imdb.com/title/tt36616410/,New Movies
Helloween,Horror,"During 2016&apos;s &quot;killer clown&quot; craze, Dr. Marks and journalist Parker trace the source to jailed serial killer Cane recruiting followers for an anarchist movement. When Cane escapes, they race to stop his murderous Halloween scheme.",clown,2025-09-05,80,,Phil Claydon,Ronan Summers,Jeanine Nerissa Sothcott,Caroline Wilde,United Kingdom,English,3.5,,2178,12,31,,,,,https://www.imdb.com/title/tt31065246/,New Movies
The Twister: Caught in the Storm,Documentary,"It is graduation day in Joplin, Missouri. As the Class of 2011 collect their diplomas, their hometown is hit by a rare EF-5 tornado. Believing it could be the end of the world, a group of teenagers find themselves in the eye of th...","natural disaster,joplin missouri,high school student,tornado,f word",2025-03-19,89,TV-MA,Alexandra Lacey,Mac Wright,Kaylee Parker,Chad Crilley,United Kingdom,English,6.8,,4858,61,7,3.5K,,,,https://www.imdb.com/title/tt35882698/,New Movies
Ponman,Comedy|Drama,"Gold dealer Ajesh lends precious sovereigns for a village wedding, but finds himself in danger when the bride&apos;s criminal husband schemes to keep the gold and silence him forever.",,2025-01-30,125,,Jotish Shankar,Basil Joseph,Sajin Gopu,Lijo Mol Jose,India,Malayalam,7.4,,9260,74,4,3.9K,"$425,812",,,https://www.imdb.com/title/tt30089457/,New Movies
